{
"type": "FeatureCollection",
"name": "americas_countries",
"crs": { "type": "name", "properties": { "name": "urn:ogc:def:crs:OGC:1.3:CRS84" } },
"features": [
{ "type": "Feature", "properties": { "name": "Venezuela", "continent": "South America" }, "geometry": { "type": "MultiPolygon", "coordinates": [ [ [ [ -60.73583984375, 9.203320312499997 ], [ -60.94140625, 9.105566406249991 ], [ -60.907275390624989, 9.1787109375 ], [ -60.73583984375, 9.203320312499997 ] ] ], [ [ [ -63.893115234374989, 11.167236328125 ], [ -63.817285156249994, 11.000341796874991 ], [ -63.917626953124994, 10.887548828124991 ], [ -64.40234375, 10.981591796874994 ], [ -64.213671874999989, 11.086132812499997 ], [ -64.0283203125, 11.001855468749994 ], [ -63.893115234374989, 11.167236328125 ] ] ], [ [ [ -65.2125, 10.906445312499997 ], [ -65.266406249999989, 10.883984375 ], [ -65.414648437499991, 10.937890625 ], [ -65.30234375, 10.973828125 ], [ -65.2125, 10.906445312499997 ] ] ], [ [ [ -60.861425781249991, 8.949609375 ], [ -61.059960937499994, 8.847021484374991 ], [ -61.069189453124991, 8.947314453124989 ], [ -60.915820312499989, 9.0703125 ], [ -60.861425781249991, 8.949609375 ] ] ], [ [ [ -60.017529296874997, 8.54931640625 ], [ -59.849072265624997, 8.248681640624994 ], [ -60.032421875, 8.053564453124991 ], [ -60.513623046874997, 7.813183593749997 ], [ -60.718652343749994, 7.535937499999989 ], [ -60.606542968749991, 7.320849609374989 ], [ -60.63330078125, 7.211083984374994 ], [ -60.345068359374991, 7.15 ], [ -60.352099609374989, 7.002880859374997 ], [ -60.717919921874994, 6.768310546875 ], [ -61.145605468749991, 6.69453125 ], [ -61.20361328125, 6.58837890625 ], [ -61.128710937499989, 6.214306640624997 ], [ -61.390820312499997, 5.938769531249989 ], [ -60.671972656249991, 5.164355468749989 ], [ -60.627587890624994, 4.892529296874997 ], [ -61.002832031249994, 4.535253906249991 ], [ -61.280078124999989, 4.516894531249989 ], [ -61.554248046874989, 4.287792968749997 ], [ -62.153125, 4.098388671875 ], [ -62.41064453125, 4.15673828125 ], [ -62.712109375, 4.017919921874991 ], [ -62.764599609374997, 3.672949218749991 ], [ -62.856982421874989, 3.593457031249997 ], [ -62.968652343749994, 3.593945312499997 ], [ -63.338671874999989, 3.943896484374989 ], [ -64.021484375, 3.929101562499994 ], [ -64.192480468749991, 4.126855468749994 ], [ -64.576367187499997, 4.139892578125 ], [ -64.788671875, 4.276025390624994 ], [ -64.668994140624989, 4.011816406249991 ], [ -64.22109375, 3.58740234375 ], [ -64.218847656249991, 3.2046875 ], [ -64.009033203125, 2.671875 ], [ -64.046582031249997, 2.502392578124997 ], [ -63.389257812499991, 2.411914062499989 ], [ -63.393945312499994, 2.222509765624991 ], [ -64.008496093749997, 1.931591796874997 ], [ -64.205029296874997, 1.529492187499997 ], [ -65.0265625, 1.158447265625 ], [ -65.473388671875, 0.691259765624991 ], [ -65.556054687499994, 0.68798828125 ], [ -65.522998046874989, 0.843408203124994 ], [ -65.644677734374994, 0.970361328124994 ], [ -66.301660156249994, 0.751953125 ], [ -66.876025390624989, 1.223046875 ], [ -67.210839843749994, 2.39013671875 ], [ -67.618701171874989, 2.793603515624994 ], [ -67.859082031249997, 2.793603515624994 ], [ -67.311132812499991, 3.415869140624991 ], [ -67.66162109375, 3.8642578125 ], [ -67.855273437499989, 4.506884765624989 ], [ -67.824902343749997, 5.270458984374997 ], [ -67.473876953125, 5.929980468749989 ], [ -67.481982421874989, 6.180273437499991 ], [ -67.859179687499989, 6.289892578124991 ], [ -68.471777343749991, 6.156542968749989 ], [ -68.937207031249997, 6.198193359374997 ], [ -69.427148437499994, 6.123974609374997 ], [ -70.129199218749989, 6.95361328125 ], [ -70.737158203124991, 7.090039062499997 ], [ -71.128613281249997, 6.98671875 ], [ -72.006640624999989, 7.032617187499994 ], [ -72.207714843749997, 7.370263671874994 ], [ -72.394628906249991, 7.415087890624989 ], [ -72.471972656249989, 7.524267578124991 ], [ -72.446044921875, 7.966113281249989 ], [ -72.357617187499997, 8.087304687499994 ], [ -72.390332031249997, 8.287060546874997 ], [ -72.665429687499994, 8.627587890624994 ], [ -72.79638671875, 9.108984375 ], [ -72.96015625, 9.13515625 ], [ -73.058398437499989, 9.259570312499989 ], [ -73.3662109375, 9.194140624999989 ], [ -73.006542968749997, 9.789160156249991 ], [ -72.869335937499997, 10.491259765624989 ], [ -72.690087890624994, 10.835839843749994 ], [ -72.446093749999989, 11.1142578125 ], [ -72.248486328124997, 11.196435546874994 ], [ -71.958105468749991, 11.66640625 ], [ -71.319726562499994, 11.861914062499991 ], [ -71.488378906249991, 11.71875 ], [ -71.956933593749994, 11.569921875 ], [ -71.835107421874994, 11.190332031249994 ], [ -71.6416015625, 11.013525390624991 ], [ -71.730908203124997, 10.994677734374989 ], [ -71.594335937499991, 10.657373046874994 ], [ -71.664843749999989, 10.44375 ], [ -72.112841796874989, 9.815576171874994 ], [ -71.7607421875, 9.335742187499989 ], [ -71.68671875, 9.072509765625 ], [ -71.53662109375, 9.048291015624997 ], [ -71.24140625, 9.160449218749989 ], [ -71.085839843749994, 9.348242187499991 ], [ -71.052685546874997, 9.705810546875 ], [ -71.494238281249991, 10.533203125 ], [ -71.544628906249997, 10.778710937499994 ], [ -71.461132812499997, 10.835644531249997 ], [ -71.469531249999989, 10.964160156249989 ], [ -70.232519531249991, 11.372998046874997 ], [ -70.097119140624997, 11.519775390625 ], [ -69.804785156249991, 11.47421875 ], [ -69.817333984374997, 11.672070312499997 ], [ -70.192578125, 11.624609375 ], [ -70.286523437499994, 11.886035156249989 ], [ -70.202783203124994, 12.098388671875 ], [ -70.003955078124989, 12.177880859374994 ], [ -69.860107421875, 12.05419921875 ], [ -69.631591796875, 11.479931640624997 ], [ -69.232568359374994, 11.518457031249994 ], [ -68.827978515624991, 11.431738281249991 ], [ -68.398632812499997, 11.160986328124991 ], [ -68.272070312499991, 10.880029296874994 ], [ -68.296289062499994, 10.689355468749994 ], [ -68.139941406249989, 10.492724609374989 ], [ -66.247216796874994, 10.632226562499994 ], [ -66.105859375, 10.574609375 ], [ -66.090478515624994, 10.472949218749989 ], [ -65.851757812499997, 10.257763671874997 ], [ -65.129101562499997, 10.070068359375 ], [ -64.850488281249994, 10.098095703124997 ], [ -64.188330078124991, 10.457812499999989 ], [ -63.731884765624997, 10.50341796875 ], [ -64.247509765624997, 10.542578125 ], [ -64.298193359374991, 10.63515625 ], [ -61.879492187499991, 10.741015624999989 ], [ -62.379980468749991, 10.546875 ], [ -62.91357421875, 10.531494140625 ], [ -62.685839843749989, 10.289794921875 ], [ -62.740576171874991, 10.05615234375 ], [ -62.550341796874989, 10.200439453125 ], [ -62.320410156249991, 9.783056640624991 ], [ -62.221142578124997, 9.882568359375 ], [ -62.153369140624989, 9.82177734375 ], [ -62.155322265624989, 9.979248046875 ], [ -62.077099609374997, 9.975048828124997 ], [ -61.7359375, 9.631201171874991 ], [ -61.765917968749989, 9.813818359374991 ], [ -61.625390625, 9.816455078124989 ], [ -61.5888671875, 9.89453125 ], [ -61.309375, 9.633056640625 ], [ -61.013378906249997, 9.556445312499989 ], [ -60.79248046875, 9.360742187499994 ], [ -61.023144531249997, 9.154589843749989 ], [ -61.247265625, 8.600341796875 ], [ -61.618701171874989, 8.597460937499989 ], [ -61.304003906249989, 8.410400390625 ], [ -60.800976562499997, 8.592138671874991 ], [ -60.481494140624989, 8.547265625 ], [ -60.340234375, 8.628759765624991 ], [ -60.017529296874997, 8.54931640625 ] ] ] ] } },
{ "type": "Feature", "properties": { "name": "Uruguay", "continent": "South America" }, "geometry": { "type": "Polygon", "coordinates": [ [ [ -53.37060546875, -33.7421875 ], [ -53.785302734374994, -34.38037109375 ], [ -54.168554687499991, -34.670703125 ], [ -54.902294921874997, -34.932812500000011 ], [ -55.673144531249989, -34.775683593750003 ], [ -56.249951171874997, -34.901269531250009 ], [ -56.855175781249997, -34.676660156250009 ], [ -57.170703124999989, -34.452343750000011 ], [ -57.873242187499997, -34.44765625 ], [ -58.400195312499989, -33.912402343750003 ], [ -58.438134765624994, -33.719140625 ], [ -58.363525390625, -33.182324218750011 ], [ -58.092675781249994, -32.967382812500006 ], [ -58.201171875, -32.4716796875 ], [ -58.119726562499991, -32.248925781250009 ], [ -58.189013671874989, -31.92421875 ], [ -57.988867187499991, -31.62060546875 ], [ -58.053857421874994, -31.494921875 ], [ -57.810595703124989, -30.858593750000011 ], [ -57.872509765624997, -30.591015625000011 ], [ -57.645751953125, -30.226953125 ], [ -57.214453125, -30.283398437500011 ], [ -57.120507812499994, -30.144433593750009 ], [ -56.832714843749997, -30.107226562500003 ], [ -56.044824218749994, -30.777636718750003 ], [ -56.004687499999989, -31.079199218750006 ], [ -55.807763671874994, -31.03671875 ], [ -55.60302734375, -30.850781250000011 ], [ -55.173535156249997, -31.279589843750003 ], [ -54.587646484375, -31.48515625 ], [ -54.220556640624991, -31.855175781250011 ], [ -53.76171875, -32.056835937500011 ], [ -53.601708984374994, -32.403027343750011 ], [ -53.125585937499991, -32.73671875 ], [ -53.531347656249991, -33.1708984375 ], [ -53.531347656249991, -33.655468750000011 ], [ -53.37060546875, -33.7421875 ] ] ] } },
{ "type": "Feature", "properties": { "name": "U.S. Virgin Is.", "continent": "North America" }, "geometry": { "type": "MultiPolygon", "coordinates": [ [ [ [ -64.845019531249989, 18.330078125 ], [ -64.919970703124989, 18.3212890625 ], [ -65.023632812499997, 18.367578125 ], [ -64.889111328124997, 18.37421875 ], [ -64.845019531249989, 18.330078125 ] ] ], [ [ [ -64.659814453124994, 18.354345703124991 ], [ -64.725976562499994, 18.327880859375 ], [ -64.787695312499991, 18.341113281250003 ], [ -64.75244140625, 18.371972656249994 ], [ -64.659814453124994, 18.354345703124991 ] ] ], [ [ [ -64.884716796874997, 17.772265625 ], [ -64.681835937499997, 17.750195312499997 ], [ -64.58046875, 17.750195312499997 ], [ -64.889111328124997, 17.701708984375003 ], [ -64.884716796874997, 17.772265625 ] ] ] ] } },
{ "type": "Feature", "properties": { "name": "Puerto Rico", "continent": "North America" }, "geometry": { "type": "MultiPolygon", "coordinates": [ [ [ [ -67.158642578124997, 18.49921875 ], [ -65.628808593749994, 18.381396484375003 ], [ -65.620849609375, 18.242333984374994 ], [ -65.970800781249991, 17.974365234375 ], [ -67.196875, 17.994189453125003 ], [ -67.172460937499991, 18.22421875 ], [ -67.2640625, 18.364599609374991 ], [ -67.158642578124997, 18.49921875 ] ] ], [ [ [ -65.294873046874997, 18.133349609375003 ], [ -65.555078125, 18.107666015625 ], [ -65.572216796874997, 18.137304687499991 ], [ -65.294873046874997, 18.133349609375003 ] ] ], [ [ [ -67.843652343749994, 18.111035156249997 ], [ -67.930371093749997, 18.0869140625 ], [ -67.930615234374997, 18.115136718749994 ], [ -67.843652343749994, 18.111035156249997 ] ] ] ] } },
{ "type": "Feature", "properties": { "name": "United States of America", "continent": "North America" }, "geometry": { "type": "MultiPolygon", "coordinates": [ [ [ [ -132.56796875, 56.575830078125001 ], [ -132.948046874999989, 56.567236328124999 ], [ -132.842529296875, 56.794775390624999 ], [ -132.56796875, 56.575830078125001 ] ] ], [ [ [ -132.646582031250006, 56.313183593749997 ], [ -132.891455078125006, 56.259423828125001 ], [ -133.037646484374989, 56.36484375 ], [ -132.902050781250011, 56.453759765625001 ], [ -132.643359374999989, 56.43515625 ], [ -132.646582031250006, 56.313183593749997 ] ] ], [ [ [ -134.312744140625, 58.22890625 ], [ -134.45625, 58.20654296875 ], [ -134.661572265625011, 58.290917968749994 ], [ -134.519970703125011, 58.33251953125 ], [ -134.312744140625, 58.22890625 ] ] ], [ [ [ -145.128125, 60.401123046875 ], [ -145.150488281250006, 60.312646484374994 ], [ -145.284277343750006, 60.336816406249994 ], [ -145.128125, 60.401123046875 ] ] ], [ [ [ -144.565625, 59.818408203125003 ], [ -144.444921875, 59.95068359375 ], [ -144.235742187499994, 60.015185546875003 ], [ -144.248974609375011, 59.982128906249997 ], [ -144.565625, 59.818408203125003 ] ] ], [ [ [ -147.914208984374994, 60.092333984375003 ], [ -148.074169921875011, 60.034716796875003 ], [ -148.271875, 60.053271484375003 ], [ -148.07958984375, 60.151660156250003 ], [ -147.914208984374994, 60.092333984375003 ] ] ], [ [ [ -152.020751953125, 60.36171875 ], [ -151.959716796875, 60.503759765624999 ], [ -151.8994140625, 60.490380859374994 ], [ -151.887304687500006, 60.472705078125003 ], [ -152.020751953125, 60.36171875 ] ] ], [ [ [ -160.3623046875, 55.356982421874996 ], [ -160.343310546874989, 55.2587890625 ], [ -160.517480468749994, 55.333837890624999 ], [ -160.3623046875, 55.356982421874996 ] ] ], [ [ [ -159.362011718750011, 54.972412109375 ], [ -159.421337890625011, 54.978125 ], [ -159.4619140625, 55.058789062499997 ], [ -159.390429687499989, 55.040869140624999 ], [ -159.362011718750011, 54.972412109375 ] ] ], [ [ [ -159.574755859374989, 55.217724609374997 ], [ -159.534960937499989, 55.059619140624996 ], [ -159.648486328124989, 55.074560546874999 ], [ -159.574755859374989, 55.217724609374997 ] ] ], [ [ [ -166.209765624999989, 53.723291015625001 ], [ -166.250732421875, 53.767773437499997 ], [ -166.113720703125011, 53.843066406249996 ], [ -166.138623046875011, 53.787402343749996 ], [ -166.209765624999989, 53.723291015625001 ] ] ], [ [ [ -176.008984375000011, 51.812353515624999 ], [ -176.204443359375006, 51.834814453124999 ], [ -176.193652343749989, 51.886279296874996 ], [ -176.071630859375006, 51.843310546874996 ], [ -176.008984375000011, 51.812353515624999 ] ] ], [ [ [ -165.829882812499989, 66.317138671875 ], [ -166.148632812500011, 66.221826171874994 ], [ -165.822216796875011, 66.328076171874997 ], [ -165.829882812499989, 66.317138671875 ] ] ], [ [ [ -171.746386718749989, 63.703076171874997 ], [ -170.874609375, 63.593994140625 ], [ -170.430419921875, 63.698828125 ], [ -170.121826171875, 63.617529296874999 ], [ -170.017382812499989, 63.491748046875003 ], [ -169.554541015625006, 63.373486328124997 ], [ -168.716015625000011, 63.310595703125003 ], [ -168.852392578125006, 63.171240234374999 ], [ -169.364697265625011, 63.171142578125 ], [ -169.676367187500006, 62.956103515625003 ], [ -169.818603515625, 63.122363281250003 ], [ -170.189599609374994, 63.196337890625003 ], [ -170.527099609375, 63.379296875 ], [ -170.954052734375011, 63.452929687500003 ], [ -171.519140625, 63.331982421874997 ], [ -171.790966796875011, 63.424707031249994 ], [ -171.746386718749989, 63.703076171874997 ] ] ], [ [ [ -166.475683593750006, 60.382763671874997 ], [ -165.729687500000011, 60.314208984375 ], [ -165.712353515625011, 60.0693359375 ], [ -165.591796875, 59.913134765625003 ], [ -166.099853515625, 59.849609375 ], [ -166.148730468749989, 59.764111328124997 ], [ -167.138867187500011, 60.008544921875 ], [ -167.436425781249994, 60.206640625 ], [ -166.836328125, 60.216992187499997 ], [ -166.784375, 60.296435546875003 ], [ -166.475683593750006, 60.382763671874997 ] ] ], [ [ [ -152.850390624999989, 57.896777343749996 ], [ -152.890820312500011, 57.768994140624997 ], [ -152.428759765624989, 57.82568359375 ], [ -152.482617187500011, 57.703320312499997 ], [ -152.216210937499994, 57.577001953124999 ], [ -152.412207031250006, 57.454785156249997 ], [ -152.940771484375006, 57.498095703124996 ], [ -152.997460937499994, 57.468945312499997 ], [ -152.781347656250006, 57.453417968749996 ], [ -152.679052734375006, 57.345117187500001 ], [ -153.274365234375011, 57.226367187499996 ], [ -153.732568359374994, 57.05234375 ], [ -153.643310546875, 56.960742187499996 ], [ -153.972705078124989, 56.77421875 ], [ -154.070849609374989, 56.820654296874999 ], [ -153.793212890625, 56.989501953125 ], [ -154.102978515625011, 57.021240234375 ], [ -154.035058593749994, 57.121826171875 ], [ -154.24375, 57.143017578124997 ], [ -154.381103515625, 57.096533203124999 ], [ -154.239208984375011, 57.086865234374997 ], [ -154.184326171875, 57.005322265624997 ], [ -154.338964843750006, 56.9208984375 ], [ -154.705957031249994, 57.335351562500001 ], [ -154.535302734374994, 57.559423828124999 ], [ -154.116162109375011, 57.651220703124999 ], [ -153.687695312500011, 57.305126953124997 ], [ -153.838134765625, 57.635839843749999 ], [ -153.693164062499989, 57.663427734374999 ], [ -153.906103515625006, 57.790771484375 ], [ -153.841552734375, 57.862841796874996 ], [ -153.695605468749989, 57.871240234375001 ], [ -153.487939453124994, 57.73095703125 ], [ -153.217480468750011, 57.795751953124999 ], [ -153.168847656249994, 57.91064453125 ], [ -153.225927734375006, 57.957617187499999 ], [ -153.160449218749989, 57.971972656249996 ], [ -152.850390624999989, 57.896777343749996 ] ] ], [ [ [ -130.025097656250011, 55.888232421875102 ], [ -130.146533203124989, 55.654492187499997 ], [ -130.036572265625011, 55.297900390624996 ], [ -130.214062500000011, 55.02587890625 ], [ -130.575341796874994, 54.769677734375001 ], [ -130.849609375, 54.8076171875 ], [ -131.0478515625, 55.157666015624997 ], [ -130.748193359374994, 55.318017578125001 ], [ -130.85595703125, 55.355126953125001 ], [ -130.918554687500006, 55.735986328125001 ], [ -131.127685546875, 55.96015625 ], [ -131.032763671874989, 56.088085937499997 ], [ -131.7841796875, 55.8765625 ], [ -131.945019531250011, 55.554150390624997 ], [ -132.118994140625006, 55.569775390624997 ], [ -132.20751953125, 55.75341796875 ], [ -131.843847656250006, 56.160107421874997 ], [ -131.551367187500006, 56.206787109375 ], [ -131.887890625000011, 56.241650390624997 ], [ -132.18203125, 56.420654296875 ], [ -132.357666015625, 56.625878906250001 ], [ -132.475927734375006, 56.649658203125 ], [ -132.487109374999989, 56.76640625 ], [ -132.802197265625011, 56.895166015625001 ], [ -132.824609375, 57.055810546875001 ], [ -133.465869140624989, 57.172167968749996 ], [ -133.436669921874994, 57.336865234374997 ], [ -133.648730468749989, 57.642285156249997 ], [ -133.55419921875, 57.695068359375 ], [ -133.117041015625006, 57.566210937499996 ], [ -133.535205078124989, 57.832958984374997 ], [ -133.1943359375, 57.877685546875 ], [ -133.559375, 57.924462890625001 ], [ -133.722314453124994, 57.84423828125 ], [ -134.031103515625006, 58.072167968749994 ], [ -134.045263671875006, 58.289257812499997 ], [ -133.876757812499989, 58.518164062499999 ], [ -134.208837890625006, 58.232958984375003 ], [ -134.776123046875, 58.453857421875 ], [ -134.986132812499989, 58.765625 ], [ -135.1318359375, 58.842871093749999 ], [ -135.363671875, 59.41943359375 ], [ -135.484082031250011, 59.308691406249999 ], [ -135.400146484375, 59.207910156249994 ], [ -135.50234375, 59.202294921874994 ], [ -135.386132812499994, 59.087548828124994 ], [ -135.06201171875, 58.340869140625003 ], [ -135.090234375, 58.245849609375 ], [ -135.302539062499989, 58.255908203125003 ], [ -135.57177734375, 58.412060546874997 ], [ -135.897558593750006, 58.400195312500003 ], [ -135.86171875, 58.577050781249994 ], [ -136.043115234374994, 58.821630859374999 ], [ -135.826367187500011, 58.89794921875 ], [ -136.0166015625, 58.873974609374997 ], [ -136.150048828124994, 59.048095703125 ], [ -136.124169921874994, 58.819628906250003 ], [ -136.225830078125, 58.765478515624999 ], [ -136.566210937499989, 58.94091796875 ], [ -136.989013671875, 59.034472656250003 ], [ -136.948046874999989, 58.934912109374999 ], [ -137.059033203125011, 58.873730468749997 ], [ -136.613916015624994, 58.809277343749997 ], [ -136.410107421875011, 58.700634765624997 ], [ -136.483740234375006, 58.61767578125 ], [ -136.224609375, 58.602246093749997 ], [ -136.061474609375011, 58.452734375 ], [ -136.08125, 58.364208984374997 ], [ -136.607421875, 58.243994140624999 ], [ -137.543994140624989, 58.581201171874994 ], [ -138.026904296874989, 58.941455078125003 ], [ -138.560302734375, 59.129150390625 ], [ -138.514892578125, 59.165917968749994 ], [ -139.799121093749989, 59.546240234374999 ], [ -139.513037109375006, 59.698095703124999 ], [ -139.582177734374994, 59.848291015624994 ], [ -139.512304687500006, 59.953564453124997 ], [ -139.330957031249994, 59.877001953125003 ], [ -139.28671875, 59.6109375 ], [ -139.220800781250006, 59.819873046875003 ], [ -138.988085937499989, 59.835009765625003 ], [ -139.431445312499989, 60.012255859375003 ], [ -139.916894531249994, 59.8056640625 ], [ -140.419824218749994, 59.710742187500003 ], [ -141.408300781250006, 59.902783203124997 ], [ -141.289941406249994, 60.004150390625 ], [ -141.408740234374989, 60.11767578125 ], [ -141.447070312499989, 60.019433593749994 ], [ -141.670166015625, 59.969873046874994 ], [ -142.945654296875006, 60.096972656250003 ], [ -144.147216796875, 60.01640625 ], [ -144.088525390624994, 60.084326171874999 ], [ -144.185498046875011, 60.150732421874999 ], [ -144.901318359375011, 60.33515625 ], [ -144.691113281250011, 60.669091796874994 ], [ -145.248291015625, 60.380126953125 ], [ -145.898876953125011, 60.478173828124994 ], [ -145.674902343750006, 60.651123046875 ], [ -146.570458984374994, 60.729150390624994 ], [ -146.391992187499994, 60.810839843750003 ], [ -146.603564453124989, 60.870947265624999 ], [ -146.636035156249989, 60.992529296874999 ], [ -146.284912109375, 61.112646484374999 ], [ -146.384375, 61.135839843749999 ], [ -147.361376953124989, 60.914501953124997 ], [ -147.567285156249994, 60.994921875 ], [ -147.8076171875, 60.885400390624994 ], [ -148.005126953125, 60.968554687500003 ], [ -147.751855468749994, 61.218945312499997 ], [ -148.049414062500006, 61.082666015624994 ], [ -148.341894531250006, 61.060400390624999 ], [ -148.410742187500006, 61.011474609375 ], [ -148.208691406250011, 61.029931640624994 ], [ -148.344433593750011, 60.853564453125003 ], [ -148.557373046875, 60.802929687499997 ], [ -148.267871093749989, 60.69970703125 ], [ -148.284228515624989, 60.609326171874997 ], [ -148.64013671875, 60.489453125 ], [ -148.119189453124989, 60.575146484374997 ], [ -147.964111328125, 60.48486328125 ], [ -148.181689453124989, 60.39306640625 ], [ -148.197607421875006, 60.167773437500003 ], [ -148.430712890624989, 59.989111328124999 ], [ -149.2666015625, 59.998291015625 ], [ -149.395263671875, 60.105761718750003 ], [ -149.598046875, 59.770458984374997 ], [ -149.7138671875, 59.919580078124994 ], [ -149.794775390625006, 59.855810546874999 ], [ -149.782470703125, 59.750341796874999 ], [ -150.005322265625011, 59.784423828125 ], [ -149.966503906250011, 59.690039062499999 ], [ -150.198046874999989, 59.566552734374994 ], [ -150.607373046875011, 59.563378906249994 ], [ -150.934521484375011, 59.249121093749999 ], [ -151.182763671874994, 59.30078125 ], [ -151.170703124999989, 59.236914062499999 ], [ -151.738183593749994, 59.188525390625003 ], [ -151.949511718749989, 59.265087890624997 ], [ -151.849951171875006, 59.406347656249999 ], [ -151.399609375000011, 59.516308593749997 ], [ -151.046484375, 59.771826171874999 ], [ -151.450097656249994, 59.650390625 ], [ -151.763818359374994, 59.7 ], [ -151.853222656250011, 59.782080078124999 ], [ -151.734521484374994, 59.988330078125003 ], [ -151.39599609375, 60.274462890625003 ], [ -151.312695312500011, 60.466455078124994 ], [ -151.32177734375, 60.742919921875 ], [ -150.441259765625006, 61.023583984374994 ], [ -150.113037109375, 60.9328125 ], [ -149.075097656249994, 60.876416015624997 ], [ -150.053271484374989, 61.17109375 ], [ -149.329052734375011, 61.497363281250003 ], [ -149.433544921875011, 61.50078125 ], [ -149.695263671875011, 61.470703125 ], [ -149.975683593750006, 61.279345703125003 ], [ -150.567236328125006, 61.306787109374994 ], [ -150.945507812500011, 61.1982421875 ], [ -151.733984375, 60.910742187499999 ], [ -151.75048828125, 60.7548828125 ], [ -152.270703125000011, 60.528125 ], [ -152.260302734374989, 60.409423828125 ], [ -152.368847656250011, 60.336328125 ], [ -152.653955078124994, 60.238427734374994 ], [ -153.025, 60.295654296875 ], [ -152.664746093750011, 60.125292968750003 ], [ -152.660107421875011, 59.997216796874994 ], [ -153.211230468749989, 59.842724609374997 ], [ -153.024609375000011, 59.793994140625003 ], [ -153.093603515625006, 59.709130859374994 ], [ -153.364013671875, 59.659863281249997 ], [ -153.414404296875006, 59.740136718749994 ], [ -153.652539062500011, 59.647021484375003 ], [ -153.609375, 59.615039062500003 ], [ -153.752587890624994, 59.509863281249999 ], [ -154.088330078125011, 59.36328125 ], [ -154.178320312500006, 59.155566406250003 ], [ -153.418261718749989, 58.9599609375 ], [ -153.327050781249994, 58.884326171875003 ], [ -153.437597656250006, 58.754833984374997 ], [ -153.861962890624994, 58.587841796874997 ], [ -154.085888671875011, 58.365820312499999 ], [ -154.289013671875011, 58.304345703124994 ], [ -154.208056640624989, 58.288769531249997 ], [ -154.247021484375011, 58.159423828125 ], [ -155.006884765624989, 58.016064453124997 ], [ -155.777978515624994, 57.568212890624999 ], [ -156.435888671875006, 57.359960937499999 ], [ -156.400488281250006, 57.204833984375 ], [ -156.629003906250006, 57.009960937499997 ], [ -157.440576171874994, 56.790332031249996 ], [ -157.578369140625, 56.634472656249997 ], [ -157.869091796875011, 56.645214843749997 ], [ -158.078320312500011, 56.552050781249996 ], [ -157.929980468749989, 56.520458984374997 ], [ -158.414404296875006, 56.435839843749996 ], [ -158.552148437499994, 56.312695312499997 ], [ -158.386132812499994, 56.3015625 ], [ -158.275634765625, 56.196240234374997 ], [ -158.476123046874989, 56.075488281249996 ], [ -158.591162109375006, 56.184521484374997 ], [ -158.789843749999989, 55.986914062499999 ], [ -159.523242187499989, 55.810009765624997 ], [ -159.65966796875, 55.625927734374997 ], [ -159.678515624999989, 55.824658203124997 ], [ -159.771386718749994, 55.841113281249996 ], [ -160.499316406249989, 55.537304687499997 ], [ -160.896728515625, 55.513623046874997 ], [ -161.178027343749989, 55.388867187499997 ], [ -161.4638671875, 55.382519531249997 ], [ -161.413330078125, 55.5361328125 ], [ -161.202099609375011, 55.543554687499999 ], [ -161.516943359375006, 55.618408203125 ], [ -162.073974609375, 55.139306640625001 ], [ -162.386376953124994, 55.05234375 ], [ -162.495263671874994, 55.208447265624997 ], [ -162.63037109375, 55.246679687499999 ], [ -162.674365234374989, 54.99658203125 ], [ -162.865039062499989, 54.954541015624997 ], [ -163.11962890625, 55.064697265625 ], [ -163.131103515625, 54.916552734374996 ], [ -163.335302734375006, 54.839160156249996 ], [ -163.27880859375, 55.121826171875 ], [ -162.906591796875006, 55.195556640625 ], [ -162.157128906249994, 55.719433593749997 ], [ -161.697314453124989, 55.9072265625 ], [ -161.215625, 56.021435546874997 ], [ -161.192529296874994, 55.954296875 ], [ -160.898632812500011, 55.99365234375 ], [ -161.00537109375, 55.887158203124997 ], [ -160.802832031250006, 55.754443359374996 ], [ -160.706347656249989, 55.870458984374999 ], [ -160.291699218750011, 55.805078125 ], [ -160.5390625, 56.006298828124997 ], [ -160.302050781249989, 56.314111328125001 ], [ -158.918017578124989, 56.882177734374999 ], [ -158.894873046875006, 56.81640625 ], [ -158.675146484375006, 56.794873046874997 ], [ -158.660791015624994, 57.039404296874999 ], [ -158.320947265624994, 57.297900390624996 ], [ -157.845751953124989, 57.528076171875 ], [ -157.4619140625, 57.506201171874999 ], [ -157.697216796875011, 57.679443359375 ], [ -157.610888671874989, 58.050830078125003 ], [ -157.555029296875006, 58.139941406250003 ], [ -157.193701171875006, 58.194189453124999 ], [ -157.488378906250006, 58.253710937500003 ], [ -157.523632812500011, 58.421337890624997 ], [ -156.974658203124989, 58.736328125 ], [ -157.040478515625011, 58.772558593749999 ], [ -156.808886718749989, 59.13427734375 ], [ -157.142041015625011, 58.877636718749997 ], [ -158.19091796875, 58.6142578125 ], [ -158.503173828125, 58.850341796875 ], [ -158.425634765625006, 58.999316406250003 ], [ -158.080517578125011, 58.977441406249994 ], [ -158.422802734375011, 59.08984375 ], [ -158.678271484374989, 58.929394531249997 ], [ -158.809472656249994, 58.973876953125 ], [ -158.861376953124989, 58.71875 ], [ -158.788623046874989, 58.440966796875003 ], [ -158.95068359375, 58.404541015625 ], [ -159.670263671875006, 58.9111328125 ], [ -159.920214843749989, 58.819873046875003 ], [ -160.363134765625006, 59.051171875 ], [ -161.246826171875, 58.799462890624994 ], [ -161.361328125, 58.66953125 ], [ -162.144921875, 58.644238281249997 ], [ -161.724365234375, 58.794287109374999 ], [ -161.788671875, 59.01640625 ], [ -161.644384765625006, 59.109667968750003 ], [ -161.890771484374994, 59.076074218749994 ], [ -161.981054687500006, 59.146142578124994 ], [ -162.023291015625006, 59.283984375 ], [ -161.828710937500006, 59.588623046875 ], [ -162.242480468749989, 60.178320312499999 ], [ -162.421337890625011, 60.283984375 ], [ -162.138867187500011, 60.614355468749999 ], [ -161.946582031249989, 60.684814453125 ], [ -162.138037109375006, 60.685546875 ], [ -162.684960937499994, 60.268945312499994 ], [ -162.526953125, 60.199121093749994 ], [ -162.570751953125011, 59.98974609375 ], [ -163.219384765624994, 59.845605468749994 ], [ -163.906884765624994, 59.806787109374994 ], [ -164.142822265625, 59.896777343750003 ], [ -164.131542968750011, 59.994238281249999 ], [ -164.662255859374994, 60.303808593749999 ], [ -165.061132812500006, 60.412548828124997 ], [ -165.026513671874994, 60.500634765624994 ], [ -165.353808593749989, 60.541210937499997 ], [ -164.80517578125, 60.892041015624997 ], [ -164.318505859374994, 60.771289062500003 ], [ -164.265673828124989, 60.724658203125003 ], [ -164.372363281249989, 60.591845703125003 ], [ -163.999560546874989, 60.766064453124997 ], [ -163.72998046875, 60.589990234374994 ], [ -163.420947265624989, 60.757421875 ], [ -163.906542968749989, 60.853808593750003 ], [ -163.5869140625, 60.902978515624994 ], [ -163.7490234375, 60.9697265625 ], [ -163.99462890625, 60.864697265624997 ], [ -165.11484375, 60.9328125 ], [ -165.175488281250011, 60.965673828124999 ], [ -164.868994140625006, 61.111767578124997 ], [ -165.077099609375011, 61.094189453124997 ], [ -165.127783203125006, 61.192431640625003 ], [ -165.344873046874994, 61.197705078124997 ], [ -165.273632812500011, 61.274853515624997 ], [ -165.392041015625011, 61.212304687499994 ], [ -165.380761718749994, 61.106298828124999 ], [ -165.565869140625011, 61.10234375 ], [ -165.691357421875011, 61.299902343749999 ], [ -165.863964843750011, 61.335693359375 ], [ -165.906298828124989, 61.40380859375 ], [ -165.797119140625, 61.491162109374997 ], [ -165.8453125, 61.536230468749999 ], [ -166.093994140625, 61.506738281249994 ], [ -166.168115234374994, 61.650830078124997 ], [ -165.808935546875006, 61.69609375 ], [ -166.078808593750011, 61.803125 ], [ -165.61279296875, 61.869287109374994 ], [ -165.725244140624994, 61.959375 ], [ -165.707275390625, 62.100439453124999 ], [ -165.194531250000011, 62.473535156249994 ], [ -164.757861328124989, 62.496728515624994 ], [ -164.844384765624994, 62.5810546875 ], [ -164.589453125, 62.709375 ], [ -164.792675781250011, 62.623193359374994 ], [ -164.799658203125006, 62.918066406249999 ], [ -164.677441406250011, 63.020458984374997 ], [ -164.384228515625011, 63.03046875 ], [ -164.525195312499989, 63.127636718749997 ], [ -164.409033203125006, 63.215039062499997 ], [ -163.94287109375, 63.247216796874994 ], [ -163.616308593750006, 63.125146484374994 ], [ -163.737841796874989, 63.01640625 ], [ -163.504345703125011, 63.105859375 ], [ -163.287841796875, 63.046435546875003 ], [ -162.621484375, 63.265820312499997 ], [ -162.2828125, 63.529199218749994 ], [ -161.973974609375006, 63.452929687500003 ], [ -161.505419921874989, 63.468164062499994 ], [ -160.926708984375011, 63.660546875 ], [ -160.778564453125, 63.818945312499999 ], [ -160.987548828125, 64.251269531250003 ], [ -161.220117187499994, 64.396582031250006 ], [ -161.49072265625, 64.433789062499997 ], [ -161.414599609374989, 64.5263671875 ], [ -160.931933593749989, 64.5791015625 ], [ -160.836035156250006, 64.681933593750003 ], [ -160.886962890625, 64.795556640624994 ], [ -161.130175781249989, 64.925439453124994 ], [ -161.466357421874989, 64.794873046874997 ], [ -161.759375, 64.816259765625006 ], [ -162.334619140624994, 64.612841796875003 ], [ -162.711083984374994, 64.377539062500006 ], [ -163.203906249999989, 64.652001953124994 ], [ -163.302832031250006, 64.605908203124997 ], [ -163.0517578125, 64.519726562499997 ], [ -163.144335937499989, 64.423828125 ], [ -163.713085937500011, 64.588232421875006 ], [ -164.303955078125, 64.583935546874997 ], [ -164.978759765625, 64.453662109375003 ], [ -166.142773437500011, 64.582763671875 ], [ -166.481396484375011, 64.728076171875003 ], [ -166.415234375000011, 64.926513671875 ], [ -166.928417968750011, 65.157080078125006 ], [ -166.531005859375, 65.154736328124997 ], [ -166.45166015625, 65.247314453125 ], [ -166.157031249999989, 65.285839843749997 ], [ -167.404003906250011, 65.422119140625 ], [ -167.987255859375011, 65.567773437499994 ], [ -168.08837890625, 65.657763671875003 ], [ -167.930566406249994, 65.748144531250006 ], [ -167.914355468749989, 65.681201171875003 ], [ -167.405322265624989, 65.859326171874997 ], [ -167.07421875, 65.877050781250006 ], [ -166.398730468749989, 66.144433593749994 ], [ -165.629931640624989, 66.131201171875006 ], [ -165.560205078124994, 66.167089843750006 ], [ -165.840234375, 66.245068359374997 ], [ -165.811865234375006, 66.288476562499994 ], [ -164.460498046874989, 66.588427734375003 ], [ -163.727685546874994, 66.616455078125 ], [ -163.638232421874989, 66.574658203124997 ], [ -163.893945312499994, 66.575878906249997 ], [ -163.775488281250006, 66.531103515625006 ], [ -163.893945312499994, 66.286914062500003 ], [ -164.033740234374989, 66.215527343749997 ], [ -163.695361328124989, 66.083837890625006 ], [ -161.933691406250006, 66.042871093749994 ], [ -161.455419921875006, 66.281396484374994 ], [ -161.034277343750006, 66.188818359375006 ], [ -161.120312500000011, 66.334326171875006 ], [ -161.54443359375, 66.40703125 ], [ -161.828173828124989, 66.370849609375 ], [ -161.916894531249994, 66.411816406249997 ], [ -161.887597656249994, 66.493066406249994 ], [ -162.191162109375, 66.693115234375 ], [ -162.467431640624994, 66.735644531250003 ], [ -162.607421875, 66.894384765625006 ], [ -162.361621093749989, 66.947314453125003 ], [ -162.017626953124989, 66.784130859374997 ], [ -162.050732421875011, 66.667285156250003 ], [ -161.909570312499994, 66.559619140625003 ], [ -161.591015625000011, 66.459521484375003 ], [ -161.155810546874989, 66.4953125 ], [ -160.650537109374994, 66.373095703125003 ], [ -160.231689453125, 66.420263671875006 ], [ -160.262548828125006, 66.572460937499997 ], [ -160.360888671874989, 66.6125 ], [ -160.864013671875, 66.670849609374997 ], [ -161.398046875, 66.551855468750006 ], [ -161.856689453125, 66.700341796874994 ], [ -161.878759765625006, 66.803955078125 ], [ -161.622216796874994, 66.979345703125006 ], [ -161.719921875000011, 67.020556640625003 ], [ -162.391552734375011, 67.019873046875006 ], [ -162.409423828125, 67.103955078124997 ], [ -162.583105468750006, 67.018505859374997 ], [ -163.531835937500006, 67.102587890625003 ], [ -163.720556640625006, 67.195556640625 ], [ -164.125195312500011, 67.606738281250003 ], [ -165.386035156249989, 68.045605468749997 ], [ -166.786279296874994, 68.359619140625 ], [ -166.380517578124994, 68.425146484375006 ], [ -166.18203125, 68.797216796875006 ], [ -166.209082031250006, 68.885351562500006 ], [ -164.30234375, 68.936474609374997 ], [ -163.535693359374989, 69.170117187499997 ], [ -163.161474609375006, 69.387939453125 ], [ -163.093554687499989, 69.610693359375006 ], [ -162.952099609375011, 69.758105468750003 ], [ -161.880957031250006, 70.331738281249997 ], [ -161.761083984375006, 70.257666015625006 ], [ -162.073876953124994, 70.161962890625006 ], [ -160.996289062500011, 70.304589843749994 ], [ -160.117138671875011, 70.591210937499994 ], [ -159.963134765625, 70.568164062500003 ], [ -160.106396484375011, 70.472558593749994 ], [ -160.005566406250011, 70.447558593750003 ], [ -160.095068359375006, 70.333300781250003 ], [ -159.865673828125011, 70.278857421875003 ], [ -159.814990234374989, 70.4970703125 ], [ -159.386767578124989, 70.524511718750006 ], [ -159.746191406250006, 70.53046875 ], [ -160.081591796874989, 70.634863281250006 ], [ -159.680908203125, 70.786767578124994 ], [ -159.314501953124989, 70.878515625 ], [ -159.191748046875006, 70.859667968750003 ], [ -159.33984375, 70.78125 ], [ -159.251171875000011, 70.7484375 ], [ -157.909375, 70.860107421875 ], [ -156.47021484375, 71.407666015624997 ], [ -156.395263671875, 71.396679687499997 ], [ -156.567236328125006, 71.341552734375 ], [ -155.579443359375006, 71.12109375 ], [ -156.146582031250006, 70.927832031250006 ], [ -155.973535156249994, 70.841992187499997 ], [ -155.579394531249989, 70.894335937500003 ], [ -155.166845703125006, 71.09921875 ], [ -154.943798828125011, 71.083056640625003 ], [ -154.673681640625006, 70.987109375 ], [ -154.785205078124989, 70.894287109375 ], [ -154.195214843749994, 70.801123046875006 ], [ -153.23291015625, 70.932568359374997 ], [ -152.300390625, 70.846777343750006 ], [ -152.23291015625, 70.810351562500003 ], [ -152.470605468749994, 70.653613281250003 ], [ -152.172949218750006, 70.556640625 ], [ -151.76904296875, 70.56015625 ], [ -151.944677734375006, 70.452099609374997 ], [ -149.269433593749994, 70.50078125 ], [ -148.479199218750011, 70.317919921875003 ], [ -148.142724609374994, 70.35546875 ], [ -147.705371093749989, 70.217236328124997 ], [ -145.823144531249994, 70.160058593749994 ], [ -145.197363281250006, 70.008691406249994 ], [ -144.619189453124989, 69.982128906249997 ], [ -143.218310546874989, 70.116259765625003 ], [ -141.407910156250011, 69.653369140625003 ], [ -141.002148437500011, 69.65078125 ], [ -141.002148437500011, 60.300244140625125 ], [ -140.525439453124989, 60.218359375 ], [ -140.452832031250011, 60.299707031249994 ], [ -139.973291015624994, 60.183154296875003 ], [ -139.676318359374989, 60.328320312500011 ], [ -139.079248046875023, 60.343701171875125 ], [ -139.18515625, 60.08359375 ], [ -138.70546875, 59.901318359374997 ], [ -138.632275390625011, 59.778271484375011 ], [ -137.593310546874989, 59.226269531250011 ], [ -137.484179687499989, 58.9912109375 ], [ -137.520898437499994, 58.915380859374999 ], [ -137.438574218750006, 58.903125 ], [ -136.813281249999989, 59.15004882812508 ], [ -136.578759765624994, 59.152246093749994 ], [ -136.466748046875011, 59.279931640624994 ], [ -136.466357421874989, 59.459082031249999 ], [ -136.247119140624989, 59.532910156250125 ], [ -136.321826171874989, 59.604833984374999 ], [ -135.475927734375006, 59.793261718750003 ], [ -135.051025390625, 59.578662109375003 ], [ -135.0712890625, 59.441455078125003 ], [ -134.94375, 59.288281250000011 ], [ -134.440771484375006, 59.085351562499994 ], [ -134.296972656250006, 58.898486328125003 ], [ -133.820751953125011, 58.705029296874997 ], [ -133.401123046875, 58.410888671875 ], [ -133.422558593750011, 58.337060546875023 ], [ -132.232177734375, 57.198535156249996 ], [ -132.337988281250006, 57.079443359374999 ], [ -132.031542968749989, 57.0265625 ], [ -132.104296874999989, 56.856787109374999 ], [ -131.866162109375011, 56.792822265624999 ], [ -131.824267578124989, 56.589990234375001 ], [ -131.575097656250023, 56.598828125000125 ], [ -130.74169921875, 56.3408203125 ], [ -130.477099609374989, 56.230566406250034 ], [ -130.413134765624989, 56.122509765624997 ], [ -130.097851562500011, 56.109277343750001 ], [ -130.025097656250011, 55.888232421875102 ] ] ], [ [ [ -163.476025390625011, 54.980712890625 ], [ -163.378955078124989, 54.815527343749999 ], [ -163.083251953125, 54.668994140624996 ], [ -163.358105468750011, 54.735693359374999 ], [ -163.5830078125, 54.625683593749997 ], [ -164.073291015624989, 54.620996093750001 ], [ -164.5908203125, 54.404345703124996 ], [ -164.823437500000011, 54.419091796875001 ], [ -164.903955078124994, 54.544775390624999 ], [ -164.478613281250006, 54.906835937499999 ], [ -163.80712890625, 55.049072265625 ], [ -163.476025390625011, 54.980712890625 ] ] ], [ [ [ -133.737109374999989, 55.496923828124999 ], [ -133.281689453125011, 55.497851562499996 ], [ -133.650195312499989, 55.269287109375 ], [ -133.635009765625, 55.413330078125 ], [ -133.737109374999989, 55.496923828124999 ] ] ], [ [ [ -131.404638671875006, 55.213330078124997 ], [ -131.23203125, 54.903759765624997 ], [ -131.406201171875011, 54.894287109375 ], [ -131.481738281249989, 55.035253906249999 ], [ -131.592236328125011, 55.025683593749996 ], [ -131.578466796875006, 55.248779296875 ], [ -131.404638671875006, 55.213330078124997 ] ] ], [ [ [ -132.06689453125, 56.244238281249999 ], [ -132.132958984374994, 55.943261718750001 ], [ -132.368603515625011, 55.939746093749996 ], [ -132.451171875, 56.056347656249997 ], [ -132.659912109375, 56.078173828124996 ], [ -132.699023437499989, 56.198193359374997 ], [ -132.379833984375011, 56.498779296875 ], [ -132.06689453125, 56.244238281249999 ] ] ], [ [ [ -130.979150390624994, 55.489160156250001 ], [ -131.187890625, 55.206298828125 ], [ -131.420703124999989, 55.27587890625 ], [ -131.447558593749989, 55.408789062499999 ], [ -131.7625, 55.165820312499996 ], [ -131.810986328125011, 55.223095703124997 ], [ -131.84609375, 55.416259765625 ], [ -131.647558593750006, 55.585546875 ], [ -131.624951171875011, 55.831689453125001 ], [ -131.269238281250011, 55.955371093749996 ], [ -130.997802734375, 55.727636718749999 ], [ -130.979150390624994, 55.489160156250001 ] ] ], [ [ [ -133.865966796875, 57.068701171874999 ], [ -133.07080078125, 56.974267578125001 ], [ -132.954150390624989, 56.880273437500001 ], [ -133.004101562500011, 56.623730468749997 ], [ -133.328955078125006, 56.830078125 ], [ -133.156640625, 56.611132812499996 ], [ -133.180810546874994, 56.473974609374999 ], [ -133.602783203125, 56.464111328125 ], [ -133.680957031249989, 56.797509765625001 ], [ -133.979443359375011, 57.009570312499996 ], [ -133.865966796875, 57.068701171874999 ] ] ], [ [ [ -132.862255859375011, 54.894433593750001 ], [ -132.617236328124989, 54.892431640624999 ], [ -132.705810546875, 54.684179687499999 ], [ -133.008935546874994, 54.854833984374999 ], [ -133.251171875000011, 55.175146484374999 ], [ -133.41796875, 55.210693359375 ], [ -133.429052734375006, 55.303808593749999 ], [ -133.296582031250011, 55.325732421874996 ], [ -133.097412109375, 55.213720703124999 ], [ -132.862255859375011, 54.894433593750001 ] ] ], [ [ [ -146.560302734375, 60.480566406249999 ], [ -146.102246093750011, 60.411181640625003 ], [ -146.5953125, 60.268457031249994 ], [ -146.702880859375, 60.395605468749999 ], [ -146.560302734375, 60.480566406249999 ] ] ], [ [ [ -147.499316406249989, 59.890185546875003 ], [ -147.872460937499994, 59.828369140625 ], [ -147.180859375000011, 60.358251953124999 ], [ -146.957861328125006, 60.288867187500003 ], [ -147.499316406249989, 59.890185546875003 ] ] ], [ [ [ -147.658251953124989, 60.450488281250003 ], [ -147.732128906250011, 60.222070312499994 ], [ -147.815820312499994, 60.18515625 ], [ -147.891455078125006, 60.299414062499999 ], [ -147.79453125, 60.459863281249994 ], [ -147.658251953124989, 60.450488281250003 ] ] ], [ [ [ -147.930712890624989, 60.826171875 ], [ -148.057421874999989, 60.817919921875003 ], [ -148.123779296875, 60.844335937499999 ], [ -148.037744140624994, 60.924121093750003 ], [ -147.930712890624989, 60.826171875 ] ] ], [ [ [ -152.908398437500011, 57.152441406249999 ], [ -153.29541015625, 57.000439453124997 ], [ -153.374609375, 57.051904296875001 ], [ -153.285205078124989, 57.18505859375 ], [ -152.908398437500011, 57.152441406249999 ] ] ], [ [ [ -152.486083984375, 58.485009765624994 ], [ -152.636621093749994, 58.541699218749997 ], [ -152.367919921875, 58.611083984375 ], [ -152.362255859375011, 58.570849609375003 ], [ -152.486083984375, 58.485009765624994 ] ] ], [ [ [ -153.240625, 57.85009765625 ], [ -153.294970703124989, 57.829492187500001 ], [ -153.520068359374989, 57.955761718749997 ], [ -153.346972656249989, 57.9328125 ], [ -153.240625, 57.85009765625 ] ] ], [ [ [ -155.566015625, 55.821191406250001 ], [ -155.680615234375011, 55.791845703124999 ], [ -155.737353515624989, 55.829785156249997 ], [ -155.593945312500011, 55.92431640625 ], [ -155.566015625, 55.821191406250001 ] ] ], [ [ [ -154.444873046874989, 56.573193359374997 ], [ -154.777148437499989, 56.439892578124997 ], [ -154.623730468750011, 56.561328125 ], [ -154.444873046874989, 56.573193359374997 ] ] ], [ [ [ -154.115966796875, 56.543896484374997 ], [ -154.322216796875011, 56.570605468749996 ], [ -154.110400390624989, 56.602929687500001 ], [ -154.115966796875, 56.543896484374997 ] ] ], [ [ [ -160.684912109375006, 55.314794921874999 ], [ -160.552783203124989, 55.380761718750001 ], [ -160.583154296874994, 55.3076171875 ], [ -160.487548828125, 55.184863281249996 ], [ -160.795068359374994, 55.145214843749997 ], [ -160.839648437499989, 55.335400390624997 ], [ -160.723925781249989, 55.404638671874999 ], [ -160.684912109375006, 55.314794921874999 ] ] ], [ [ [ -162.298144531249989, 54.847021484374999 ], [ -162.390771484374994, 54.872998046874997 ], [ -162.433886718749989, 54.931542968750001 ], [ -162.264599609375011, 54.983496093749999 ], [ -162.298144531249989, 54.847021484374999 ] ] ], [ [ [ -162.554394531250011, 54.4013671875 ], [ -162.733105468750011, 54.402294921874997 ], [ -162.820556640625, 54.49453125 ], [ -162.645410156249994, 54.462060546875001 ], [ -162.554394531250011, 54.4013671875 ] ] ], [ [ [ -159.872998046875011, 55.128759765624999 ], [ -160.169580078124994, 54.941699218749996 ], [ -160.22705078125, 54.922705078124999 ], [ -160.172070312500011, 55.123046875 ], [ -159.920458984374989, 55.267529296874997 ], [ -159.872998046875011, 55.128759765624999 ] ] ], [ [ [ -165.69287109375, 54.099902343749996 ], [ -166.036425781249989, 54.047167968749996 ], [ -166.105810546875006, 54.144824218749996 ], [ -165.892871093749989, 54.206982421874997 ], [ -165.69287109375, 54.099902343749996 ] ] ], [ [ [ -165.561132812500006, 54.13671875 ], [ -165.654150390625006, 54.253320312500001 ], [ -165.550634765625006, 54.284521484374999 ], [ -165.407861328124994, 54.196826171874996 ], [ -165.561132812500006, 54.13671875 ] ] ], [ [ [ -160.918994140624989, 58.577099609374997 ], [ -161.070263671875011, 58.569140625 ], [ -161.131494140624994, 58.668212890625 ], [ -160.715136718749989, 58.795214843750003 ], [ -160.918994140624989, 58.577099609374997 ] ] ], [ [ [ -172.742236328124989, 60.457373046874999 ], [ -172.3875, 60.398486328125003 ], [ -172.232080078124994, 60.299121093750003 ], [ -172.6357421875, 60.328857421875 ], [ -173.074023437499989, 60.493212890625003 ], [ -172.923876953124989, 60.606835937499994 ], [ -172.742236328124989, 60.457373046874999 ] ] ], [ [ [ -170.116162109375011, 57.241796875 ], [ -170.264013671875006, 57.136767578124996 ], [ -170.386621093749994, 57.203027343750001 ], [ -170.116162109375011, 57.241796875 ] ] ], [ [ [ -169.691943359374989, 52.847363281249997 ], [ -169.722753906250006, 52.792333984374999 ], [ -169.991845703124994, 52.829833984375 ], [ -169.820654296875006, 52.883398437499999 ], [ -169.691943359374989, 52.847363281249997 ] ] ], [ [ [ -170.584619140624994, 52.667578125 ], [ -170.827050781249994, 52.600732421875001 ], [ -170.682080078125011, 52.697558593749996 ], [ -170.584619140624994, 52.667578125 ] ] ], [ [ [ -172.313623046874994, 52.32958984375 ], [ -172.619824218750011, 52.272851562500001 ], [ -172.470410156250011, 52.388037109374999 ], [ -172.313623046874994, 52.32958984375 ] ] ], [ [ [ -169.755224609375006, 56.635058593749996 ], [ -169.550488281250011, 56.628125 ], [ -169.474316406250011, 56.594042968749996 ], [ -169.632617187499989, 56.545703125 ], [ -169.755224609375006, 56.635058593749996 ] ] ], [ [ [ -176.28671875, 51.7919921875 ], [ -176.349658203124989, 51.733300781250001 ], [ -176.413720703124994, 51.840576171875 ], [ -176.378564453124994, 51.861132812499996 ], [ -176.28671875, 51.7919921875 ] ] ], [ [ [ -175.975292968750011, 52.028955078125001 ], [ -176.142871093749989, 52.004296875 ], [ -176.184521484375011, 52.056054687500001 ], [ -176.077392578125, 52.099951171874999 ], [ -175.975292968750011, 52.028955078125001 ] ] ], [ [ [ -177.148193359375, 51.716748046874997 ], [ -177.654882812500006, 51.6765625 ], [ -177.670214843749989, 51.701074218750001 ], [ -177.257275390625011, 51.804931640625 ], [ -177.110058593750011, 51.928759765624996 ], [ -177.063037109374989, 51.901904296874996 ], [ -177.148193359375, 51.716748046874997 ] ] ], [ [ [ 178.570605468750045, 51.9775390625 ], [ 178.511816406250034, 51.899121093749997 ], [ 178.475, 51.967724609374997 ], [ 178.570605468750045, 51.9775390625 ] ] ], [ [ [ 179.451562500000023, 51.372607421874996 ], [ 179.278125, 51.372216796874994 ], [ 178.64794921875, 51.643896484374999 ], [ 178.908007812500045, 51.615576171874999 ], [ 179.451562500000023, 51.372607421874996 ] ] ], [ [ [ 173.722753906250034, 52.359570312499997 ], [ 173.6162109375, 52.391259765625001 ], [ 173.40234375, 52.40478515625 ], [ 173.776074218750011, 52.4951171875 ], [ 173.722753906250034, 52.359570312499997 ] ] ], [ [ [ -134.969775390624989, 57.351416015624999 ], [ -134.620703125, 56.718310546874996 ], [ -134.681884765625, 56.216162109374999 ], [ -134.980566406250006, 56.518945312500001 ], [ -134.883447265624994, 56.679052734374999 ], [ -135.017822265625, 56.66015625 ], [ -135.159033203125006, 56.725390625 ], [ -135.163134765624989, 56.824121093750001 ], [ -135.330615234374989, 56.821875 ], [ -135.199609375, 57.02734375 ], [ -135.341357421874989, 57.081591796874996 ], [ -135.454931640625006, 57.249414062500001 ], [ -135.661865234375, 57.033740234374996 ], [ -135.812304687499989, 57.009521484375 ], [ -135.82275390625, 57.280419921875001 ], [ -135.62451171875, 57.354394531250001 ], [ -135.448681640625011, 57.534375 ], [ -134.969775390624989, 57.351416015624999 ] ] ], [ [ [ -134.680273437500006, 58.161669921875003 ], [ -134.240087890625006, 58.143994140624997 ], [ -133.82275390625, 57.628662109375 ], [ -134.180273437500006, 58.011132812499994 ], [ -134.306884765625, 58.034375 ], [ -134.26708984375, 57.884521484375 ], [ -133.93701171875, 57.581591796874996 ], [ -133.973730468750006, 57.451367187499997 ], [ -133.908837890624994, 57.368701171874996 ], [ -134.435302734375, 57.056982421874999 ], [ -134.613085937499989, 57.137939453125 ], [ -134.486767578125011, 57.48203125 ], [ -134.659863281250011, 57.638085937500001 ], [ -134.923486328124994, 58.354638671874994 ], [ -134.680273437500006, 58.161669921875003 ] ] ], [ [ [ -135.730371093749994, 58.244238281249999 ], [ -135.5875, 58.146777343750003 ], [ -135.693115234375, 58.038525390624997 ], [ -135.613232421875011, 57.991845703125001 ], [ -135.346630859375011, 58.124121093749999 ], [ -134.9546875, 58.015332031249997 ], [ -134.970654296875011, 57.817236328124999 ], [ -135.338476562500006, 57.768652343749999 ], [ -134.978857421875006, 57.724365234375 ], [ -134.873095703124989, 57.589208984374999 ], [ -134.931494140625006, 57.481152343749997 ], [ -135.564208984375, 57.66640625 ], [ -135.691943359374989, 57.419921875 ], [ -135.910791015624994, 57.446582031249996 ], [ -136.076611328125011, 57.674560546875 ], [ -136.568603515625, 57.97216796875 ], [ -136.321972656250011, 58.218896484374994 ], [ -136.14375, 58.098486328124999 ], [ -136.094384765624994, 58.198144531249994 ], [ -135.730371093749994, 58.244238281249999 ] ] ], [ [ [ -133.566113281250011, 56.339208984374999 ], [ -133.202978515625006, 56.31982421875 ], [ -133.081738281250011, 56.194189453124999 ], [ -133.096630859375011, 56.090039062499997 ], [ -132.597607421875011, 55.89501953125 ], [ -132.172705078125006, 55.480615234375001 ], [ -132.511279296874989, 55.593945312499997 ], [ -132.631298828125011, 55.473193359374996 ], [ -132.417871093749994, 55.48291015625 ], [ -132.160253906250006, 55.322998046875 ], [ -132.206689453124994, 55.224414062499996 ], [ -131.976416015625006, 55.20859375 ], [ -132.021679687500011, 54.726318359375 ], [ -132.189257812499989, 54.73486328125 ], [ -132.34130859375, 54.9072265625 ], [ -132.549365234374989, 54.952587890624997 ], [ -132.622167968750006, 55.1359375 ], [ -132.701757812500006, 55.130517578125001 ], [ -132.704150390624989, 55.030078125 ], [ -132.782324218750006, 55.048486328125001 ], [ -133.118554687499994, 55.32763671875 ], [ -132.958886718749994, 55.395556640624996 ], [ -133.082470703125011, 55.504101562499997 ], [ -133.033398437500011, 55.589697265624999 ], [ -133.298242187499994, 55.606884765624997 ], [ -133.68017578125, 55.78515625 ], [ -133.41171875, 55.79833984375 ], [ -133.241503906249989, 55.920800781250001 ], [ -133.371240234374994, 56.035888671875 ], [ -133.742529296875006, 55.96484375 ], [ -133.530859375, 56.145654296875001 ], [ -133.566113281250011, 56.339208984374999 ] ] ], [ [ [ -134.143261718750011, 56.932324218749997 ], [ -133.738378906250006, 56.650439453124996 ], [ -133.855273437499989, 56.582177734375001 ], [ -133.94970703125, 56.127734375 ], [ -134.189599609374994, 56.076953125 ], [ -134.245068359375011, 56.203271484375001 ], [ -134.195458984374994, 56.413525390624997 ], [ -134.084375, 56.456347656249996 ], [ -134.290234375000011, 56.580029296874997 ], [ -134.373681640624994, 56.838671875 ], [ -134.143261718750011, 56.932324218749997 ] ] ], [ [ [ -152.416943359375011, 58.360205078124999 ], [ -152.125244140625, 58.374267578125 ], [ -151.974365234375, 58.309863281250003 ], [ -151.982519531250006, 58.244335937499997 ], [ -152.109082031250011, 58.1611328125 ], [ -152.268359374999989, 58.251708984375 ], [ -152.309228515624994, 58.133886718749999 ], [ -152.537646484374989, 58.100976562499994 ], [ -152.598242187500006, 58.16259765625 ], [ -152.928417968750011, 57.993701171874996 ], [ -153.38134765625, 58.087207031250003 ], [ -152.976123046874989, 58.297021484374994 ], [ -152.771875, 58.278564453125 ], [ -152.841113281249989, 58.41640625 ], [ -152.6123046875, 58.445703125 ], [ -152.416943359375011, 58.360205078124999 ] ] ], [ [ [ -167.96435546875, 53.345117187500001 ], [ -168.270703125000011, 53.238037109375 ], [ -168.505615234375, 53.043164062499997 ], [ -169.088916015624989, 52.83203125 ], [ -168.795849609375011, 53.044921875 ], [ -168.68984375, 53.227246093749997 ], [ -168.380419921874989, 53.283447265625 ], [ -168.396435546875011, 53.408789062499999 ], [ -168.287695312500006, 53.500146484375001 ], [ -168.073291015624989, 53.556982421874999 ], [ -167.828076171875011, 53.507958984375001 ], [ -167.96435546875, 53.345117187500001 ] ] ], [ [ [ -166.615332031250006, 53.900927734374996 ], [ -166.497460937499994, 53.883544921875 ], [ -166.372314453125, 53.998974609374997 ], [ -166.230859375, 53.9326171875 ], [ -166.54921875, 53.700976562499996 ], [ -166.309472656249994, 53.697509765625 ], [ -166.770410156249994, 53.476025390624997 ], [ -167.628613281250011, 53.259423828125001 ], [ -167.808789062500011, 53.323779296874996 ], [ -167.136083984375006, 53.526464843749999 ], [ -167.015722656250006, 53.698388671875001 ], [ -166.81875, 53.641357421875 ], [ -166.741259765624989, 53.712939453124996 ], [ -167.071484375000011, 53.783398437499997 ], [ -167.1181640625, 53.872607421874996 ], [ -167.0380859375, 53.9421875 ], [ -166.673291015625011, 54.005957031249999 ], [ -166.615332031250006, 53.900927734374996 ] ] ], [ [ [ -173.992480468749989, 52.123339843749996 ], [ -173.357226562499989, 52.095654296874997 ], [ -173.022900390625011, 52.079150390624996 ], [ -173.835791015625006, 52.048193359374999 ], [ -173.992480468749989, 52.123339843749996 ] ] ], [ [ [ -174.120654296874989, 52.135205078124997 ], [ -175.295556640624994, 52.022167968749997 ], [ -174.30615234375, 52.216162109374999 ], [ -174.258837890624989, 52.26904296875 ], [ -174.435546875, 52.317236328124999 ], [ -174.168896484375011, 52.420166015625 ], [ -174.018359374999989, 52.331787109375 ], [ -174.179394531250011, 52.200341796875001 ], [ -174.120654296874989, 52.135205078124997 ] ] ], [ [ [ -176.593310546874989, 51.86669921875 ], [ -176.437451171875011, 51.820117187499996 ], [ -176.452343750000011, 51.735693359374999 ], [ -176.961621093750011, 51.603662109375001 ], [ -176.874414062499994, 51.790478515624997 ], [ -176.736425781250006, 51.839941406249999 ], [ -176.698339843750006, 51.986035156249997 ], [ -176.549902343750006, 51.944042968749997 ], [ -176.593310546874989, 51.86669921875 ] ] ], [ [ [ -177.879052734374994, 51.649707031249996 ], [ -178.058886718749989, 51.672607421875 ], [ -177.986376953124989, 51.764257812499999 ], [ -178.194531250000011, 51.882226562500001 ], [ -177.953808593750011, 51.91845703125 ], [ -177.644482421875011, 51.826269531249999 ], [ -177.879052734374994, 51.649707031249996 ] ] ], [ [ [ 179.779980468750011, 51.966845703124996 ], [ 179.549609375000045, 51.89404296875 ], [ 179.50390625, 51.979589843749999 ], [ 179.627148437500011, 52.030419921875001 ], [ 179.779980468750011, 51.966845703124996 ] ] ], [ [ [ 177.594140625000023, 51.947558593749996 ], [ 177.328515625000023, 51.841064453125 ], [ 177.250292968750045, 51.902929687499999 ], [ 177.5205078125, 52.018212890625001 ], [ 177.563769531250045, 52.110498046875001 ], [ 177.669628906250011, 52.10302734375 ], [ 177.594140625000023, 51.947558593749996 ] ] ], [ [ [ 172.494824218750011, 52.937890625 ], [ 173.102148437500034, 52.99560546875 ], [ 173.43603515625, 52.85205078125 ], [ 172.935156250000034, 52.752099609375001 ], [ 172.494824218750011, 52.937890625 ] ] ], [ [ [ -155.309619140624989, 19.26015625 ], [ -155.680761718750006, 18.967675781249994 ], [ -155.881298828125011, 19.070507812499997 ], [ -155.890722656250006, 19.382519531249997 ], [ -156.048681640625006, 19.749951171874997 ], [ -155.8203125, 20.01416015625 ], [ -155.892773437500011, 20.167382812499994 ], [ -155.831640625, 20.275830078124997 ], [ -155.198779296874989, 19.994384765625 ], [ -155.06591796875, 19.748193359374994 ], [ -154.80419921875, 19.524462890625003 ], [ -155.053466796875, 19.319189453124991 ], [ -155.309619140624989, 19.26015625 ] ] ], [ [ [ -157.213623046875, 21.215380859375003 ], [ -156.952343750000011, 21.19970703125 ], [ -156.712158203125, 21.155078125 ], [ -156.85986328125, 21.056347656249997 ], [ -157.290332031249989, 21.112597656250003 ], [ -157.213623046875, 21.215380859375003 ] ] ], [ [ [ -156.48681640625, 20.932568359374997 ], [ -156.277539062500011, 20.951269531249991 ], [ -155.98984375, 20.757128906250003 ], [ -156.107128906250011, 20.644775390625 ], [ -156.408789062500006, 20.605175781249997 ], [ -156.480078125, 20.801220703124997 ], [ -156.615429687500011, 20.821826171875003 ], [ -156.69775390625, 20.949072265624991 ], [ -156.585400390625011, 21.034326171874994 ], [ -156.48681640625, 20.932568359374997 ] ] ], [ [ [ -157.799365234374989, 21.456640625 ], [ -157.720898437500011, 21.457714843749997 ], [ -157.635400390624994, 21.3076171875 ], [ -157.798779296875011, 21.268603515625003 ], [ -157.978417968749994, 21.378515625 ], [ -157.98095703125, 21.316113281249997 ], [ -158.1103515625, 21.318603515625 ], [ -158.273144531250011, 21.585253906250003 ], [ -157.9625, 21.701367187499997 ], [ -157.799365234374989, 21.456640625 ] ] ], [ [ [ -159.372753906250011, 21.932373046875 ], [ -159.608837890625011, 21.909521484374991 ], [ -159.789160156250006, 22.041796875 ], [ -159.579199218750006, 22.22314453125 ], [ -159.35205078125, 22.219580078124991 ], [ -159.300683593749994, 22.105273437500003 ], [ -159.372753906250011, 21.932373046875 ] ] ], [ [ [ -160.048730468749994, 22.004638671875 ], [ -160.234716796875006, 21.803662109374997 ], [ -160.220898437500011, 21.897265625 ], [ -160.048730468749994, 22.004638671875 ] ] ], [ [ [ -156.809375, 20.831152343749991 ], [ -156.973388671875, 20.757519531249997 ], [ -157.050585937499989, 20.912451171874991 ], [ -156.880566406250011, 20.904833984375003 ], [ -156.809375, 20.831152343749991 ] ] ], [ [ [ -74.708886718750023, 45.003857421875125 ], [ -71.517529296874997, 45.007568359375 ], [ -71.327294921874994, 45.290087890624996 ], [ -71.134667968749994, 45.262841796874994 ], [ -70.999902343749994, 45.337255859374999 ], [ -70.865039062499989, 45.270703125 ], [ -70.799169921874991, 45.40478515625 ], [ -70.689794921874991, 45.428320312499999 ], [ -70.702246093749991, 45.551367187499999 ], [ -70.296240234374991, 45.906103515624999 ], [ -70.248291015625, 46.250878906249994 ], [ -70.067187499999989, 46.441064453124994 ], [ -70.007714843749994, 46.708935546874997 ], [ -69.242871093749997, 47.462988281249999 ], [ -69.050195312499994, 47.426611328124999 ], [ -69.048583984375, 47.273632812499997 ], [ -68.937207031249997, 47.211230468749996 ], [ -68.235498046874994, 47.345947265625 ], [ -67.806787109374994, 47.0828125 ], [ -67.80224609375, 45.7275390625 ], [ -67.432666015624989, 45.603125 ], [ -67.472558593749994, 45.27587890625 ], [ -67.315283203124991, 45.15380859375 ], [ -67.124853515624991, 45.16943359375 ], [ -67.106738281249989, 44.885058593749996 ], [ -66.987011718749997, 44.827685546874996 ], [ -67.191259765624991, 44.675585937499996 ], [ -67.8390625, 44.576269531249999 ], [ -68.056640625, 44.384326171874996 ], [ -68.152050781249997, 44.502001953124996 ], [ -68.373730468749997, 44.445117187499996 ], [ -68.450585937499994, 44.507617187499996 ], [ -68.532519531249989, 44.258642578124999 ], [ -68.811914062499994, 44.33935546875 ], [ -68.710107421874994, 44.442578125 ], [ -68.794921875, 44.454492187499994 ], [ -68.7626953125, 44.570751953124997 ], [ -68.961474609374989, 44.433837890625 ], [ -69.137255859374989, 44.037841796875 ], [ -69.520751953125, 43.897363281249994 ], [ -69.556689453124989, 43.982763671874999 ], [ -69.623925781249994, 43.880615234375 ], [ -69.652880859374989, 43.993896484375 ], [ -69.729833984374991, 43.852001953124997 ], [ -69.7953125, 43.91064453125 ], [ -69.808349609375, 43.772314453124999 ], [ -70.062353515624991, 43.834619140624994 ], [ -70.269238281249997, 43.671923828124996 ], [ -70.202587890624997, 43.626123046874994 ], [ -70.520703125, 43.348828125 ], [ -70.829052734374997, 42.825341796874994 ], [ -70.735693359374991, 42.669287109374999 ], [ -70.612939453124994, 42.623242187499997 ], [ -70.831152343749991, 42.552587890624999 ], [ -71.046191406249989, 42.331103515624996 ], [ -70.73828125, 42.228857421874999 ], [ -70.61767578125, 42.040429687499994 ], [ -70.656152343749994, 41.987060546875 ], [ -70.426660156249994, 41.757275390624997 ], [ -70.001416015624997, 41.826171875 ], [ -70.110253906249994, 42.030126953124999 ], [ -70.241064453124991, 42.091210937499994 ], [ -70.108935546874989, 42.078320312499997 ], [ -69.977880859374991, 41.961279296874999 ], [ -69.948632812499994, 41.677148437499994 ], [ -70.657128906249994, 41.534228515624996 ], [ -70.701123046874997, 41.71484375 ], [ -71.168554687499991, 41.489404296874994 ], [ -71.148730468749989, 41.745703125 ], [ -71.27109375, 41.68125 ], [ -71.39013671875, 41.7953125 ], [ -71.363671875, 41.702734375 ], [ -71.522851562499994, 41.378955078124996 ], [ -72.924707031249994, 41.28515625 ], [ -73.5830078125, 41.021875 ], [ -73.987109374999989, 40.751367187499994 ], [ -73.871972656249994, 41.05517578125 ], [ -73.969921875, 41.249707031249997 ], [ -73.927197265624997, 40.914257812499997 ], [ -74.264208984374989, 40.528613281249996 ], [ -74.241503906249989, 40.45625 ], [ -73.972265625, 40.400341796874997 ], [ -74.079931640624991, 39.788134765624996 ], [ -74.064599609374994, 39.993115234374997 ], [ -74.256542968749997, 39.613867187499999 ], [ -74.407031249999989, 39.548779296874997 ], [ -74.428808593749991, 39.38720703125 ], [ -74.602978515624997, 39.292578125 ], [ -74.794482421874989, 39.001904296874997 ], [ -74.954296875, 38.949951171875 ], [ -74.897021484374989, 39.145458984374997 ], [ -75.136132812499994, 39.207861328124999 ], [ -75.524218749999989, 39.490185546874997 ], [ -75.421875, 39.789697265624994 ], [ -75.15380859375, 39.870507812499994 ], [ -75.074169921874997, 39.983496093749999 ], [ -75.400634765625, 39.831591796874996 ], [ -75.587597656249997, 39.640771484374994 ], [ -75.3921875, 39.0927734375 ], [ -75.088671874999989, 38.777539062499997 ], [ -75.187109375, 38.591113281249996 ], [ -75.072851562499991, 38.578710937499999 ], [ -75.038769531249997, 38.426367187499999 ], [ -75.353515625, 38.065039062499999 ], [ -75.587109375, 37.558691406249999 ], [ -75.812060546874989, 37.425195312499994 ], [ -75.934375, 37.151904296874996 ], [ -75.975048828124997, 37.3984375 ], [ -75.659277343749991, 37.953955078124999 ], [ -75.850830078125, 37.971582031249994 ], [ -75.7953125, 38.086669921875 ], [ -75.928076171874991, 38.169238281249996 ], [ -75.858691406249989, 38.362060546875 ], [ -76.051220703124997, 38.279541015625 ], [ -76.2646484375, 38.436425781249994 ], [ -76.26416015625, 38.599951171874999 ], [ -76.016943359374991, 38.625097656249999 ], [ -76.212988281249991, 38.75830078125 ], [ -76.341162109374991, 38.709667968749997 ], [ -76.300341796874989, 38.818212890624999 ], [ -76.168164062499997, 38.852734375 ], [ -76.240820312499991, 38.943066406249997 ], [ -76.330664062499991, 38.90859375 ], [ -76.312744140625, 39.009375 ], [ -76.185693359374994, 38.99072265625 ], [ -76.135205078124997, 39.082128906249999 ], [ -76.216845703124989, 39.063623046874994 ], [ -76.235693359374991, 39.191601562499997 ], [ -76.074365234374994, 39.368847656249997 ], [ -75.8759765625, 39.3759765625 ], [ -76.003125, 39.410839843749997 ], [ -75.872949218749994, 39.510888671874994 ], [ -76.06298828125, 39.561132812499999 ], [ -76.097265625, 39.43310546875 ], [ -76.2158203125, 39.379931640624996 ], [ -76.24765625, 39.438623046874994 ], [ -76.2763671875, 39.32275390625 ], [ -76.330810546875, 39.40390625 ], [ -76.4208984375, 39.225 ], [ -76.570410156249991, 39.269335937499996 ], [ -76.427587890624991, 39.126025390624996 ], [ -76.473095703124997, 39.030615234374999 ], [ -76.558544921874997, 39.065234375 ], [ -76.49375, 38.945214843749994 ], [ -76.501318359374991, 38.532177734374997 ], [ -76.394091796874989, 38.368994140624999 ], [ -76.572412109374994, 38.435791015625 ], [ -76.67734375, 38.611962890624994 ], [ -76.668554687499991, 38.5375 ], [ -76.641992187499994, 38.454345703125 ], [ -76.408789062499991, 38.268261718749997 ], [ -76.341162109374991, 38.087011718749999 ], [ -76.769140625, 38.262939453125 ], [ -76.868115234374997, 38.390283203124994 ], [ -76.889746093749991, 38.292089843749999 ], [ -77.001171875, 38.445263671874997 ], [ -77.232519531249991, 38.40771484375 ], [ -77.220898437499997, 38.540966796874997 ], [ -77.018164062499991, 38.777734375 ], [ -77.030371093749991, 38.889257812499999 ], [ -77.045605468749997, 38.77578125 ], [ -77.260400390624994, 38.6 ], [ -77.273242187499989, 38.351757812499997 ], [ -77.046777343749994, 38.356689453125 ], [ -76.906347656249991, 38.197070312499996 ], [ -76.549511718749997, 38.094482421875 ], [ -76.264257812499991, 37.8935546875 ], [ -76.344140625, 37.675683593749994 ], [ -76.492480468749989, 37.682226562499999 ], [ -76.939990234374989, 38.095458984375 ], [ -77.111083984375, 38.165673828124994 ], [ -76.549462890624994, 37.669140625 ], [ -76.305566406249994, 37.571484375 ], [ -76.367626953124997, 37.5302734375 ], [ -76.2685546875, 37.495166015624996 ], [ -76.263476562499989, 37.35703125 ], [ -76.400976562499991, 37.386132812499994 ], [ -76.453906249999989, 37.273535156249999 ], [ -76.757714843749994, 37.505419921874996 ], [ -76.283300781249991, 37.052685546874997 ], [ -76.40087890625, 36.991308593749999 ], [ -76.630908203124989, 37.221728515624996 ], [ -77.250878906249994, 37.329199218749999 ], [ -76.671875, 37.172949218749999 ], [ -76.487841796874989, 36.897021484374996 ], [ -75.999414062499994, 36.912646484374996 ], [ -75.5341796875, 35.819091796875 ], [ -75.946484375, 36.659082031249994 ], [ -75.992773437499991, 36.473779296874994 ], [ -75.820068359375, 36.112841796874996 ], [ -76.147851562499994, 36.279296875 ], [ -76.15, 36.145751953125 ], [ -76.270605468749991, 36.189892578124997 ], [ -76.227392578124991, 36.116015625 ], [ -76.383691406249994, 36.133544921875 ], [ -76.559375, 36.015332031249997 ], [ -76.67890625, 36.075292968749999 ], [ -76.733642578125, 36.229150390624994 ], [ -76.726220703124994, 35.957617187499999 ], [ -76.069775390624997, 35.9703125 ], [ -76.08359375, 35.690527343749999 ], [ -76.001171875, 35.72216796875 ], [ -75.97890625, 35.895947265624997 ], [ -75.85390625, 35.96015625 ], [ -75.758837890624989, 35.84326171875 ], [ -75.77392578125, 35.64697265625 ], [ -76.173828125, 35.354150390624994 ], [ -76.489501953125, 35.397021484374996 ], [ -76.577197265624989, 35.532324218749999 ], [ -76.74140625, 35.431494140624999 ], [ -77.039990234374997, 35.527392578124996 ], [ -76.512939453125, 35.270410156249994 ], [ -76.628027343749991, 35.073339843749999 ], [ -76.779150390624991, 34.990332031249999 ], [ -77.070263671874997, 35.154638671874999 ], [ -76.974951171874991, 35.025195312499996 ], [ -76.744970703124991, 34.940966796874996 ], [ -76.456738281249997, 34.989355468749999 ], [ -76.362207031249994, 34.9365234375 ], [ -76.439794921874991, 34.842919921874994 ], [ -76.733203124999989, 34.706982421874997 ], [ -77.133886718749991, 34.707910156249994 ], [ -77.296240234374991, 34.602929687499994 ], [ -77.412255859374994, 34.730810546874999 ], [ -77.379785156249994, 34.526611328125 ], [ -77.750732421875, 34.284960937499996 ], [ -77.927832031249991, 33.939746093749996 ], [ -77.953271484374994, 34.168994140624996 ], [ -78.013330078124994, 33.911816406249997 ], [ -78.405859375, 33.917578125 ], [ -78.841455078124994, 33.724072265624997 ], [ -79.13818359375, 33.405908203124994 ], [ -79.193798828124997, 33.244140625 ], [ -79.226464843749994, 33.404882812499999 ], [ -79.276025390624994, 33.135400390624994 ], [ -79.587109375, 33.000878906249994 ], [ -79.804980468749989, 32.787402343749996 ], [ -79.93310546875, 32.81005859375 ], [ -79.940722656249989, 32.667138671874994 ], [ -80.362841796874989, 32.500732421875 ], [ -80.634179687499994, 32.51171875 ], [ -80.474267578124994, 32.422753906249994 ], [ -80.579345703125, 32.287304687499997 ], [ -80.802539062499989, 32.448046875 ], [ -80.694238281249994, 32.215722656249994 ], [ -80.84921875, 32.113916015624994 ], [ -80.9234375, 31.944921875 ], [ -81.11328125, 31.878613281249997 ], [ -81.066113281249997, 31.787988281249994 ], [ -81.197900390624994, 31.704199218749999 ], [ -81.169921875, 31.610302734374997 ], [ -81.259375, 31.538916015624999 ], [ -81.175439453124994, 31.531298828124996 ], [ -81.380957031249991, 31.353271484375 ], [ -81.288476562499994, 31.263916015625 ], [ -81.460351562499994, 31.127050781249999 ], [ -81.516210937499991, 30.801806640624996 ], [ -81.24951171875, 29.793798828124999 ], [ -80.9, 29.049853515624996 ], [ -80.524121093749997, 28.486083984375 ], [ -80.5849609375, 28.271582031249999 ], [ -80.456884765624991, 27.900683593749996 ], [ -80.610009765624994, 28.177587890624999 ], [ -80.60693359375, 28.522900390624997 ], [ -80.693505859374994, 28.344970703125 ], [ -80.6884765625, 28.578515625 ], [ -80.838183593749989, 28.757666015624999 ], [ -80.748632812499991, 28.381005859374994 ], [ -80.050048828125, 26.807714843749999 ], [ -80.126367187499994, 25.83349609375 ], [ -80.158935546875, 25.878320312499994 ], [ -80.366943359375, 25.33125 ], [ -80.484667968749989, 25.229833984374991 ], [ -81.110498046874994, 25.138037109374991 ], [ -81.136035156249989, 25.309667968749991 ], [ -80.9404296875, 25.264208984375003 ], [ -81.113330078124989, 25.367236328125003 ], [ -81.364941406249997, 25.8310546875 ], [ -81.715478515624994, 25.983154296875 ], [ -81.866552734374991, 26.435009765624997 ], [ -81.958935546874997, 26.489941406249997 ], [ -81.828662109374989, 26.687060546874996 ], [ -82.039599609374989, 26.552050781249996 ], [ -82.01328125, 26.961572265624994 ], [ -82.181103515624997, 26.936767578125 ], [ -82.1806640625, 26.840087890625 ], [ -82.2900390625, 26.870800781249997 ], [ -82.714599609375, 27.499609375 ], [ -82.40576171875, 27.862890625 ], [ -82.675195312499994, 27.963769531249994 ], [ -82.610986328124994, 27.777246093749994 ], [ -82.742871093749997, 27.709375 ], [ -82.843505859375, 27.845996093749996 ], [ -82.66064453125, 28.48583984375 ], [ -82.651464843749991, 28.8875 ], [ -83.290478515624997, 29.451904296875 ], [ -83.694384765624989, 29.925976562499997 ], [ -84.044238281249989, 30.103808593749996 ], [ -84.309667968749991, 30.064746093749996 ], [ -84.3828125, 29.907373046874994 ], [ -85.318945312499991, 29.680224609374996 ], [ -85.413818359375, 29.767578125 ], [ -85.413818359375, 29.842480468749997 ], [ -85.314892578124997, 29.758105468749996 ], [ -85.353613281249991, 29.875732421875 ], [ -85.67578125, 30.121923828124999 ], [ -85.603515625, 30.286767578124994 ], [ -85.740820312499991, 30.244384765625 ], [ -85.755810546874997, 30.1669921875 ], [ -86.454443359374991, 30.399121093749997 ], [ -86.123828124999989, 30.405810546874996 ], [ -86.257373046874989, 30.493017578124999 ], [ -87.201171875, 30.339257812499994 ], [ -86.985791015624997, 30.430859375 ], [ -86.99755859375, 30.5703125 ], [ -87.072021484375, 30.500439453124997 ], [ -87.170605468749997, 30.538769531249997 ], [ -87.281054687499989, 30.339257812499994 ], [ -87.47578125, 30.294287109374999 ], [ -87.448291015624989, 30.394140625 ], [ -87.622265625, 30.264746093749999 ], [ -88.005957031249991, 30.230908203124997 ], [ -87.790283203125, 30.291796875 ], [ -88.011328125, 30.694189453124999 ], [ -88.135449218749997, 30.366601562499994 ], [ -88.905224609374997, 30.415136718749999 ], [ -89.320556640625, 30.3453125 ], [ -89.588476562499991, 30.165966796874997 ], [ -90.1259765625, 30.369091796874997 ], [ -90.331982421874997, 30.277587890625 ], [ -90.413037109374997, 30.140332031249997 ], [ -90.175341796874989, 30.029101562499996 ], [ -89.737451171874994, 30.171972656249999 ], [ -89.6650390625, 30.117041015624999 ], [ -89.815185546875, 30.007275390624997 ], [ -89.631689453124991, 29.90380859375 ], [ -89.494433593749989, 30.058154296874996 ], [ -89.400732421874991, 30.046044921874994 ], [ -89.354443359374997, 29.820214843749994 ], [ -89.720898437499997, 29.619287109374994 ], [ -89.513671875, 29.420068359374994 ], [ -89.180761718749991, 29.335693359375 ], [ -89.015722656249991, 29.202880859375 ], [ -89.155517578125, 29.0166015625 ], [ -89.236083984375, 29.081103515624996 ], [ -89.376123046874994, 28.981347656249994 ], [ -89.443164062499989, 29.194140625 ], [ -89.792382812499994, 29.333203125 ], [ -89.877246093749989, 29.4580078125 ], [ -90.159082031249994, 29.537158203124996 ], [ -90.052783203124989, 29.336816406249994 ], [ -90.212792968749994, 29.104931640624997 ], [ -90.379199218749989, 29.295117187499997 ], [ -90.586230468749989, 29.271533203124996 ], [ -90.751025390624989, 29.130859375 ], [ -91.290136718749991, 29.288964843749994 ], [ -91.15078125, 29.317919921874996 ], [ -91.248828124999989, 29.564208984375 ], [ -91.514208984374989, 29.555371093749997 ], [ -91.672460937499991, 29.74609375 ], [ -91.824414062499997, 29.750683593749997 ], [ -91.893164062499991, 29.836035156249999 ], [ -92.135498046875, 29.699462890625 ], [ -92.084033203124989, 29.592822265624996 ], [ -92.260839843749991, 29.556835937499997 ], [ -92.671289062499994, 29.597070312499994 ], [ -93.175683593749994, 29.778955078124994 ], [ -93.826464843749989, 29.725146484374996 ], [ -93.883886718749991, 29.810009765624997 ], [ -93.76904296875, 29.952294921874994 ], [ -93.841455078124994, 29.979736328125 ], [ -93.9462890625, 29.814990234374996 ], [ -93.890478515624991, 29.689355468749994 ], [ -94.099658203124989, 29.67041015625 ], [ -94.759619140624991, 29.38427734375 ], [ -94.526269531249994, 29.547949218749999 ], [ -94.778271484374997, 29.5478515625 ], [ -94.741943359375, 29.75 ], [ -95.022851562499994, 29.70234375 ], [ -94.88828125, 29.370556640624997 ], [ -95.273486328124989, 28.9638671875 ], [ -96.234521484374994, 28.488964843749997 ], [ -96.011035156249989, 28.631933593749999 ], [ -96.3734375, 28.65703125 ], [ -96.44873046875, 28.594482421875 ], [ -96.640039062499994, 28.708789062499996 ], [ -96.524658203125, 28.488720703124997 ], [ -96.42109375, 28.457324218749996 ], [ -96.676367187499991, 28.34130859375 ], [ -96.773535156249991, 28.421630859375 ], [ -96.839501953124994, 28.194384765624996 ], [ -97.156494140625, 28.144335937499996 ], [ -97.141259765624994, 28.060742187499997 ], [ -97.034326171874994, 28.093847656249999 ], [ -97.073095703124991, 27.986083984375 ], [ -97.171435546874989, 27.879589843749997 ], [ -97.431494140624991, 27.837207031249996 ], [ -97.288720703124994, 27.670605468749997 ], [ -97.439111328124994, 27.328271484374994 ], [ -97.768457031249994, 27.45751953125 ], [ -97.6923828125, 27.287158203124996 ], [ -97.485107421875, 27.237402343749999 ], [ -97.5546875, 26.967333984374996 ], [ -97.43505859375, 26.48583984375 ], [ -97.140185546874989, 26.029736328124997 ], [ -97.146240234375, 25.961474609375003 ], [ -97.358154296875, 25.870507812499994 ], [ -97.801416015624994, 26.042041015624996 ], [ -98.275048828124994, 26.111181640624999 ], [ -99.107763671874991, 26.446923828124994 ], [ -99.229931640624997, 26.761914062499997 ], [ -99.45654296875, 27.056689453124996 ], [ -99.505322265624997, 27.54833984375 ], [ -100.296044921874994, 28.327685546874996 ], [ -100.331738281249997, 28.502539062499999 ], [ -100.754589843749997, 29.182519531249994 ], [ -101.38037109375, 29.742578125 ], [ -102.343066406249989, 29.864990234375 ], [ -102.734179687499989, 29.643945312499994 ], [ -102.891992187499994, 29.21640625 ], [ -103.257714843749994, 29.001123046874994 ], [ -104.400634765625, 29.57373046875 ], [ -104.622216796874994, 29.854296875 ], [ -104.681347656249997, 30.134375 ], [ -104.917871093749994, 30.583349609374999 ], [ -106.148046875, 31.450927734375 ], [ -106.445410156249991, 31.768408203124999 ], [ -108.211816406249994, 31.779345703124996 ], [ -108.214453125, 31.329443359374999 ], [ -111.0419921875, 31.32421875 ], [ -114.8359375, 32.50830078125 ], [ -114.724755859374994, 32.71533203125 ], [ -117.128271484375006, 32.533349609374994 ], [ -117.137402343749997, 32.649169921875 ], [ -117.243457031249989, 32.664013671874997 ], [ -117.31884765625, 33.100048828124997 ], [ -117.467431640624994, 33.295507812499999 ], [ -118.080517578124997, 33.72216796875 ], [ -118.410449218749989, 33.743945312499996 ], [ -118.39296875, 33.858300781249994 ], [ -118.506201171875006, 34.017382812499996 ], [ -119.14375, 34.112011718749997 ], [ -119.267675781250006, 34.257421875 ], [ -119.606054687500006, 34.418017578124996 ], [ -120.481201171875, 34.471630859374997 ], [ -120.644677734374994, 34.579980468749994 ], [ -120.659082031249994, 35.122412109374999 ], [ -120.857373046874997, 35.209667968749997 ], [ -120.899609375, 35.425097656249996 ], [ -121.283837890624994, 35.676318359374996 ], [ -121.877392578124997, 36.3310546875 ], [ -121.918652343749997, 36.572363281249999 ], [ -121.789990234374997, 36.732275390624999 ], [ -121.807421874999989, 36.851220703124994 ], [ -121.880664062499989, 36.938916015624997 ], [ -122.164208984374994, 36.990966796875 ], [ -122.394921875, 37.20751953125 ], [ -122.49921875, 37.542626953124994 ], [ -122.514208984374989, 37.77197265625 ], [ -122.445605468749989, 37.797998046874994 ], [ -122.297607421875, 37.591845703124996 ], [ -122.070507812499997, 37.478271484375 ], [ -122.385449218749997, 37.960595703124994 ], [ -122.314257812499989, 38.00732421875 ], [ -121.525341796874997, 38.055908203125 ], [ -122.031494140625, 38.12353515625 ], [ -122.153759765624997, 38.065527343749999 ], [ -122.393359374999989, 38.144824218749996 ], [ -122.48388671875, 38.108837890624997 ], [ -122.466894531250006, 37.838183593749996 ], [ -122.521337890625006, 37.826416015625 ], [ -122.931982421875006, 38.05546875 ], [ -122.998779296875, 37.988623046874999 ], [ -122.977587890624989, 38.22734375 ], [ -122.876806640625006, 38.123339843749996 ], [ -122.908154296874997, 38.196582031249996 ], [ -123.701123046874997, 38.907275390624996 ], [ -123.832910156249994, 39.775488281249999 ], [ -124.324023437499989, 40.251953125 ], [ -124.371679687500006, 40.4912109375 ], [ -124.190234374999989, 40.771728515625 ], [ -124.071923828124994, 41.459521484374996 ], [ -124.24462890625, 41.787939453124999 ], [ -124.211669921875, 41.984619140625 ], [ -124.355273437499989, 42.122900390624999 ], [ -124.406152343749994, 42.583691406249997 ], [ -124.539648437500006, 42.812890625 ], [ -124.346582031249994, 43.341650390624999 ], [ -124.196923828124994, 43.42333984375 ], [ -124.287988281249994, 43.409716796874996 ], [ -124.148730468749989, 43.691748046874999 ], [ -123.929345703124994, 45.576953125 ], [ -123.989306640624989, 46.219384765624994 ], [ -123.220605468749994, 46.153613281249996 ], [ -123.46484375, 46.27109375 ], [ -124.07275390625, 46.279443359374994 ], [ -124.044335937499994, 46.605078125 ], [ -123.946142578125006, 46.432568359374997 ], [ -123.88916015625, 46.660009765624999 ], [ -124.071679687499994, 46.744775390624994 ], [ -124.112548828125, 46.862695312499994 ], [ -123.842871093750006, 46.963183593749996 ], [ -124.11171875, 47.035205078124996 ], [ -124.139257812500006, 46.9546875 ], [ -124.376025390624989, 47.658642578124997 ], [ -124.6630859375, 47.97412109375 ], [ -124.7099609375, 48.38037109375 ], [ -123.97578125, 48.16845703125 ], [ -123.161865234375, 48.154541015625 ], [ -122.973876953125, 48.073291015624996 ], [ -122.778613281249989, 48.137597656249994 ], [ -122.656640625, 47.881152343749996 ], [ -122.778417968750006, 47.738427734374994 ], [ -122.821386718750006, 47.793164062499997 ], [ -123.1390625, 47.386083984374999 ], [ -122.922167968749989, 47.407666015624997 ], [ -123.066796875, 47.399658203125 ], [ -123.06015625, 47.453662109374996 ], [ -122.5328125, 47.919726562499996 ], [ -122.52392578125, 47.769335937499996 ], [ -122.675488281249997, 47.612353515624996 ], [ -122.557421874999989, 47.463183593749996 ], [ -122.577880859375, 47.293164062499997 ], [ -122.707714843749997, 47.31640625 ], [ -122.767773437499997, 47.218359375 ], [ -122.828466796875006, 47.336572265624994 ], [ -122.91953125, 47.289648437499999 ], [ -123.027587890625, 47.138916015625 ], [ -122.701953124999989, 47.110888671874996 ], [ -122.353808593749989, 47.37158203125 ], [ -122.401806640624997, 47.784277343749999 ], [ -122.241992187499989, 48.0107421875 ], [ -122.415820312499989, 48.183935546874999 ], [ -122.394775390625, 48.084130859374994 ], [ -122.516992187499994, 48.15966796875 ], [ -122.408544921875006, 48.293896484374997 ], [ -122.668994140624989, 48.465234375 ], [ -122.496777343749997, 48.505566406249997 ], [ -122.512744140624989, 48.66943359375 ], [ -122.56201171875, 48.777978515624994 ], [ -122.6859375, 48.794287109374999 ], [ -122.788769531249997, 48.993017578124999 ], [ -95.162060546874997, 48.991748046874996 ], [ -95.1552734375, 49.369677734375102 ], [ -94.854345703124991, 49.304589843749994 ], [ -94.803466796875, 49.0029296875 ], [ -94.620898437499989, 48.742626953124997 ], [ -93.707714843749997, 48.525439453124996 ], [ -93.377880859375011, 48.616552734374977 ], [ -92.996240234374994, 48.61181640625 ], [ -92.500585937499991, 48.435351562499996 ], [ -92.414599609374989, 48.276611328125 ], [ -92.005175781249989, 48.301855468749999 ], [ -91.518310546875, 48.058300781250125 ], [ -90.916064453124989, 48.209130859374994 ], [ -90.744384765625, 48.104589843749999 ], [ -90.091796875, 48.118115234375068 ], [ -89.901025390625023, 47.995458984375091 ], [ -89.455664062499991, 47.996240234374994 ], [ -88.378173828125, 48.303076171875091 ], [ -84.8759765625, 46.89990234375 ], [ -84.779394531249991, 46.637304687499999 ], [ -84.561767578125, 46.457373046874999 ], [ -84.149462890624989, 46.542773437499996 ], [ -84.08837890625, 46.226513671874997 ], [ -83.977783203125, 46.084912109374997 ], [ -83.615966796875, 46.116845703125023 ], [ -83.469482421875, 45.994677734374989 ], [ -83.592675781250023, 45.817138671875057 ], [ -82.551074218749989, 45.347363281249997 ], [ -82.137841796875023, 43.570898437500034 ], [ -82.408203125, 43.07265625 ], [ -82.5453125, 42.624707031249997 ], [ -83.073144531249994, 42.30029296875 ], [ -83.149658203125, 42.141943359374999 ], [ -83.141943359374991, 41.975878906249996 ], [ -83.029980468749997, 41.832958984374997 ], [ -82.690039062499991, 41.675195312499994 ], [ -82.4390625, 41.674853515624996 ], [ -81.277636718749989, 42.209179687499997 ], [ -80.24755859375, 42.366015625 ], [ -79.03671875, 42.80234375 ], [ -78.915087890624989, 42.909130859375011 ], [ -79.026171874999989, 43.017333984375 ], [ -79.171875, 43.466552734375114 ], [ -78.845556640624991, 43.583349609374999 ], [ -76.819970703125023, 43.62880859375008 ], [ -76.151171874999989, 44.303955078125 ], [ -75.179394531250011, 44.899365234375125 ], [ -74.708886718750023, 45.003857421875125 ] ] ], [ [ [ -72.274121093749997, 41.153027343749997 ], [ -72.580859374999989, 40.921337890624997 ], [ -71.903222656249994, 41.060693359374994 ], [ -73.194287109374997, 40.654199218749994 ], [ -73.899560546874994, 40.570507812499997 ], [ -73.799169921874991, 40.640966796874999 ], [ -74.014892578125, 40.581201171874994 ], [ -74.032031249999989, 40.638671875 ], [ -73.879248046874991, 40.791650390624994 ], [ -73.573828125, 40.919628906249997 ], [ -72.625097656249991, 40.991845703124994 ], [ -72.274121093749997, 41.153027343749997 ] ] ], [ [ [ -68.187255859375, 44.332470703124997 ], [ -68.309277343749997, 44.321484375 ], [ -68.315087890624994, 44.249707031249997 ], [ -68.41171875, 44.294335937499994 ], [ -68.299414062499991, 44.456494140624997 ], [ -68.187255859375, 44.332470703124997 ] ] ], [ [ [ -74.188134765624994, 40.522851562499994 ], [ -74.188183593749997, 40.614599609374999 ], [ -74.06875, 40.649316406249994 ], [ -74.0796875, 40.586474609374996 ], [ -74.188134765624994, 40.522851562499994 ] ] ], [ [ [ -70.509912109374994, 41.376318359374999 ], [ -70.785302734374994, 41.327441406249996 ], [ -70.829199218749991, 41.358984375 ], [ -70.616015624999989, 41.457226562499997 ], [ -70.509912109374994, 41.376318359374999 ] ] ], [ [ [ -71.24140625, 41.491943359375 ], [ -71.346240234374989, 41.469384765624994 ], [ -71.23203125, 41.654296875 ], [ -71.24140625, 41.491943359375 ] ] ], [ [ [ -69.977929687499994, 41.265576171874997 ], [ -70.055078125, 41.249462890624997 ], [ -70.233056640624994, 41.286328125 ], [ -70.041210937499997, 41.3974609375 ], [ -69.977929687499994, 41.265576171874997 ] ] ], [ [ [ -75.648876953124997, 35.910400390625 ], [ -75.65078125, 35.835595703124994 ], [ -75.7171875, 35.946142578124999 ], [ -75.648876953124997, 35.910400390625 ] ] ], [ [ [ -75.544140625, 35.240087890624999 ], [ -75.690087890624994, 35.221582031249994 ], [ -75.536376953125, 35.278613281249996 ], [ -75.503515625, 35.769140625 ], [ -75.464746093749994, 35.448632812499994 ], [ -75.544140625, 35.240087890624999 ] ] ], [ [ [ -75.781933593749997, 35.190185546875 ], [ -75.963671874999989, 35.118847656249997 ], [ -75.984179687499989, 35.123095703124996 ], [ -75.864941406249997, 35.174121093749996 ], [ -75.781933593749997, 35.190185546875 ] ] ], [ [ [ -76.503662109375, 34.64296875 ], [ -76.43701171875, 34.75634765625 ], [ -76.207373046874991, 34.938916015624997 ], [ -76.357714843749989, 34.803662109374997 ], [ -76.503662109375, 34.64296875 ] ] ], [ [ [ -82.037207031249991, 26.45361328125 ], [ -82.144970703124997, 26.446679687499994 ], [ -82.201367187499997, 26.548046875 ], [ -82.116064453124991, 26.4609375 ], [ -82.037207031249991, 26.45361328125 ] ] ], [ [ [ -82.121142578124989, 26.66552734375 ], [ -82.085205078125, 26.493603515624997 ], [ -82.169140625, 26.700732421874996 ], [ -82.121142578124989, 26.66552734375 ] ] ], [ [ [ -80.3818359375, 25.142285156249997 ], [ -80.58056640625, 24.954248046874994 ], [ -80.257080078125, 25.347607421874997 ], [ -80.3818359375, 25.142285156249997 ] ] ], [ [ [ -91.754296875, 29.56689453125 ], [ -91.830859374999989, 29.486474609374994 ], [ -92.006640624999989, 29.610302734374997 ], [ -91.875244140625, 29.640966796874999 ], [ -91.754296875, 29.56689453125 ] ] ], [ [ [ -97.014355468749997, 27.901611328125 ], [ -96.978662109374994, 28.013867187499997 ], [ -96.857421875, 28.132910156249999 ], [ -96.839746093749994, 28.088818359374997 ], [ -97.014355468749997, 27.901611328125 ] ] ], [ [ [ -96.764404296875, 28.152587890625 ], [ -96.755615234375, 28.202441406249996 ], [ -96.403564453125, 28.381591796875 ], [ -96.413330078125, 28.337792968749994 ], [ -96.764404296875, 28.152587890625 ] ] ], [ [ [ -97.060546875, 27.822021484375 ], [ -97.384814453124989, 27.242529296874999 ], [ -97.295019531249991, 27.523095703124994 ], [ -97.060546875, 27.822021484375 ] ] ], [ [ [ -94.864941406249997, 29.252880859374997 ], [ -95.089648437499989, 29.136328125 ], [ -94.767626953124989, 29.3390625 ], [ -94.864941406249997, 29.252880859374997 ] ] ], [ [ [ -97.170703124999989, 26.159375 ], [ -97.402099609375, 26.820507812499997 ], [ -97.385986328125, 27.196484375 ], [ -97.351220703124994, 26.801464843749997 ], [ -97.170703124999989, 26.159375 ] ] ], [ [ [ -120.306591796874997, 34.024853515624997 ], [ -120.359716796875006, 34.022265625 ], [ -120.441552734374994, 34.032910156249997 ], [ -120.367724609374989, 34.073291015624996 ], [ -120.306591796874997, 34.024853515624997 ] ] ], [ [ [ -119.438037109374989, 33.2171875 ], [ -119.543652343749997, 33.224609375 ], [ -119.5751953125, 33.2783203125 ], [ -119.478808593749989, 33.274609375 ], [ -119.438037109374989, 33.2171875 ] ] ], [ [ [ -118.350390624999989, 32.827587890624997 ], [ -118.473193359374989, 32.838916015624996 ], [ -118.590185546875006, 33.011181640624997 ], [ -118.557080078124997, 33.032666015624997 ], [ -118.350390624999989, 32.827587890624997 ] ] ], [ [ [ -119.983935546874989, 33.973339843749997 ], [ -120.167138671874994, 33.918066406249999 ], [ -120.251904296874997, 34.013867187499997 ], [ -120.071826171874989, 34.026513671874994 ], [ -119.983935546874989, 33.973339843749997 ] ] ], [ [ [ -119.882373046874989, 34.0796875 ], [ -119.569140624999989, 34.052978515625 ], [ -119.549267578124997, 34.028173828124999 ], [ -119.8095703125, 33.9677734375 ], [ -119.882373046874989, 34.0796875 ] ] ], [ [ [ -118.569433593750006, 33.464160156249996 ], [ -118.297460937500006, 33.312109375 ], [ -118.4462890625, 33.317089843749997 ], [ -118.569433593750006, 33.464160156249996 ] ] ], [ [ [ -122.782128906249994, 48.672705078124999 ], [ -122.903027343749997, 48.664697265624994 ], [ -122.892529296874997, 48.594482421875 ], [ -123.002832031249994, 48.652197265624999 ], [ -122.897705078125, 48.710351562499994 ], [ -122.782128906249994, 48.672705078124999 ] ] ], [ [ [ -123.013134765624997, 48.500878906249994 ], [ -123.139941406249989, 48.507958984374994 ], [ -123.162158203124989, 48.606396484374997 ], [ -123.114160156249994, 48.61328125 ], [ -123.013134765624997, 48.500878906249994 ] ] ], [ [ [ -122.697021484375, 48.228662109374994 ], [ -122.523828125, 48.025439453124996 ], [ -122.502832031249994, 48.080078125 ], [ -122.366748046874989, 47.985449218749999 ], [ -122.383154296875006, 47.923193359374999 ], [ -122.557519531249994, 47.992480468749996 ], [ -122.741503906249989, 48.225292968749997 ], [ -122.628613281249997, 48.384228515624997 ], [ -122.542431640624997, 48.293994140624996 ], [ -122.697021484375, 48.228662109374994 ] ] ], [ [ [ -71.3544921875, 41.542285156249996 ], [ -71.39306640625, 41.466748046874997 ], [ -71.383984375, 41.570556640625 ], [ -71.3544921875, 41.542285156249996 ] ] ], [ [ [ -74.133203125, 39.680761718749999 ], [ -74.25048828125, 39.529394531249999 ], [ -74.106738281249989, 39.746435546874999 ], [ -74.133203125, 39.680761718749999 ] ] ], [ [ [ -75.13623046875, 38.180517578124999 ], [ -75.378515625, 37.8720703125 ], [ -75.097900390625, 38.298095703125 ], [ -75.13623046875, 38.180517578124999 ] ] ], [ [ [ -76.546240234374991, 34.654882812499999 ], [ -76.6078125, 34.66357421875 ], [ -76.673925781249991, 34.700146484374997 ], [ -76.622265625, 34.69453125 ], [ -76.546240234374991, 34.654882812499999 ] ] ], [ [ [ -81.322314453124989, 24.68505859375 ], [ -81.379052734374994, 24.636279296875003 ], [ -81.420068359374994, 24.75 ], [ -81.322314453124989, 24.68505859375 ] ] ], [ [ [ -80.786767578124994, 24.821044921875 ], [ -80.848339843749997, 24.803662109374997 ], [ -80.785205078124989, 24.835253906250003 ], [ -80.786767578124994, 24.821044921875 ] ] ], [ [ [ -80.63828125, 24.903173828124991 ], [ -80.665136718749991, 24.8984375 ], [ -80.614599609374991, 24.937939453124997 ], [ -80.63828125, 24.903173828124991 ] ] ], [ [ [ -80.988916015624994, 24.727880859374991 ], [ -81.137353515624994, 24.710498046875003 ], [ -80.930468749999989, 24.759472656249997 ], [ -80.988916015624994, 24.727880859374991 ] ] ], [ [ [ -81.418994140624989, 30.971435546875 ], [ -81.463476562499991, 30.727783203125 ], [ -81.484619140625, 30.897851562499994 ], [ -81.418994140624989, 30.971435546875 ] ] ], [ [ [ -81.5322265625, 24.614160156249994 ], [ -81.631494140624994, 24.590039062499997 ], [ -81.562304687499989, 24.689160156249997 ], [ -81.5322265625, 24.614160156249994 ] ] ], [ [ [ -80.395751953125, 27.79453125 ], [ -80.170507812499991, 27.204785156249997 ], [ -80.436914062499994, 27.850537109374997 ], [ -80.395751953125, 27.79453125 ] ] ], [ [ [ -81.73974609375, 24.554492187500003 ], [ -81.811425781249994, 24.5578125 ], [ -81.738671875, 24.575439453125 ], [ -81.73974609375, 24.554492187500003 ] ] ], [ [ [ -88.889306640624994, 29.712597656249997 ], [ -88.943603515625, 29.660253906249999 ], [ -88.87265625, 29.752978515624996 ], [ -88.889306640624994, 29.712597656249997 ] ] ], [ [ [ -88.573974609375, 30.229150390624994 ], [ -88.659228515624989, 30.2255859375 ], [ -88.722851562499997, 30.264257812499999 ], [ -88.573974609375, 30.229150390624994 ] ] ], [ [ [ -88.109375, 30.273730468749996 ], [ -88.159326171874994, 30.230908203124997 ], [ -88.316259765624991, 30.240429687499997 ], [ -88.109375, 30.273730468749996 ] ] ], [ [ [ -89.184667968749991, 30.168652343749997 ], [ -89.220458984375, 30.03759765625 ], [ -89.341992187499997, 30.062841796874999 ], [ -89.184667968749991, 30.168652343749997 ] ] ], [ [ [ -88.812597656249991, 29.933349609375 ], [ -88.855664062499997, 29.77587890625 ], [ -88.866894531249997, 30.056738281249999 ], [ -88.812597656249991, 29.933349609375 ] ] ], [ [ [ -84.737158203124991, 29.732421875 ], [ -85.008251953124997, 29.606640625 ], [ -85.116748046874989, 29.6328125 ], [ -84.737158203124991, 29.732421875 ] ] ], [ [ [ -122.885107421875006, 47.274707031249996 ], [ -122.876757812499989, 47.186132812499999 ], [ -122.911914062499989, 47.254345703124997 ], [ -122.885107421875006, 47.274707031249996 ] ] ], [ [ [ -122.394140625, 47.395263671875 ], [ -122.509912109374994, 47.358007812499999 ], [ -122.486474609374994, 47.48876953125 ], [ -122.468603515625006, 47.489990234375 ], [ -122.394140625, 47.395263671875 ] ] ], [ [ [ -122.497265625, 47.594580078124999 ], [ -122.575927734375, 47.619482421874999 ], [ -122.549755859374997, 47.703955078124999 ], [ -122.507861328124989, 47.682666015624996 ], [ -122.497265625, 47.594580078124999 ] ] ], [ [ [ -122.820898437500006, 48.431347656249997 ], [ -122.921630859375, 48.456933593749994 ], [ -122.912207031250006, 48.537988281249994 ], [ -122.868896484375, 48.548632812499996 ], [ -122.820898437500006, 48.431347656249997 ] ] ], [ [ [ -68.623193359374994, 44.196044921875 ], [ -68.701708984374989, 44.182666015624996 ], [ -68.703027343749994, 44.231982421874996 ], [ -68.6767578125, 44.256201171874999 ], [ -68.623193359374994, 44.196044921875 ] ] ] ] } },
{ "type": "Feature", "properties": { "name": "Anguilla", "continent": "North America" }, "geometry": { "type": "Polygon", "coordinates": [ [ [ -63.001220703125, 18.221777343749991 ], [ -63.160009765624991, 18.17138671875 ], [ -63.026025390624994, 18.269726562499997 ], [ -63.001220703125, 18.221777343749991 ] ] ] } },
{ "type": "Feature", "properties": { "name": "Falkland Is.", "continent": "South America" }, "geometry": { "type": "MultiPolygon", "coordinates": [ [ [ [ -58.850195312499991, -51.269921875 ], [ -58.425830078124989, -51.32421875 ], [ -58.378710937499989, -51.373046875 ], [ -58.519238281249997, -51.423925781250006 ], [ -58.508935546874994, -51.483593750000011 ], [ -58.271582031249991, -51.57470703125 ], [ -58.259228515624997, -51.417089843750006 ], [ -57.976513671874997, -51.384375 ], [ -57.808496093749994, -51.51796875 ], [ -57.96044921875, -51.583203125000011 ], [ -57.791796874999989, -51.636132812499994 ], [ -57.838183593749989, -51.709179687500011 ], [ -58.683496093749994, -51.936230468750011 ], [ -58.652783203124997, -52.09921875 ], [ -59.195849609374989, -52.017675781250006 ], [ -59.068017578124994, -52.173046875000011 ], [ -59.341503906249997, -52.195996093750011 ], [ -59.395654296874994, -52.308007812499994 ], [ -59.5322265625, -52.236425781250006 ], [ -59.648730468749989, -52.134375 ], [ -59.57080078125, -51.925390625 ], [ -59.059521484374997, -51.685449218749994 ], [ -59.096630859374997, -51.491406250000011 ], [ -58.850195312499991, -51.269921875 ] ] ], [ [ [ -60.286230468749991, -51.4619140625 ], [ -59.387597656249994, -51.359960937500006 ], [ -59.26806640625, -51.427539062500017 ], [ -59.92138671875, -51.969531250000017 ], [ -60.246337890625, -51.986425781250006 ], [ -60.384228515624997, -52.154003906250011 ], [ -60.686376953124991, -52.188378906249994 ], [ -60.96142578125, -52.057324218750011 ], [ -60.238476562499997, -51.77197265625 ], [ -60.58251953125, -51.712695312500017 ], [ -60.245166015624989, -51.638867187500011 ], [ -60.505810546874997, -51.485449218750006 ], [ -60.568457031249991, -51.3578125 ], [ -60.286230468749991, -51.4619140625 ] ] ], [ [ [ -61.14501953125, -51.839453125 ], [ -60.8759765625, -51.794238281250017 ], [ -60.947558593749989, -51.9462890625 ], [ -61.14501953125, -51.839453125 ] ] ], [ [ [ -58.4970703125, -51.999414062499994 ], [ -58.432714843749991, -52.099023437499994 ], [ -58.54140625, -52.028417968750006 ], [ -58.4970703125, -51.999414062499994 ] ] ], [ [ [ -60.11171875, -51.395898437499994 ], [ -60.248828124999989, -51.39599609375 ], [ -60.275341796874997, -51.280566406250017 ], [ -60.06982421875, -51.307910156250017 ], [ -60.11171875, -51.395898437499994 ] ] ], [ [ [ -59.681005859374991, -52.180078125 ], [ -59.764453124999989, -52.2421875 ], [ -59.793310546874991, -52.134179687499994 ], [ -59.681005859374991, -52.180078125 ] ] ] ] } },
{ "type": "Feature", "properties": { "name": "Cayman Is.", "continent": "North America" }, "geometry": { "type": "MultiPolygon", "coordinates": [ [ [ [ -81.419091796874994, 19.374755859375 ], [ -81.13046875, 19.346777343749991 ], [ -81.107128906249997, 19.30517578125 ], [ -81.40478515625, 19.278417968749991 ], [ -81.419091796874994, 19.374755859375 ] ] ], [ [ [ -79.97900390625, 19.708203125 ], [ -80.094189453124997, 19.665917968749994 ], [ -80.125878906249994, 19.668359375 ], [ -80.083642578124994, 19.706103515625003 ], [ -79.97900390625, 19.708203125 ] ] ], [ [ [ -79.742285156249991, 19.750878906249994 ], [ -79.906201171874997, 19.702539062499994 ], [ -79.742285156249991, 19.757128906250003 ], [ -79.742285156249991, 19.750878906249994 ] ] ] ] } },
{ "type": "Feature", "properties": { "name": "Bermuda", "continent": "North America" }, "geometry": { "type": "Polygon", "coordinates": [ [ [ -64.668310546874991, 32.381933593749999 ], [ -64.820117187499989, 32.259619140624999 ], [ -64.862841796874989, 32.273876953124997 ], [ -64.668310546874991, 32.381933593749999 ] ] ] } },
{ "type": "Feature", "properties": { "name": "British Virgin Is.", "continent": "North America" }, "geometry": { "type": "MultiPolygon", "coordinates": [ [ [ [ -64.395214843749997, 18.464599609375 ], [ -64.426074218749989, 18.513085937499994 ], [ -64.324658203124997, 18.517480468749994 ], [ -64.395214843749997, 18.464599609375 ] ] ], [ [ [ -64.545166015625, 18.438134765624994 ], [ -64.671826171874997, 18.399121093749997 ], [ -64.695117187499989, 18.411669921875003 ], [ -64.545166015625, 18.438134765624994 ] ] ], [ [ [ -64.323095703124991, 18.752685546875 ], [ -64.273583984374994, 18.707128906249991 ], [ -64.411425781249989, 18.751171875 ], [ -64.323095703124991, 18.752685546875 ] ] ] ] } },
{ "type": "Feature", "properties": { "name": "Turks and Caicos Is.", "continent": "North America" }, "geometry": { "type": "MultiPolygon", "coordinates": [ [ [ [ -71.661425781249989, 21.765234375 ], [ -71.830419921874991, 21.790625 ], [ -71.84765625, 21.843457031249997 ], [ -71.668359375, 21.833447265624997 ], [ -71.661425781249989, 21.765234375 ] ] ], [ [ [ -71.879931640624989, 21.840429687499991 ], [ -71.95546875, 21.864404296874994 ], [ -72.010644531249994, 21.950439453125 ], [ -71.931542968749994, 21.951904296875 ], [ -71.879931640624989, 21.840429687499991 ] ] ], [ [ [ -72.332812499999989, 21.851367187500003 ], [ -72.218652343749994, 21.796289062499994 ], [ -72.144335937499989, 21.792724609375 ], [ -72.33544921875, 21.758007812499997 ], [ -72.332812499999989, 21.851367187500003 ] ] ] ] } },
{ "type": "Feature", "properties": { "name": "Montserrat", "continent": "North America" }, "geometry": { "type": "Polygon", "coordinates": [ [ [ -62.191357421874997, 16.804394531249997 ], [ -62.154248046874997, 16.681201171875003 ], [ -62.221630859374997, 16.699511718750003 ], [ -62.191357421874997, 16.804394531249997 ] ] ] } },
{ "type": "Feature", "properties": { "name": "Trinidad and Tobago", "continent": "North America" }, "geometry": { "type": "MultiPolygon", "coordinates": [ [ [ [ -60.525488281249991, 11.325390625 ], [ -60.804296875, 11.208398437499994 ], [ -60.708935546874997, 11.277246093749994 ], [ -60.525488281249991, 11.325390625 ] ] ], [ [ [ -61.012109375, 10.134326171874989 ], [ -61.174267578124997, 10.078027343749994 ], [ -61.906103515624991, 10.069140624999989 ], [ -61.499316406249989, 10.2685546875 ], [ -61.478271484375, 10.603369140624991 ], [ -61.651171874999989, 10.718066406249989 ], [ -60.917626953124994, 10.840234375 ], [ -61.033740234374989, 10.669873046874997 ], [ -60.968457031249997, 10.323388671874994 ], [ -61.012109375, 10.134326171874989 ] ] ] ] } },
{ "type": "Feature", "properties": { "name": "Suriname", "continent": "South America" }, "geometry": { "type": "Polygon", "coordinates": [ [ [ -54.045947265624989, 5.60888671875 ], [ -54.452197265624989, 5.013476562499989 ], [ -54.449609375, 4.485009765624994 ], [ -54.350732421874994, 4.054101562499994 ], [ -53.990478515625, 3.589550781249997 ], [ -54.203125, 3.13818359375 ], [ -54.195507812499997, 2.81787109375 ], [ -54.402001953124994, 2.461523437499991 ], [ -54.661865234375, 2.327539062499994 ], [ -54.978662109374994, 2.59765625 ], [ -55.385351562499991, 2.440625 ], [ -55.730566406249991, 2.406152343749994 ], [ -55.957470703124997, 2.520458984374997 ], [ -56.1376953125, 2.259033203125 ], [ -55.915332031249989, 2.03955078125 ], [ -55.963330078124997, 1.857080078124994 ], [ -56.704345703125, 2.036474609374991 ], [ -57.197363281249991, 2.853271484375 ], [ -57.303662109374997, 3.377099609374994 ], [ -57.646728515625, 3.39453125 ], [ -57.649462890624989, 3.517382812499989 ], [ -58.0322265625, 4.001953125 ], [ -58.054492187499989, 4.171923828124989 ], [ -57.845996093749989, 4.668164062499997 ], [ -57.881103515625, 4.880615234375 ], [ -57.711083984374994, 4.991064453124991 ], [ -57.305761718749991, 5.049560546875 ], [ -57.207324218749989, 5.214208984374991 ], [ -57.318554687499997, 5.335351562499994 ], [ -57.056640625, 5.938671875 ], [ -56.969824218749991, 5.992871093749997 ], [ -56.235595703125, 5.885351562499991 ], [ -55.939550781249991, 5.795458984374989 ], [ -55.897607421874994, 5.699316406249991 ], [ -55.909912109375, 5.892626953124989 ], [ -55.828173828124989, 5.961669921875 ], [ -54.833691406249997, 5.988330078124989 ], [ -54.356152343749997, 5.909863281249997 ], [ -54.05419921875, 5.807910156249989 ], [ -54.045947265624989, 5.60888671875 ] ] ] } },
{ "type": "Feature", "properties": { "name": "St. Vin. and Gren.", "continent": "North America" }, "geometry": { "type": "MultiPolygon", "coordinates": [ [ [ [ -61.174511718749997, 13.158105468749994 ], [ -61.277294921874997, 13.209570312499991 ], [ -61.268457031249994, 13.287695312499991 ], [ -61.138964843749989, 13.358740234374991 ], [ -61.174511718749997, 13.158105468749994 ] ] ], [ [ [ -61.19375, 13.03828125 ], [ -61.276953125, 12.989892578124994 ], [ -61.201171875, 13.052539062499989 ], [ -61.19375, 13.03828125 ] ] ], [ [ [ -61.31484375, 12.722558593749994 ], [ -61.353515625, 12.698144531249994 ], [ -61.319873046874989, 12.735449218749991 ], [ -61.31484375, 12.722558593749994 ] ] ] ] } },
{ "type": "Feature", "properties": { "name": "Saint Lucia", "continent": "North America" }, "geometry": { "type": "Polygon", "coordinates": [ [ [ -60.908105468749994, 14.093359375 ], [ -60.951416015625, 13.717578125 ], [ -61.073144531249994, 13.865576171874991 ], [ -60.908105468749994, 14.093359375 ] ] ] } },
{ "type": "Feature", "properties": { "name": "St. Kitts and Nevis", "continent": "North America" }, "geometry": { "type": "MultiPolygon", "coordinates": [ [ [ [ -62.5341796875, 17.170117187499997 ], [ -62.624902343749994, 17.129589843749997 ], [ -62.615283203124989, 17.199121093749994 ], [ -62.5341796875, 17.170117187499997 ] ] ], [ [ [ -62.630664062499989, 17.239990234375 ], [ -62.838916015624989, 17.339257812499994 ], [ -62.827050781249994, 17.386425781249997 ], [ -62.713720703124991, 17.353271484375 ], [ -62.630664062499989, 17.239990234375 ] ] ] ] } },
{ "type": "Feature", "properties": { "name": "Peru", "continent": "South America" }, "geometry": { "type": "Polygon", "coordinates": [ [ [ -69.965917968749991, -4.2359375 ], [ -70.053320312499991, -4.333105468750006 ], [ -70.239160156249994, -4.301171875 ], [ -70.404638671874991, -4.150097656250011 ], [ -70.799511718749997, -4.17333984375 ], [ -70.973681640624989, -4.350488281250009 ], [ -71.8447265625, -4.50439453125 ], [ -72.887060546874991, -5.122753906250011 ], [ -72.979882812499994, -5.634863281250006 ], [ -73.235546875, -6.0984375 ], [ -73.137353515624994, -6.4658203125 ], [ -73.758105468749989, -6.90576171875 ], [ -73.804638671874997, -7.079882812500003 ], [ -73.720410156249997, -7.309277343750011 ], [ -73.964306640624997, -7.37890625 ], [ -74.002050781249991, -7.556054687500009 ], [ -73.720410156249997, -7.782519531250003 ], [ -73.775585937499997, -7.936425781250009 ], [ -73.549121093749989, -8.345800781250006 ], [ -73.360400390624989, -8.479296875 ], [ -73.302441406249997, -8.654003906250011 ], [ -72.974023437499994, -8.9931640625 ], [ -72.970361328124994, -9.1201171875 ], [ -73.209423828124997, -9.411425781250003 ], [ -72.379052734374994, -9.51015625 ], [ -72.1728515625, -9.844042968750003 ], [ -72.181591796874997, -10.003710937500003 ], [ -71.237939453124994, -9.966015625000011 ], [ -70.541113281249991, -9.4375 ], [ -70.636914062499997, -9.82373046875 ], [ -70.642333984375, -11.01025390625 ], [ -70.533251953124989, -10.946875 ], [ -70.290380859374991, -11.064257812500003 ], [ -69.960351562499994, -10.929882812500011 ], [ -69.57861328125, -10.951757812500006 ], [ -68.685253906249997, -12.501953125 ], [ -68.759082031249989, -12.687207031250011 ], [ -68.978613281249991, -12.880078125000011 ], [ -68.983447265624989, -13.496386718750003 ], [ -69.074121093749994, -13.682812500000011 ], [ -68.870898437499989, -14.169726562500003 ], [ -69.359472656249991, -14.7953125 ], [ -69.374707031249997, -14.962988281250006 ], [ -69.172460937499991, -15.236621093750003 ], [ -69.4208984375, -15.640625 ], [ -69.217578124999989, -16.149121093750011 ], [ -68.8427734375, -16.337890625 ], [ -69.032910156249997, -16.475976562500009 ], [ -69.020703125, -16.6421875 ], [ -69.624853515624991, -17.2001953125 ], [ -69.5109375, -17.506054687500011 ], [ -69.852099609374989, -17.703808593750011 ], [ -69.802587890624991, -17.990234375 ], [ -69.926367187499991, -18.2060546875 ], [ -70.418261718749989, -18.345605468750009 ], [ -71.336962890624989, -17.682519531250009 ], [ -71.3994140625, -17.421972656250006 ], [ -71.5322265625, -17.294335937500009 ], [ -72.111279296874997, -17.002539062500006 ], [ -72.467675781249994, -16.708105468750006 ], [ -73.727685546874994, -16.20166015625 ], [ -75.104248046875, -15.411914062500003 ], [ -75.533642578124997, -14.89921875 ], [ -75.933886718749989, -14.63359375 ], [ -76.289013671874997, -14.133105468750003 ], [ -76.37646484375, -13.863085937500003 ], [ -76.259228515624997, -13.802832031250006 ], [ -76.183935546874991, -13.515234375 ], [ -76.2236328125, -13.371191406250006 ], [ -76.832128906249991, -12.348730468750006 ], [ -77.152734375, -12.060351562500003 ], [ -77.2203125, -11.663378906250003 ], [ -77.633203125, -11.287792968750011 ], [ -77.736083984375, -10.83671875 ], [ -78.185595703124989, -10.089062500000011 ], [ -78.762255859374989, -8.616992187500003 ], [ -79.012255859374989, -8.210156250000011 ], [ -79.377246093749989, -7.835546875 ], [ -79.617724609374989, -7.295605468750011 ], [ -79.994970703124991, -6.768945312500009 ], [ -81.142041015624997, -6.056738281250006 ], [ -81.164306640625, -5.875292968750003 ], [ -81.091845703124989, -5.812402343750009 ], [ -80.9306640625, -5.8408203125 ], [ -80.881933593749991, -5.635058593750003 ], [ -81.167675781249997, -5.167089843750006 ], [ -81.108496093749991, -5.02783203125 ], [ -81.336621093749997, -4.66953125 ], [ -81.23203125, -4.234277343750009 ], [ -80.798583984375, -3.731054687500006 ], [ -80.324658203124997, -3.387890625000011 ], [ -80.179248046874989, -3.877734375 ], [ -80.303271484374989, -4.005078125000011 ], [ -80.490136718749994, -4.010058593750003 ], [ -80.488476562499997, -4.16552734375 ], [ -80.352880859374991, -4.20849609375 ], [ -80.478564453124989, -4.430078125 ], [ -80.383496093749997, -4.463671875 ], [ -80.139550781249994, -4.296093750000011 ], [ -79.797265625, -4.476367187500003 ], [ -79.638525390624991, -4.454882812500003 ], [ -79.516162109374989, -4.539160156250006 ], [ -79.330957031249994, -4.927832031250006 ], [ -79.033300781249991, -4.969140625 ], [ -78.919189453125, -4.8583984375 ], [ -78.907617187499994, -4.714453125 ], [ -78.68603515625, -4.562402343750009 ], [ -78.679394531249997, -4.325878906250011 ], [ -78.419775390624991, -3.77685546875 ], [ -78.345361328124994, -3.397363281250009 ], [ -78.158496093749989, -3.465136718750003 ], [ -78.183300781249997, -3.350195312500006 ], [ -77.860595703125, -2.981640625000011 ], [ -76.679101562499994, -2.562597656250006 ], [ -76.089794921874997, -2.133105468750003 ], [ -75.570556640625, -1.53125 ], [ -75.408056640624991, -0.92431640625 ], [ -75.249609375, -0.951855468750011 ], [ -75.259375, -0.590136718750003 ], [ -75.626269531249989, -0.122851562500003 ], [ -75.340478515624994, -0.1421875 ], [ -75.224609375, -0.041748046875 ], [ -74.8017578125, -0.200097656250009 ], [ -74.616357421874994, -0.370019531250009 ], [ -74.417871093749994, -0.580664062500006 ], [ -74.246386718749989, -0.970605468750009 ], [ -73.664306640625, -1.248828125 ], [ -73.521386718749994, -1.44970703125 ], [ -73.496289062499997, -1.693066406250011 ], [ -73.196972656249997, -1.830273437500011 ], [ -73.154492187499997, -2.278222656250009 ], [ -72.941113281249997, -2.39404296875 ], [ -72.218457031249997, -2.400488281250006 ], [ -71.752539062499991, -2.152734375 ], [ -71.39697265625, -2.334082031250006 ], [ -70.968554687499989, -2.206835937500003 ], [ -70.095849609374994, -2.658203125 ], [ -70.074023437499989, -2.750195312500011 ], [ -70.735107421875, -3.781542968750003 ], [ -70.5296875, -3.866406250000011 ], [ -70.339501953124994, -3.814355468750009 ], [ -69.965917968749991, -4.2359375 ] ] ] } },
{ "type": "Feature", "properties": { "name": "Paraguay", "continent": "South America" }, "geometry": { "type": "Polygon", "coordinates": [ [ [ -58.159765625, -20.164648437500006 ], [ -57.830224609374994, -20.997949218750009 ], [ -57.945996093749997, -21.494042968750009 ], [ -57.955908203124991, -22.109179687500003 ], [ -56.937255859375, -22.271289062500003 ], [ -56.633007812499997, -22.23486328125 ], [ -56.447802734374989, -22.076171875 ], [ -56.246044921874997, -22.2646484375 ], [ -55.849169921874989, -22.3076171875 ], [ -55.61767578125, -22.671484375 ], [ -55.650732421874991, -22.886425781250011 ], [ -55.415917968749994, -23.951367187500011 ], [ -55.1943359375, -24.017480468750009 ], [ -54.62548828125, -23.8125 ], [ -54.241796875, -24.047265625 ], [ -54.318261718749994, -24.128125 ], [ -54.281005859375, -24.306054687500009 ], [ -54.436230468749997, -25.121289062500011 ], [ -54.610546875, -25.432714843750006 ], [ -54.631933593749991, -26.005761718750009 ], [ -54.755078125, -26.532910156250011 ], [ -55.1359375, -26.93115234375 ], [ -55.426660156249994, -27.00927734375 ], [ -55.714648437499989, -27.41484375 ], [ -56.1640625, -27.321484375000011 ], [ -56.437158203124994, -27.553808593750006 ], [ -56.603369140624991, -27.467871093750006 ], [ -57.11181640625, -27.470117187500009 ], [ -58.168261718749989, -27.2734375 ], [ -58.604833984374991, -27.314355468750009 ], [ -58.618603515624997, -27.132128906250003 ], [ -58.191308593749994, -26.629980468750006 ], [ -58.203027343749994, -26.381445312500006 ], [ -58.111132812499989, -26.18017578125 ], [ -57.890625, -26.006542968750011 ], [ -57.754785156249994, -25.697070312500003 ], [ -57.571679687499994, -25.5341796875 ], [ -57.643896484374991, -25.328417968750003 ], [ -57.959814453124991, -25.04921875 ], [ -58.365380859374994, -24.959277343750003 ], [ -59.187255859375, -24.562304687500003 ], [ -59.892480468749994, -24.093554687500003 ], [ -61.032910156249997, -23.755664062500003 ], [ -61.208398437499994, -23.55703125 ], [ -61.798535156249997, -23.18203125 ], [ -62.214160156249989, -22.612402343750006 ], [ -62.650976562499991, -22.233691406250003 ], [ -62.276660156249989, -21.066015625 ], [ -62.276318359374997, -20.5625 ], [ -61.916943359374997, -20.055371093750011 ], [ -61.7568359375, -19.6453125 ], [ -60.007373046874989, -19.297558593750011 ], [ -59.090527343749997, -19.286230468750006 ], [ -58.18017578125, -19.81787109375 ], [ -58.159765625, -20.164648437500006 ] ] ] } },
{ "type": "Feature", "properties": { "name": "Panama", "continent": "North America" }, "geometry": { "type": "MultiPolygon", "coordinates": [ [ [ [ -77.37421875, 8.658300781249991 ], [ -77.478515625, 8.4984375 ], [ -77.195996093749997, 7.972460937499989 ], [ -77.345605468749994, 7.836523437499991 ], [ -77.35078125, 7.705859374999989 ], [ -77.53828125, 7.566259765624991 ], [ -77.761914062499997, 7.698828125 ], [ -77.743896484375, 7.536962890624991 ], [ -77.901171874999989, 7.229345703124991 ], [ -78.170117187499997, 7.543798828124991 ], [ -78.421582031249997, 8.060986328124997 ], [ -78.287353515625, 8.091796875 ], [ -78.281201171874997, 8.24755859375 ], [ -78.141894531249989, 8.386083984374991 ], [ -77.760546874999989, 8.133251953124997 ], [ -78.0125, 8.325390625 ], [ -78.099462890624991, 8.496972656249994 ], [ -78.223046875, 8.396630859374994 ], [ -78.399218749999989, 8.505664062499989 ], [ -78.409863281249997, 8.355322265624991 ], [ -78.5140625, 8.628173828125 ], [ -79.086376953124997, 8.997167968749991 ], [ -79.507080078125, 8.970068359374991 ], [ -79.687451171874997, 8.850976562499994 ], [ -79.81591796875, 8.639208984374989 ], [ -79.750439453124997, 8.595507812499989 ], [ -80.458984375, 8.2138671875 ], [ -80.458105468749991, 8.077050781249994 ], [ -80.0751953125, 7.667041015624989 ], [ -80.01123046875, 7.500048828124989 ], [ -80.666699218749997, 7.225683593749991 ], [ -80.901220703124991, 7.277148437499989 ], [ -81.063867187499994, 7.899755859374991 ], [ -81.268408203124991, 7.62548828125 ], [ -81.504150390625, 7.72119140625 ], [ -81.727636718749991, 8.137548828124991 ], [ -82.159863281249997, 8.19482421875 ], [ -82.235449218749991, 8.31103515625 ], [ -82.679541015624991, 8.321972656249997 ], [ -82.866113281249994, 8.246337890625 ], [ -82.879345703124997, 8.070654296874991 ], [ -83.02734375, 8.337744140624991 ], [ -82.861621093749989, 8.453515625 ], [ -82.917041015624989, 8.740332031249991 ], [ -82.727832031249989, 8.916064453124989 ], [ -82.940332031249994, 9.060107421874989 ], [ -82.93984375, 9.449169921874997 ], [ -82.801025390625, 9.591796875 ], [ -82.644091796874989, 9.505859375 ], [ -82.563574218749991, 9.57666015625 ], [ -82.370800781249997, 9.428564453124991 ], [ -82.339746093749994, 9.209179687499997 ], [ -82.188134765624994, 9.191748046874991 ], [ -82.244189453124989, 9.031494140625 ], [ -82.077880859375, 8.934863281249989 ], [ -81.780224609374997, 8.957226562499997 ], [ -81.894482421874997, 9.140429687499989 ], [ -81.545605468749997, 8.827001953124991 ], [ -81.354785156249989, 8.780566406249989 ], [ -80.838671874999989, 8.88720703125 ], [ -80.546875, 9.081933593749994 ], [ -80.127099609374994, 9.209912109374997 ], [ -79.577294921874994, 9.597851562499997 ], [ -79.112255859374997, 9.536767578124994 ], [ -78.931640625, 9.428466796875 ], [ -78.504345703124997, 9.406298828124989 ], [ -78.082763671875, 9.236279296874997 ], [ -77.37421875, 8.658300781249991 ] ] ], [ [ [ -78.898339843749994, 8.274267578124991 ], [ -78.960595703124994, 8.435839843749989 ], [ -78.883251953124997, 8.460253906249989 ], [ -78.839160156249989, 8.347900390625 ], [ -78.898339843749994, 8.274267578124991 ] ] ], [ [ [ -81.603271484375, 7.332812499999989 ], [ -81.85205078125, 7.453320312499997 ], [ -81.812158203124994, 7.592382812499991 ], [ -81.728759765625, 7.621191406249991 ], [ -81.603271484375, 7.332812499999989 ] ] ], [ [ [ -82.259423828124994, 9.430273437499991 ], [ -82.244433593749989, 9.334082031249991 ], [ -82.321728515624997, 9.418115234374994 ], [ -82.259423828124994, 9.430273437499991 ] ] ], [ [ [ -79.0654296875, 8.254199218749989 ], [ -79.1103515625, 8.209814453124991 ], [ -79.096289062499991, 8.29541015625 ], [ -79.0654296875, 8.254199218749989 ] ] ] ] } },
{ "type": "Feature", "properties": { "name": "Nicaragua", "continent": "North America" }, "geometry": { "type": "Polygon", "coordinates": [ [ [ -83.157519531249989, 14.993066406249994 ], [ -83.279882812499991, 14.812792968750003 ], [ -83.344384765624994, 14.902099609375 ], [ -83.413720703124994, 14.825341796874994 ], [ -83.29921875, 14.7490234375 ], [ -83.187744140625, 14.340087890625 ], [ -83.412304687499997, 13.996484375 ], [ -83.567333984374997, 13.3203125 ], [ -83.5109375, 12.411816406249997 ], [ -83.627197265625, 12.459326171874991 ], [ -83.593359375, 12.713085937499997 ], [ -83.754248046874991, 12.501953125 ], [ -83.651269531249994, 12.287060546874997 ], [ -83.680419921875, 12.024316406249994 ], [ -83.7671875, 12.059277343749997 ], [ -83.828906249999989, 11.861035156249997 ], [ -83.70458984375, 11.824560546874991 ], [ -83.651757812499994, 11.642041015624997 ], [ -83.867871093749997, 11.300048828125 ], [ -83.767919921874991, 11.01025390625 ], [ -83.641992187499994, 10.917236328125 ], [ -83.712939453124989, 10.785888671875 ], [ -84.168359375, 10.780371093749991 ], [ -84.348291015624994, 10.979882812499994 ], [ -84.701171875, 11.052197265624997 ], [ -84.9091796875, 10.9453125 ], [ -85.584179687499997, 11.189453125 ], [ -85.744335937499997, 11.062109375 ], [ -86.468896484374994, 11.73828125 ], [ -86.755615234375, 12.156640625 ], [ -87.667529296874989, 12.903564453125 ], [ -87.585058593749991, 13.043310546874991 ], [ -87.3896484375, 12.920654296875 ], [ -86.958886718749994, 13.0537109375 ], [ -86.918212890625, 13.223583984374997 ], [ -86.710693359375, 13.313378906249994 ], [ -86.733642578125, 13.763476562500003 ], [ -86.331738281249997, 13.770068359375003 ], [ -86.040380859374991, 14.050146484374991 ], [ -85.733935546874989, 13.858691406250003 ], [ -85.681933593749989, 13.982568359374994 ], [ -85.179492187499989, 14.343310546875003 ], [ -85.161328125, 14.525146484375 ], [ -84.985156249999989, 14.75244140625 ], [ -84.860449218749991, 14.809765625 ], [ -84.645947265624997, 14.661083984374997 ], [ -84.453564453124997, 14.643701171874994 ], [ -83.635498046875, 14.876416015624997 ], [ -83.536523437499994, 14.977001953124997 ], [ -83.157519531249989, 14.993066406249994 ] ] ] } },
{ "type": "Feature", "properties": { "name": "Aruba", "continent": "North America" }, "geometry": { "type": "Polygon", "coordinates": [ [ [ -69.899121093749997, 12.452001953124991 ], [ -70.066113281249997, 12.546972656249991 ], [ -70.035107421874997, 12.614111328124991 ], [ -69.97314453125, 12.567626953125 ], [ -69.899121093749997, 12.452001953124991 ] ] ] } },
{ "type": "Feature", "properties": { "name": "Curaçao", "continent": "North America" }, "geometry": { "type": "Polygon", "coordinates": [ [ [ -68.751074218749991, 12.059765625 ], [ -68.9951171875, 12.141845703125 ], [ -69.158886718749997, 12.380273437499994 ], [ -68.827392578125, 12.158544921874991 ], [ -68.751074218749991, 12.059765625 ] ] ] } },
{ "type": "Feature", "properties": { "name": "Mexico", "continent": "North America" }, "geometry": { "type": "MultiPolygon", "coordinates": [ [ [ [ -117.128271484375006, 32.533349609374994 ], [ -114.724755859374994, 32.71533203125 ], [ -114.8359375, 32.50830078125 ], [ -111.0419921875, 31.32421875 ], [ -108.214453125, 31.329443359374999 ], [ -108.211816406249994, 31.779345703124996 ], [ -106.453222656249991, 31.770166015624994 ], [ -106.148046875, 31.450927734375 ], [ -104.917871093749994, 30.583349609374999 ], [ -104.681347656249997, 30.134375 ], [ -104.622216796874994, 29.854296875 ], [ -104.400634765625, 29.57373046875 ], [ -103.257714843749994, 29.001123046874994 ], [ -102.891992187499994, 29.21640625 ], [ -102.734179687499989, 29.643945312499994 ], [ -102.614941406249997, 29.75234375 ], [ -102.268945312499994, 29.871191406249999 ], [ -101.440380859374997, 29.77685546875 ], [ -100.754589843749997, 29.182519531249994 ], [ -100.331738281249997, 28.502539062499999 ], [ -100.296044921874994, 28.327685546874996 ], [ -99.505322265624997, 27.54833984375 ], [ -99.45654296875, 27.056689453124996 ], [ -99.229931640624997, 26.761914062499997 ], [ -99.107763671874991, 26.446923828124994 ], [ -98.275048828124994, 26.111181640624999 ], [ -97.801416015624994, 26.042041015624996 ], [ -97.375634765624994, 25.871826171875 ], [ -97.146240234375, 25.961474609375003 ], [ -97.667675781249997, 24.389990234374991 ], [ -97.745214843749991, 22.9423828125 ], [ -97.842480468749997, 22.510302734375003 ], [ -97.76328125, 22.105859375 ], [ -97.584765624999989, 21.808544921874997 ], [ -97.314501953124989, 21.564208984375 ], [ -97.4091796875, 21.272558593749991 ], [ -97.383447265624994, 21.566699218750003 ], [ -97.590380859374989, 21.762011718750003 ], [ -97.753808593749994, 22.026660156250003 ], [ -97.637548828124991, 21.603662109374994 ], [ -97.514550781249994, 21.477978515624997 ], [ -97.186328124999989, 20.717041015625 ], [ -96.4560546875, 19.869775390624994 ], [ -96.28955078125, 19.34375 ], [ -95.778125, 18.805517578124991 ], [ -95.920361328124997, 18.819580078125 ], [ -95.626806640624991, 18.690576171874994 ], [ -95.719824218749991, 18.768359375 ], [ -95.181835937499997, 18.700732421875003 ], [ -94.798144531249989, 18.514599609374997 ], [ -94.546191406249989, 18.174853515625003 ], [ -94.459765624999989, 18.166650390624994 ], [ -93.55234375, 18.43046875 ], [ -92.884765625, 18.468652343749994 ], [ -92.710107421874994, 18.611669921874991 ], [ -92.441015625, 18.67529296875 ], [ -91.973779296874994, 18.715869140625003 ], [ -91.88037109375, 18.637792968749991 ], [ -91.91357421875, 18.528515625 ], [ -91.533984374999989, 18.45654296875 ], [ -91.275244140624991, 18.624462890624997 ], [ -91.343066406249989, 18.900585937499997 ], [ -91.469189453124997, 18.8330078125 ], [ -91.436669921874994, 18.889794921874994 ], [ -90.7392578125, 19.352246093749997 ], [ -90.693164062499989, 19.729882812499994 ], [ -90.49169921875, 19.94677734375 ], [ -90.484130859375, 20.556347656249997 ], [ -90.353125, 21.009423828124994 ], [ -89.819775390624997, 21.274609375 ], [ -88.878710937499989, 21.414111328125003 ], [ -88.466699218749994, 21.569384765625003 ], [ -88.0068359375, 21.604052734375003 ], [ -87.250878906249994, 21.446972656249997 ], [ -87.188281249999989, 21.546435546875003 ], [ -87.386669921874997, 21.551464843749997 ], [ -87.128466796874989, 21.621484375 ], [ -86.824072265624991, 21.421679687500003 ], [ -86.771777343749989, 21.150537109374994 ], [ -86.926220703124997, 20.786474609374991 ], [ -87.42138671875, 20.231396484374997 ], [ -87.441748046874991, 19.861523437499997 ], [ -87.687695312499997, 19.637109375 ], [ -87.645312499999989, 19.55390625 ], [ -87.424755859374997, 19.583349609374991 ], [ -87.482666015625, 19.44375 ], [ -87.65869140625, 19.35234375 ], [ -87.65576171875, 19.257861328125003 ], [ -87.501074218749991, 19.287792968749997 ], [ -87.804101562499994, 18.357080078124994 ], [ -87.881982421874994, 18.273876953124997 ], [ -88.0390625, 18.48388671875 ], [ -88.011132812499994, 18.726855468750003 ], [ -88.073779296874989, 18.83447265625 ], [ -88.295654296875, 18.472412109375 ], [ -88.522998046874989, 18.445898437499991 ], [ -88.806347656249997, 17.965527343749997 ], [ -88.897802734374991, 17.91455078125 ], [ -89.133544921875, 17.970800781249991 ], [ -89.161474609374991, 17.81484375 ], [ -90.989160156249994, 17.81640625 ], [ -90.992968749999989, 17.25244140625 ], [ -91.409619140624997, 17.255859375 ], [ -90.710693359375, 16.708105468749991 ], [ -90.634082031249989, 16.5107421875 ], [ -90.4169921875, 16.391015625 ], [ -90.447167968749994, 16.072705078124997 ], [ -91.736572265625, 16.070166015624991 ], [ -92.204248046874994, 15.275 ], [ -92.074804687499991, 15.07421875 ], [ -92.235156249999989, 14.54541015625 ], [ -93.166894531249994, 15.448046875 ], [ -93.916064453124989, 16.053564453124991 ], [ -94.374169921874994, 16.284765625 ], [ -94.426416015624994, 16.226269531249997 ], [ -94.001269531249989, 16.018945312499994 ], [ -94.661523437499994, 16.201904296875 ], [ -94.616845703124994, 16.347558593749994 ], [ -94.790820312499989, 16.287158203125003 ], [ -94.900439453124989, 16.41748046875 ], [ -95.020849609374991, 16.277636718750003 ], [ -94.799414062499991, 16.209667968749997 ], [ -95.134375, 16.176953125 ], [ -95.464404296874989, 15.974707031249991 ], [ -96.510839843749991, 15.651904296875003 ], [ -97.184667968749991, 15.909277343749991 ], [ -97.754785156249994, 15.966845703125003 ], [ -98.138964843749989, 16.206298828125 ], [ -98.520312499999989, 16.304833984374994 ], [ -98.76220703125, 16.534765625 ], [ -99.690673828125, 16.719628906249994 ], [ -100.024511718749991, 16.920507812499991 ], [ -100.847802734374994, 17.200488281250003 ], [ -101.600292968749997, 17.6515625 ], [ -101.918701171875, 17.959765625 ], [ -102.699560546874991, 18.062841796874991 ], [ -103.441601562499997, 18.325390625 ], [ -103.912451171874991, 18.828466796874991 ], [ -104.9384765625, 19.309375 ], [ -105.482080078124994, 19.97607421875 ], [ -105.66943359375, 20.385595703124991 ], [ -105.26015625, 20.579052734374997 ], [ -105.327050781249994, 20.752978515625003 ], [ -105.510839843749991, 20.808740234374994 ], [ -105.237060546875, 21.119189453125003 ], [ -105.208691406249997, 21.490820312499991 ], [ -105.431445312500003, 21.618261718749991 ], [ -105.649121093749997, 21.988085937500003 ], [ -105.6455078125, 22.326904296875 ], [ -105.791796875, 22.627490234375003 ], [ -106.402246093749994, 23.195605468750003 ], [ -106.935498046874997, 23.88125 ], [ -107.764941406250003, 24.471923828125 ], [ -107.527246093749994, 24.360058593749997 ], [ -107.511914062499997, 24.489160156249994 ], [ -107.951171875, 24.614892578124994 ], [ -108.28076171875, 25.08154296875 ], [ -108.140087890624997, 25.018408203124991 ], [ -108.051464843749997, 25.067041015624994 ], [ -108.696386718749991, 25.382910156249991 ], [ -108.787255859374994, 25.538037109374997 ], [ -109.02880859375, 25.48046875 ], [ -109.068457031249991, 25.5515625 ], [ -108.886572265624991, 25.733447265625003 ], [ -109.196484375, 25.592529296875 ], [ -109.384960937499997, 25.727148437499991 ], [ -109.425634765624991, 26.032568359374999 ], [ -109.19970703125, 26.305224609374996 ], [ -109.11669921875, 26.252734375 ], [ -109.276269531249994, 26.533886718749997 ], [ -109.482861328124997, 26.710351562499994 ], [ -109.754785156249994, 26.702929687499996 ], [ -109.943994140624994, 27.079345703125 ], [ -110.277148437500003, 27.162207031249999 ], [ -110.477783203125, 27.32265625 ], [ -110.615478515625, 27.65390625 ], [ -110.529882812499991, 27.864208984374997 ], [ -111.121386718750003, 27.966992187499997 ], [ -112.161767578124994, 29.018896484374999 ], [ -112.223486328124991, 29.269482421874997 ], [ -112.378222656250003, 29.347705078124996 ], [ -112.41455078125, 29.536425781249996 ], [ -112.738378906249991, 29.985449218749999 ], [ -112.824804687499991, 30.300146484374999 ], [ -113.057666015625003, 30.651025390624994 ], [ -113.118603515624997, 31.048095703125 ], [ -113.046728515624991, 31.179248046874996 ], [ -113.623486328124997, 31.345898437499997 ], [ -113.633007812499997, 31.467626953124999 ], [ -113.759423828124994, 31.557763671874994 ], [ -113.94775390625, 31.629345703124997 ], [ -114.002685546875, 31.525146484375 ], [ -114.149316406249994, 31.507373046874996 ], [ -114.93359375, 31.900732421874999 ], [ -114.789892578124991, 31.647119140624994 ], [ -114.881884765625003, 31.156396484374994 ], [ -114.703369140625, 30.765185546874996 ], [ -114.649755859374991, 30.238134765624999 ], [ -114.550488281249997, 30.022265625 ], [ -113.75546875, 29.367480468749996 ], [ -113.499707031249997, 28.926708984374997 ], [ -113.3818359375, 28.946679687499994 ], [ -113.320703125, 28.813134765624994 ], [ -113.20556640625, 28.798779296874997 ], [ -113.093652343749994, 28.511767578124996 ], [ -112.870849609375, 28.42421875 ], [ -112.734033203124994, 27.825976562499996 ], [ -112.329199218749991, 27.5234375 ], [ -112.191455078125003, 27.186669921874994 ], [ -112.003955078125003, 27.0791015625 ], [ -111.862646484374991, 26.678515625 ], [ -111.699414062499997, 26.580957031249994 ], [ -111.816845703124997, 26.75625 ], [ -111.795263671874991, 26.8796875 ], [ -111.569677734374991, 26.707617187499999 ], [ -111.332128906249991, 26.125439453124997 ], [ -111.291601562499991, 25.789794921875 ], [ -111.149560546874994, 25.572607421874991 ], [ -111.034423828125, 25.526953125 ], [ -110.893945312499994, 25.144238281249997 ], [ -110.686767578125, 24.86767578125 ], [ -110.734521484374994, 24.58984375 ], [ -110.659326171874994, 24.341455078124994 ], [ -110.367431640625, 24.100488281249994 ], [ -110.262890625, 24.34453125 ], [ -109.811328125, 23.939013671875003 ], [ -109.6765625, 23.661572265624997 ], [ -109.420849609374997, 23.480126953124994 ], [ -109.495703125, 23.159814453124994 ], [ -109.823046875, 22.922167968750003 ], [ -110.00625, 22.89404296875 ], [ -110.362695312499994, 23.604931640624997 ], [ -111.682910156250003, 24.555810546874994 ], [ -111.802490234375, 24.542529296875003 ], [ -111.848242187499991, 24.670068359374994 ], [ -112.072558593750003, 24.840039062499997 ], [ -112.128515625, 25.043115234374994 ], [ -112.055761718749991, 25.488232421874997 ], [ -112.173828125, 25.91259765625 ], [ -112.377246093750003, 26.213916015624996 ], [ -112.658398437499997, 26.316748046874999 ], [ -113.020751953125, 26.583251953125 ], [ -113.155810546875003, 26.946240234374997 ], [ -113.272265625, 26.790966796874997 ], [ -113.598535156249994, 26.721289062499999 ], [ -113.840966796874994, 26.966503906249997 ], [ -114.445263671874997, 27.218164062499994 ], [ -114.539892578124991, 27.431103515624997 ], [ -114.993505859374991, 27.736035156249997 ], [ -115.036474609374991, 27.841845703124996 ], [ -114.570019531249997, 27.783935546875 ], [ -114.300585937500003, 27.872998046874997 ], [ -114.30224609375, 27.775732421874999 ], [ -114.0693359375, 27.675683593749994 ], [ -114.158398437499997, 27.919677734375 ], [ -114.265869140625, 27.934472656249994 ], [ -114.048486328124994, 28.426171875 ], [ -114.1455078125, 28.605419921874997 ], [ -114.937304687500003, 29.351611328124996 ], [ -115.673828125, 29.756396484374996 ], [ -115.808300781249997, 29.960205078125 ], [ -115.815625, 30.303613281249994 ], [ -115.995800781249997, 30.414453125 ], [ -116.062158203124994, 30.804150390624997 ], [ -116.296289062499994, 30.970507812499996 ], [ -116.333447265624997, 31.202783203124994 ], [ -116.662158203124989, 31.564892578124997 ], [ -116.722070312499994, 31.734570312499997 ], [ -116.623876953125006, 31.758007812499997 ], [ -116.620800781249997, 31.85107421875 ], [ -116.847998046875006, 31.997363281249996 ], [ -117.128271484375006, 32.533349609374994 ] ] ], [ [ [ -86.76328125, 20.579052734374997 ], [ -86.99140625, 20.272167968749997 ], [ -87.019433593749994, 20.38232421875 ], [ -86.977978515624997, 20.489794921875003 ], [ -86.76328125, 20.579052734374997 ] ] ], [ [ [ -106.502246093750003, 21.61083984375 ], [ -106.531347656249991, 21.528515625 ], [ -106.60703125, 21.561474609374997 ], [ -106.639355468749997, 21.697851562499991 ], [ -106.502246093750003, 21.61083984375 ] ] ], [ [ [ -110.914453125, 18.741455078125 ], [ -110.974804687499997, 18.720361328124994 ], [ -111.063671875, 18.781640625 ], [ -110.989404296874994, 18.863134765624991 ], [ -110.914453125, 18.741455078125 ] ] ], [ [ [ -110.59521484375, 25.042138671874994 ], [ -110.538867187500003, 24.891552734374997 ], [ -110.699267578125003, 25.081445312499994 ], [ -110.59521484375, 25.042138671874994 ] ] ], [ [ [ -113.155615234374991, 29.05224609375 ], [ -113.496337890625, 29.3076171875 ], [ -113.587207031250003, 29.573046875 ], [ -113.415917968749994, 29.4859375 ], [ -113.373828125, 29.338916015624996 ], [ -113.2021484375, 29.301855468749999 ], [ -113.155615234374991, 29.05224609375 ] ] ], [ [ [ -115.170605468749997, 28.069384765624996 ], [ -115.352929687499994, 28.103955078124997 ], [ -115.233544921874994, 28.368359375 ], [ -115.148535156249991, 28.172119140625 ], [ -115.170605468749997, 28.069384765624996 ] ] ], [ [ [ -112.203076171874997, 29.005322265624997 ], [ -112.278417968749991, 28.769335937499996 ], [ -112.5140625, 28.847607421874997 ], [ -112.423535156249997, 29.203662109374996 ], [ -112.285058593749994, 29.240429687499997 ], [ -112.203076171874997, 29.005322265624997 ] ] ], [ [ [ -118.242773437500006, 28.941943359374996 ], [ -118.285498046875006, 28.903759765624997 ], [ -118.400097656249997, 29.1123046875 ], [ -118.367822265624994, 29.187597656249999 ], [ -118.242773437500006, 28.941943359374996 ] ] ], [ [ [ -86.739062499999989, 21.279980468749997 ], [ -86.6962890625, 21.191015625 ], [ -86.752880859374997, 21.27880859375 ], [ -86.739062499999989, 21.279980468749997 ] ] ], [ [ [ -91.654248046874997, 18.711474609375003 ], [ -91.816113281249997, 18.675878906249991 ], [ -91.53671875, 18.760009765625 ], [ -91.654248046874997, 18.711474609375003 ] ] ], [ [ [ -109.793798828124991, 24.183398437500003 ], [ -109.8779296875, 24.200634765624997 ], [ -109.890332031249997, 24.344824218749991 ], [ -109.793798828124991, 24.183398437500003 ] ] ], [ [ [ -114.694140625, 31.705615234374996 ], [ -114.789208984374994, 31.747412109374999 ], [ -114.784570312499994, 31.789794921875 ], [ -114.709082031249991, 31.756884765624996 ], [ -114.694140625, 31.705615234374996 ] ] ], [ [ [ -111.090869140625003, 26.07568359375 ], [ -111.094433593749997, 25.974072265624997 ], [ -111.224658203125003, 25.835888671874997 ], [ -111.182910156250003, 26.040625 ], [ -111.090869140625003, 26.07568359375 ] ] ], [ [ [ -111.856835937499994, 24.537988281249994 ], [ -111.712304687499994, 24.346386718749997 ], [ -112.01328125, 24.533398437499997 ], [ -111.856835937499994, 24.537988281249994 ] ] ], [ [ [ -112.057275390624994, 24.545703125 ], [ -112.296777343749994, 24.789648437499991 ], [ -112.159423828125, 25.28564453125 ], [ -112.195019531249997, 24.841064453125 ], [ -112.057275390624994, 24.545703125 ] ] ] ] } },
{ "type": "Feature", "properties": { "name": "Jamaica", "continent": "North America" }, "geometry": { "type": "Polygon", "coordinates": [ [ [ -77.261474609375, 18.457421875 ], [ -76.349853515625, 18.15185546875 ], [ -76.210791015624991, 17.913525390624997 ], [ -76.524609375, 17.8662109375 ], [ -76.853222656249997, 17.973730468749991 ], [ -76.944140624999989, 17.848779296874994 ], [ -77.119482421874991, 17.880078125 ], [ -77.204980468749994, 17.714941406249991 ], [ -77.361425781249991, 17.833691406249997 ], [ -77.768164062499991, 17.877392578124997 ], [ -78.044482421874989, 18.173828125 ], [ -78.339501953124994, 18.287207031249991 ], [ -78.216699218749994, 18.448095703124991 ], [ -77.8734375, 18.522216796875 ], [ -77.261474609375, 18.457421875 ] ] ] } },
{ "type": "Feature", "properties": { "name": "Honduras", "continent": "North America" }, "geometry": { "type": "MultiPolygon", "coordinates": [ [ [ [ -83.157519531249989, 14.993066406249994 ], [ -83.536523437499994, 14.977001953124997 ], [ -83.635498046875, 14.876416015624997 ], [ -84.453564453124997, 14.643701171874994 ], [ -84.645947265624997, 14.661083984374997 ], [ -84.860449218749991, 14.809765625 ], [ -84.985156249999989, 14.75244140625 ], [ -85.161328125, 14.525146484375 ], [ -85.179492187499989, 14.343310546875003 ], [ -85.681933593749989, 13.982568359374994 ], [ -85.733935546874989, 13.858691406250003 ], [ -86.040380859374991, 14.050146484374991 ], [ -86.331738281249997, 13.770068359375003 ], [ -86.758984375, 13.746142578125003 ], [ -86.710693359375, 13.313378906249994 ], [ -86.87353515625, 13.266503906249994 ], [ -87.059179687499991, 12.991455078125 ], [ -87.337255859374991, 12.979248046875 ], [ -87.489111328124991, 13.352929687499994 ], [ -87.814208984375, 13.399169921875 ], [ -87.737011718749997, 13.451367187499997 ], [ -87.71533203125, 13.812695312499997 ], [ -87.80224609375, 13.889990234374991 ], [ -87.991015624999989, 13.879638671875 ], [ -88.151025390624994, 13.987353515625003 ], [ -88.482666015625, 13.854248046875 ], [ -88.512548828124991, 13.978955078124997 ], [ -88.707617187499991, 14.032080078124991 ], [ -89.120507812499994, 14.370214843749991 ], [ -89.362597656249989, 14.416015625 ], [ -89.171777343749994, 14.606884765624997 ], [ -89.222363281249997, 14.866064453124991 ], [ -89.142578125, 15.072314453125003 ], [ -88.228320312499989, 15.72900390625 ], [ -88.131103515625, 15.701025390624991 ], [ -87.701855468749997, 15.91064453125 ], [ -87.486914062499991, 15.790185546874994 ], [ -87.285888671875, 15.834423828124997 ], [ -86.9072265625, 15.762353515624994 ], [ -86.356640625, 15.783203125 ], [ -85.936279296875, 15.953417968750003 ], [ -85.985644531249989, 16.024169921875 ], [ -85.483691406249989, 15.899511718749991 ], [ -84.973730468749991, 15.989892578124994 ], [ -84.559667968749991, 15.802001953125 ], [ -84.425976562499997, 15.829492187499994 ], [ -84.519628906249991, 15.872753906249997 ], [ -84.261425781249997, 15.822607421874991 ], [ -83.765283203124994, 15.40546875 ], [ -83.972802734374994, 15.519628906249991 ], [ -84.111328125, 15.492431640625 ], [ -84.095068359374991, 15.400927734375003 ], [ -83.927441406249997, 15.39404296875 ], [ -83.760449218749997, 15.220361328124994 ], [ -83.497949218749994, 15.222119140624997 ], [ -83.646386718749994, 15.368408203125 ], [ -83.369189453124989, 15.239990234375 ], [ -83.157519531249989, 14.993066406249994 ] ] ], [ [ [ -86.255517578124994, 16.42822265625 ], [ -86.580273437499997, 16.300244140624997 ], [ -86.630419921874989, 16.3017578125 ], [ -86.438281249999989, 16.413867187500003 ], [ -86.255517578124994, 16.42822265625 ] ] ], [ [ [ -85.870947265624991, 16.461523437499991 ], [ -85.947216796874997, 16.403613281250003 ], [ -85.833789062499989, 16.510888671874994 ], [ -85.870947265624991, 16.461523437499991 ] ] ] ] } },
{ "type": "Feature", "properties": { "name": "Haiti", "continent": "North America" }, "geometry": { "type": "MultiPolygon", "coordinates": [ [ [ [ -71.779248046874997, 19.718164062499994 ], [ -71.711474609374989, 19.486572265625 ], [ -71.746484375, 19.285839843749997 ], [ -71.645312499999989, 19.163525390624997 ], [ -71.80712890625, 18.987011718749997 ], [ -71.743212890624989, 18.73291015625 ], [ -72.000390625, 18.597900390625 ], [ -71.761914062499997, 18.34130859375 ], [ -71.768310546875, 18.039160156249991 ], [ -72.059863281249989, 18.228564453125003 ], [ -72.876660156249997, 18.151757812499994 ], [ -73.38515625, 18.251171875 ], [ -73.747314453125, 18.190234375 ], [ -73.884960937499997, 18.041894531249994 ], [ -74.4599609375, 18.39306640625 ], [ -74.3875, 18.624707031249997 ], [ -74.227734375, 18.662695312499991 ], [ -72.789355468749989, 18.434814453125 ], [ -72.618066406249994, 18.55078125 ], [ -72.376074218749991, 18.574462890625 ], [ -72.34765625, 18.674951171874994 ], [ -72.811083984374989, 19.071582031250003 ], [ -72.7412109375, 19.13134765625 ], [ -72.703222656249991, 19.441064453124994 ], [ -73.052734375, 19.610742187499994 ], [ -73.396337890624991, 19.65869140625 ], [ -73.438378906249994, 19.722119140624997 ], [ -73.315332031249994, 19.854589843749991 ], [ -72.876513671874989, 19.928076171874991 ], [ -72.219824218749991, 19.74462890625 ], [ -71.779248046874997, 19.718164062499994 ] ] ], [ [ [ -72.804589843749994, 18.777685546874991 ], [ -72.822216796874997, 18.707128906249991 ], [ -73.077978515624991, 18.790917968749994 ], [ -73.276416015624989, 18.954052734374997 ], [ -73.069140624999989, 18.93203125 ], [ -72.804589843749994, 18.777685546874991 ] ] ], [ [ [ -72.791015625, 20.091894531249991 ], [ -72.638867187499997, 19.98583984375 ], [ -72.960351562499994, 20.062255859375 ], [ -72.791015625, 20.091894531249991 ] ] ] ] } },
{ "type": "Feature", "properties": { "name": "Guyana", "continent": "South America" }, "geometry": { "type": "Polygon", "coordinates": [ [ [ -60.742138671874997, 5.202050781249994 ], [ -61.390820312499997, 5.938769531249989 ], [ -61.128710937499989, 6.214306640624997 ], [ -61.20361328125, 6.58837890625 ], [ -61.145605468749991, 6.69453125 ], [ -60.717919921874994, 6.768310546875 ], [ -60.352099609374989, 7.002880859374997 ], [ -60.345068359374991, 7.15 ], [ -60.63330078125, 7.211083984374994 ], [ -60.606542968749991, 7.320849609374989 ], [ -60.718652343749994, 7.535937499999989 ], [ -60.513623046874997, 7.813183593749997 ], [ -60.032421875, 8.053564453124991 ], [ -59.849072265624997, 8.248681640624994 ], [ -60.017529296874997, 8.54931640625 ], [ -59.836523437499991, 8.373828124999989 ], [ -59.666113281249991, 8.362597656249989 ], [ -59.200244140624989, 8.074609375 ], [ -58.511083984374991, 7.398046875 ], [ -58.480566406249991, 7.038134765624989 ], [ -58.672949218749991, 6.390771484374994 ], [ -58.414990234374997, 6.851171875 ], [ -58.2984375, 6.879296875 ], [ -57.982568359374994, 6.785888671875 ], [ -57.540136718749991, 6.33154296875 ], [ -57.2275390625, 6.178417968749997 ], [ -57.194775390624997, 5.5484375 ], [ -57.318554687499997, 5.335351562499994 ], [ -57.209814453124991, 5.195410156249991 ], [ -57.331005859374997, 5.020166015624994 ], [ -57.711083984374994, 4.991064453124991 ], [ -57.881103515625, 4.880615234375 ], [ -57.845996093749989, 4.668164062499997 ], [ -58.054296875, 4.101660156249991 ], [ -57.832666015624994, 3.675976562499997 ], [ -57.649462890624989, 3.517382812499989 ], [ -57.646728515625, 3.39453125 ], [ -57.303662109374997, 3.377099609374994 ], [ -57.197363281249991, 2.853271484375 ], [ -56.704345703125, 2.036474609374991 ], [ -56.4828125, 1.942138671875 ], [ -56.836718749999989, 1.88125 ], [ -57.118896484375, 2.013964843749989 ], [ -57.317480468749991, 1.963476562499991 ], [ -57.545751953124991, 1.72607421875 ], [ -57.9828125, 1.6484375 ], [ -58.03466796875, 1.520263671875 ], [ -58.340673828124991, 1.587548828124994 ], [ -58.506054687499997, 1.438671875 ], [ -58.511865234374994, 1.28466796875 ], [ -58.82177734375, 1.201220703124989 ], [ -59.231201171875, 1.376025390624989 ], [ -59.666601562499991, 1.746289062499997 ], [ -59.756201171874991, 1.900634765625 ], [ -59.755224609374991, 2.274121093749997 ], [ -59.8896484375, 2.362939453124994 ], [ -59.994335937499997, 2.689990234374989 ], [ -59.972314453124994, 2.990478515625 ], [ -59.831152343749991, 3.34921875 ], [ -59.854394531249994, 3.5875 ], [ -59.679003906249989, 3.699804687499991 ], [ -59.551123046874991, 3.933544921874997 ], [ -59.738574218749989, 4.226757812499997 ], [ -59.703271484374994, 4.381103515625 ], [ -60.148632812499997, 4.533251953124989 ], [ -60.031787109374989, 4.740527343749989 ], [ -59.990673828124997, 5.082861328124991 ], [ -60.142041015624997, 5.238818359374989 ], [ -60.742138671874997, 5.202050781249994 ] ] ] } },
{ "type": "Feature", "properties": { "name": "Guatemala", "continent": "North America" }, "geometry": { "type": "Polygon", "coordinates": [ [ [ -92.235156249999989, 14.54541015625 ], [ -92.074804687499991, 15.07421875 ], [ -92.204248046874994, 15.275 ], [ -91.736572265625, 16.070166015624991 ], [ -90.447167968749994, 16.072705078124997 ], [ -90.4169921875, 16.391015625 ], [ -90.634082031249989, 16.5107421875 ], [ -90.710693359375, 16.708105468749991 ], [ -91.409619140624997, 17.255859375 ], [ -90.992968749999989, 17.25244140625 ], [ -90.989160156249994, 17.81640625 ], [ -89.161474609374991, 17.81484375 ], [ -89.2375, 15.894433593749994 ], [ -88.89404296875, 15.890625 ], [ -88.603369140624991, 15.76416015625 ], [ -88.536230468749991, 15.849609375 ], [ -88.593945312499997, 15.950292968749991 ], [ -88.228320312499989, 15.72900390625 ], [ -89.1703125, 15.039892578124991 ], [ -89.222363281249997, 14.866064453124991 ], [ -89.171777343749994, 14.606884765624997 ], [ -89.362597656249989, 14.416015625 ], [ -89.573632812499994, 14.390087890624997 ], [ -89.547167968749989, 14.241259765625003 ], [ -90.048144531249989, 13.904052734375 ], [ -90.09521484375, 13.736523437499997 ], [ -90.60693359375, 13.929003906250003 ], [ -91.37734375, 13.990185546874997 ], [ -92.235156249999989, 14.54541015625 ] ] ] } },
{ "type": "Feature", "properties": { "name": "Grenada", "continent": "North America" }, "geometry": { "type": "Polygon", "coordinates": [ [ [ -61.627148437499997, 12.053955078125 ], [ -61.782177734374997, 12.008447265624994 ], [ -61.714990234374994, 12.18515625 ], [ -61.60703125, 12.223291015624994 ], [ -61.627148437499997, 12.053955078125 ] ] ] } },
{ "type": "Feature", "properties": { "name": "St. Pierre and Miquelon", "continent": "North America" }, "geometry": { "type": "MultiPolygon", "coordinates": [ [ [ [ -56.152636718749989, 46.811083984374996 ], [ -56.171679687499989, 46.752832031249994 ], [ -56.243261718749991, 46.7671875 ], [ -56.152636718749989, 46.811083984374996 ] ] ], [ [ [ -56.26708984375, 46.838476562499999 ], [ -56.384765625, 46.819433593749999 ], [ -56.364648437499994, 47.098974609374999 ], [ -56.287353515625, 47.070996093749997 ], [ -56.26708984375, 46.838476562499999 ] ] ] ] } },
{ "type": "Feature", "properties": { "name": "St-Martin", "continent": "North America" }, "geometry": { "type": "Polygon", "coordinates": [ [ [ -63.011181640624997, 18.068945312499991 ], [ -63.123046875, 18.068945312499991 ], [ -63.063085937499991, 18.115332031249991 ], [ -63.011181640624997, 18.068945312499991 ] ] ] } },
{ "type": "Feature", "properties": { "name": "St-Barthélemy", "continent": "North America" }, "geometry": { "type": "Polygon", "coordinates": [ [ [ -62.799707031249994, 17.90869140625 ], [ -62.858935546874989, 17.883642578124991 ], [ -62.87421875, 17.922265625 ], [ -62.799707031249994, 17.90869140625 ] ] ] } },
{ "type": "Feature", "properties": { "name": "El Salvador", "continent": "North America" }, "geometry": { "type": "Polygon", "coordinates": [ [ [ -89.573632812499994, 14.390087890624997 ], [ -89.120507812499994, 14.370214843749991 ], [ -88.707617187499991, 14.032080078124991 ], [ -88.512548828124991, 13.978955078124997 ], [ -88.482666015625, 13.854248046875 ], [ -88.151025390624994, 13.987353515625003 ], [ -87.7314453125, 13.841064453125 ], [ -87.781884765624994, 13.521386718749994 ], [ -87.731640625, 13.483105468749997 ], [ -87.83837890625, 13.385791015625003 ], [ -87.820703125, 13.28515625 ], [ -87.930859375, 13.1806640625 ], [ -88.1806640625, 13.164013671874997 ], [ -88.685644531249991, 13.281494140625 ], [ -88.512011718749989, 13.183935546874991 ], [ -89.277636718749989, 13.478076171875003 ], [ -89.80419921875, 13.560107421875003 ], [ -90.09521484375, 13.736523437499997 ], [ -90.048144531249989, 13.904052734375 ], [ -89.547167968749989, 14.241259765625003 ], [ -89.573632812499994, 14.390087890624997 ] ] ] } },
{ "type": "Feature", "properties": { "name": "Ecuador", "continent": "South America" }, "geometry": { "type": "MultiPolygon", "coordinates": [ [ [ [ -75.284472656249989, -0.106542968750006 ], [ -75.626269531249989, -0.122851562500003 ], [ -75.259375, -0.590136718750003 ], [ -75.249609375, -0.951855468750011 ], [ -75.408056640624991, -0.92431640625 ], [ -75.570556640625, -1.53125 ], [ -76.089794921874997, -2.133105468750003 ], [ -76.679101562499994, -2.562597656250006 ], [ -77.860595703125, -2.981640625000011 ], [ -78.183300781249997, -3.350195312500006 ], [ -78.158496093749989, -3.465136718750003 ], [ -78.345361328124994, -3.397363281250009 ], [ -78.419775390624991, -3.77685546875 ], [ -78.679394531249997, -4.325878906250011 ], [ -78.68603515625, -4.562402343750009 ], [ -78.907617187499994, -4.714453125 ], [ -78.919189453125, -4.8583984375 ], [ -79.033300781249991, -4.969140625 ], [ -79.330957031249994, -4.927832031250006 ], [ -79.516162109374989, -4.539160156250006 ], [ -79.638525390624991, -4.454882812500003 ], [ -79.797265625, -4.476367187500003 ], [ -80.139550781249994, -4.296093750000011 ], [ -80.383496093749997, -4.463671875 ], [ -80.478564453124989, -4.430078125 ], [ -80.352880859374991, -4.20849609375 ], [ -80.488476562499997, -4.16552734375 ], [ -80.490136718749994, -4.010058593750003 ], [ -80.303271484374989, -4.005078125000011 ], [ -80.179248046874989, -3.877734375 ], [ -80.324658203124997, -3.387890625000011 ], [ -79.963330078124997, -3.15771484375 ], [ -79.729882812499994, -2.5791015625 ], [ -79.842138671874991, -2.0673828125 ], [ -79.925585937499989, -2.548535156250011 ], [ -80.030175781249994, -2.556738281250006 ], [ -80.006640624999989, -2.353808593750003 ], [ -80.284716796874989, -2.706738281250011 ], [ -80.932177734374989, -2.269140625 ], [ -80.962792968749994, -2.189257812500003 ], [ -80.770361328124991, -2.07666015625 ], [ -80.760595703124991, -1.9345703125 ], [ -80.902392578124989, -1.07890625 ], [ -80.84140625, -0.974707031250006 ], [ -80.55390625, -0.847949218750003 ], [ -80.45546875, -0.58544921875 ], [ -80.282373046874994, -0.620507812500009 ], [ -80.384765625, -0.583984375 ], [ -80.482275390624991, -0.368261718750006 ], [ -80.046142578125, 0.155371093749991 ], [ -80.08828125, 0.784765625 ], [ -80.035937499999989, 0.834570312499991 ], [ -78.899658203125, 1.20625 ], [ -78.827050781249994, 1.295947265624989 ], [ -78.859667968749989, 1.455371093749989 ], [ -78.1806640625, 0.968554687499989 ], [ -77.702880859375, 0.837841796874997 ], [ -77.648632812499997, 0.7236328125 ], [ -77.467675781249994, 0.636523437499989 ], [ -77.396337890624991, 0.393896484374991 ], [ -76.49462890625, 0.235449218749991 ], [ -76.38818359375, 0.404980468749997 ], [ -76.270605468749991, 0.439404296874997 ], [ -75.776660156249989, 0.089257812499994 ], [ -75.284472656249989, -0.106542968750006 ] ] ], [ [ [ -80.131591796875, -2.97314453125 ], [ -80.27294921875, -2.995898437500003 ], [ -80.223681640624989, -2.753125 ], [ -80.080761718749997, -2.668847656250009 ], [ -79.909033203124991, -2.7255859375 ], [ -80.093408203124994, -2.845898437500011 ], [ -80.131591796875, -2.97314453125 ] ] ], [ [ [ -78.909228515624989, 1.252783203124991 ], [ -78.99169921875, 1.293212890625 ], [ -78.899804687499994, 1.359765625 ], [ -78.909228515624989, 1.252783203124991 ] ] ], [ [ [ -90.334863281249994, -0.771582031250006 ], [ -90.542138671874994, -0.676464843750011 ], [ -90.531689453124997, -0.581445312500009 ], [ -90.269384765624991, -0.484667968750003 ], [ -90.185302734375, -0.544824218750009 ], [ -90.192724609374991, -0.658789062500006 ], [ -90.334863281249994, -0.771582031250006 ] ] ], [ [ [ -89.418896484374997, -0.911035156250009 ], [ -89.53662109375, -0.952343750000011 ], [ -89.60859375, -0.888574218750009 ], [ -89.287841796875, -0.68984375 ], [ -89.418896484374997, -0.911035156250009 ] ] ], [ [ [ -91.425976562499997, -0.460839843750009 ], [ -91.610742187499994, -0.443945312500006 ], [ -91.646679687499997, -0.284472656250003 ], [ -91.46015625, -0.255664062500003 ], [ -91.425976562499997, -0.460839843750009 ] ] ], [ [ [ -90.379150390625, -1.292285156250003 ], [ -90.51953125, -1.299121093750003 ], [ -90.477197265624994, -1.220996093750003 ], [ -90.379150390625, -1.292285156250003 ] ] ], [ [ [ -91.361376953124989, 0.125830078124991 ], [ -91.176220703124997, -0.223046875 ], [ -90.975537109374997, -0.416894531250009 ], [ -90.958935546874997, -0.5953125 ], [ -90.799658203124991, -0.752050781250006 ], [ -90.905517578125, -0.940527343750006 ], [ -91.131054687499997, -1.019628906250006 ], [ -91.419042968749991, -0.996679687500006 ], [ -91.495410156249989, -0.8609375 ], [ -91.120947265624991, -0.55908203125 ], [ -91.369189453124989, -0.287207031250006 ], [ -91.428857421874994, -0.023388671875011 ], [ -91.596826171874994, 0.002099609374994 ], [ -91.361376953124989, 0.125830078124991 ] ] ], [ [ [ -90.573925781249997, -0.333984375 ], [ -90.809033203124997, -0.329394531250003 ], [ -90.867773437499991, -0.271386718750009 ], [ -90.780371093749991, -0.160449218750003 ], [ -90.553320312499991, -0.278417968750006 ], [ -90.573925781249997, -0.333984375 ] ] ] ] } },
{ "type": "Feature", "properties": { "name": "Dominican Rep.", "continent": "North America" }, "geometry": { "type": "Polygon", "coordinates": [ [ [ -71.768310546875, 18.039160156249991 ], [ -71.761914062499997, 18.34130859375 ], [ -72.000390625, 18.597900390625 ], [ -71.743212890624989, 18.73291015625 ], [ -71.80712890625, 18.987011718749997 ], [ -71.645312499999989, 19.163525390624997 ], [ -71.746484375, 19.285839843749997 ], [ -71.711474609374989, 19.486572265625 ], [ -71.779248046874997, 19.718164062499994 ], [ -71.557763671874994, 19.895361328124991 ], [ -71.2359375, 19.84814453125 ], [ -70.954150390624989, 19.913964843749994 ], [ -70.19384765625, 19.638037109374991 ], [ -69.956835937499989, 19.671875 ], [ -69.739404296874994, 19.29921875 ], [ -69.324951171875, 19.327734375 ], [ -69.232470703124989, 19.271826171874991 ], [ -69.32275390625, 19.201074218749994 ], [ -69.60595703125, 19.206494140624997 ], [ -69.623632812499991, 19.117822265624994 ], [ -68.684765625, 18.90478515625 ], [ -68.339160156249989, 18.611523437499997 ], [ -68.687402343749994, 18.214941406249991 ], [ -68.934960937499994, 18.408007812500003 ], [ -69.274511718749991, 18.43984375 ], [ -69.770654296874994, 18.443554687499997 ], [ -70.18310546875, 18.251757812500003 ], [ -70.479931640624997, 18.21728515625 ], [ -70.644677734374994, 18.336230468750003 ], [ -71.02783203125, 18.273193359375 ], [ -71.43896484375, 17.635595703124991 ], [ -71.631738281249994, 17.773632812499997 ], [ -71.768310546875, 18.039160156249991 ] ] ] } },
{ "type": "Feature", "properties": { "name": "Dominica", "continent": "North America" }, "geometry": { "type": "Polygon", "coordinates": [ [ [ -61.281689453124997, 15.2490234375 ], [ -61.375390625, 15.227294921875 ], [ -61.458105468749991, 15.633105468750003 ], [ -61.277246093749994, 15.526708984374991 ], [ -61.281689453124997, 15.2490234375 ] ] ] } },
{ "type": "Feature", "properties": { "name": "Greenland", "continent": "North America" }, "geometry": { "type": "MultiPolygon", "coordinates": [ [ [ [ -29.952880859375, 83.56484375 ], [ -25.795068359374994, 83.260986328125 ], [ -31.99267578125, 83.085351562499994 ], [ -32.03271484375, 82.983447265625003 ], [ -29.963574218749983, 83.110498046874994 ], [ -27.002050781250006, 83.0671875 ], [ -25.123388671874977, 83.159619140624997 ], [ -24.470312499999977, 82.877392578124997 ], [ -22.52490234375, 82.789160156250006 ], [ -21.691796875, 82.682519531249994 ], [ -21.520654296874994, 82.595410156249997 ], [ -21.993945312499989, 82.462792968749994 ], [ -23.118066406249994, 82.32470703125 ], [ -29.579394531249989, 82.161181640625003 ], [ -29.887402343749983, 82.054833984374994 ], [ -29.810986328124983, 81.95546875 ], [ -29.543847656249994, 81.93994140625 ], [ -27.839501953124994, 82.048876953125003 ], [ -25.148828125, 82.001123046874994 ], [ -24.589160156249989, 81.8828125 ], [ -24.293066406249977, 81.700976562500003 ], [ -23.496142578124989, 81.773046875 ], [ -23.179833984374994, 81.989453125 ], [ -22.940087890624994, 82.030517578125 ], [ -21.337988281249977, 82.068701171875006 ], [ -21.130322265624983, 81.934228515624994 ], [ -21.146582031249977, 81.695166015625006 ], [ -21.50390625, 81.4375 ], [ -23.072460937499983, 80.926708984374997 ], [ -23.196386718749977, 80.847363281249997 ], [ -23.117724609374989, 80.778173828125006 ], [ -22.82568359375, 80.912646484375003 ], [ -20.889746093749977, 81.2763671875 ], [ -19.629931640624989, 81.639892578125 ], [ -19.224755859374994, 81.640039062499994 ], [ -19.152978515624994, 81.51220703125 ], [ -17.4560546875, 81.397705078125 ], [ -16.120703124999977, 81.776611328125 ], [ -14.241992187499989, 81.813867187499994 ], [ -12.434423828124977, 81.682519531249994 ], [ -11.425537109375, 81.480615234374994 ], [ -13.126220703125, 81.087792968749994 ], [ -14.452343749999983, 80.993115234374997 ], [ -14.228564453124989, 80.870458984375006 ], [ -14.503564453124994, 80.76328125 ], [ -16.760595703124977, 80.573388671874994 ], [ -15.937255859375, 80.427636718749994 ], [ -16.48876953125, 80.251953125 ], [ -18.070947265624994, 80.172070312499997 ], [ -19.42919921875, 80.257714843749994 ], [ -20.150146484375, 80.01123046875 ], [ -20.181347656249983, 79.857958984375003 ], [ -20.06884765625, 79.773779296875006 ], [ -19.35302734375, 79.734179687500003 ], [ -19.28359375, 79.683154296875003 ], [ -19.414013671874983, 79.348828125 ], [ -19.152197265624977, 79.325390625 ], [ -18.991992187499989, 79.178369140624994 ], [ -19.723046875, 79.065039062500006 ], [ -20.050488281249983, 78.841796875 ], [ -20.615576171874977, 78.80390625 ], [ -21.133740234374983, 78.658642578124997 ], [ -20.955664062499977, 78.555029296875006 ], [ -21.74755859375, 77.790625 ], [ -21.729589843749977, 77.708544921875003 ], [ -21.578906249999989, 77.6513671875 ], [ -21.379687499999989, 77.697558593750003 ], [ -20.862597656249989, 77.911865234375 ], [ -19.490429687499983, 77.718896484374994 ], [ -19.296093749999983, 77.585253906250003 ], [ -20.162060546874983, 77.68984375 ], [ -20.680810546874994, 77.618994140625006 ], [ -20.23193359375, 77.368408203125 ], [ -19.30029296875, 77.222363281249997 ], [ -18.442626953125, 77.259375 ], [ -18.292382812499994, 77.132861328125003 ], [ -18.337255859374977, 76.921191406250003 ], [ -18.605761718749989, 76.76328125 ], [ -20.48671875, 76.920800781249994 ], [ -20.942089843749983, 76.887011718750003 ], [ -21.614697265624983, 76.687890625 ], [ -22.334326171874977, 76.793701171875 ], [ -22.606640624999983, 76.680761718750006 ], [ -21.87734375, 76.573486328125 ], [ -21.758105468749989, 76.400537109374994 ], [ -21.488232421874983, 76.271875 ], [ -20.887402343749983, 76.304003906250003 ], [ -20.103613281249977, 76.219091796875006 ], [ -19.862890624999977, 76.120654296875003 ], [ -19.957714843749983, 75.996679687500006 ], [ -19.508984374999983, 75.757519531249997 ], [ -19.399511718749977, 75.494433593750003 ], [ -19.375292968749989, 75.298193359375006 ], [ -19.5263671875, 75.180224609375003 ], [ -19.798486328124994, 75.157470703125 ], [ -20.198681640624983, 75.307958984375006 ], [ -20.484960937499977, 75.314257812500003 ], [ -20.905859374999977, 75.156933593749997 ], [ -21.649316406249994, 75.0234375 ], [ -22.232861328124983, 75.119726562500006 ], [ -21.695117187499989, 74.964453125 ], [ -20.985791015624983, 75.074365234374994 ], [ -20.785693359374989, 74.891748046874994 ], [ -20.7953125, 74.805957031250003 ], [ -21.038476562499994, 74.654150390625006 ], [ -20.861572265625, 74.6359375 ], [ -20.611132812499989, 74.728222656249997 ], [ -20.417089843749977, 74.975195312500006 ], [ -19.984912109374989, 74.975195312500006 ], [ -19.537792968749983, 74.624560546875003 ], [ -19.287011718749994, 74.54638671875 ], [ -19.22509765625, 74.4794921875 ], [ -19.271582031249977, 74.342626953125006 ], [ -19.646240234375, 74.257958984374994 ], [ -20.256445312499977, 74.2828125 ], [ -20.230566406249977, 74.204638671875003 ], [ -21.129443359374989, 74.110888671875003 ], [ -21.954931640624977, 74.244287109374994 ], [ -21.761962890625, 74.482763671875006 ], [ -21.982617187499983, 74.567480468750006 ], [ -21.920166015625, 74.439208984375 ], [ -21.972705078124989, 74.390039062499994 ], [ -22.334326171874977, 74.286376953125 ], [ -22.195654296874977, 74.205712890624994 ], [ -22.335253906249989, 74.063427734374997 ], [ -22.134814453124989, 73.990478515625 ], [ -20.367285156249977, 73.848242187500006 ], [ -20.509667968749994, 73.492871093749997 ], [ -20.63671875, 73.463574218749997 ], [ -21.547998046874994, 73.431689453125003 ], [ -22.346875, 73.269238281249997 ], [ -23.233203124999989, 73.397705078125 ], [ -23.760595703124977, 73.543115234374994 ], [ -24.15771484375, 73.764453125 ], [ -24.67724609375, 73.602197265624994 ], [ -25.521289062499989, 73.851611328125003 ], [ -24.7783203125, 73.539892578125006 ], [ -26.062304687499989, 73.253027343750006 ], [ -27.270410156249994, 73.436279296875 ], [ -26.541845703125006, 73.248974609374997 ], [ -26.728613281250006, 73.17138671875 ], [ -27.561621093750006, 73.138476562500003 ], [ -27.348046875, 73.067822265624997 ], [ -25.399023437499977, 73.27578125 ], [ -25.05703125, 73.396484375 ], [ -24.132666015624977, 73.409375 ], [ -22.036328124999983, 72.91845703125 ], [ -22.006738281249994, 72.635449218749997 ], [ -22.074804687499977, 72.39921875 ], [ -22.280224609374983, 72.344775390625003 ], [ -22.293212890625, 72.11953125 ], [ -24.069042968749983, 72.498730468749997 ], [ -24.358593749999983, 72.687304687500003 ], [ -24.629980468749977, 73.037646484375003 ], [ -26.657617187499994, 72.7158203125 ], [ -26.39208984375, 72.672802734374997 ], [ -24.813330078124977, 72.901513671874994 ], [ -24.65, 72.58251953125 ], [ -24.70068359375, 72.50634765625 ], [ -25.203710937499977, 72.39296875 ], [ -24.572363281249977, 72.420214843750003 ], [ -22.496875, 71.913818359375 ], [ -22.370214843749977, 71.769824218750003 ], [ -21.959667968749983, 71.744677734375003 ], [ -22.503222656249989, 71.500439453124997 ], [ -22.479638671874994, 71.383447265624994 ], [ -22.417578124999977, 71.248681640624994 ], [ -22.299023437499983, 71.432324218749997 ], [ -21.752246093749989, 71.478320312500003 ], [ -21.674511718749983, 70.856298828125006 ], [ -21.522656249999983, 70.526220703125006 ], [ -21.943505859374994, 70.443457031250006 ], [ -22.384130859374977, 70.46240234375 ], [ -22.43701171875, 70.860009765624994 ], [ -22.690673828125, 70.437304687500003 ], [ -23.327832031249983, 70.450976562500003 ], [ -23.971386718749983, 70.649462890625003 ], [ -24.265722656249977, 71.046337890624997 ], [ -24.562207031249983, 71.223535156249994 ], [ -25.88515625, 71.571923828124994 ], [ -27.087207031249989, 71.6265625 ], [ -27.162304687499983, 71.602197265624994 ], [ -27.10703125, 71.532666015624997 ], [ -25.842724609374983, 71.480175781249997 ], [ -25.667578124999977, 71.265332031249997 ], [ -26.014111328124983, 71.092822265625003 ], [ -26.717919921874994, 70.950488281250003 ], [ -28.3984375, 70.992919921875 ], [ -27.979296874999989, 70.839501953124994 ], [ -28.145654296874994, 70.655664062499994 ], [ -29.072070312499989, 70.444970703124994 ], [ -27.59609375, 70.406689453124997 ], [ -26.747265624999983, 70.475537109374997 ], [ -26.508398437500006, 70.396630859374994 ], [ -27.328125, 70.217138671875006 ], [ -27.628857421874983, 70.028222656249994 ], [ -27.384179687499994, 69.991601562499994 ], [ -27.027734375, 70.201220703125003 ], [ -25.529882812499977, 70.353173828124994 ], [ -23.667333984374977, 70.139306640624994 ], [ -22.206591796874989, 70.10791015625 ], [ -22.435107421874989, 69.985742187499994 ], [ -23.088232421874977, 69.882958984374994 ], [ -23.049560546875, 69.792724609375 ], [ -23.86572265625, 69.73671875 ], [ -23.739404296874994, 69.588623046875 ], [ -24.296679687499989, 69.585546875 ], [ -24.220898437499983, 69.479296875 ], [ -24.295556640624994, 69.439306640625006 ], [ -25.188574218749977, 69.260546875 ], [ -25.092431640624994, 69.165185546874994 ], [ -25.544042968749977, 69.045703125 ], [ -25.697998046875, 68.889892578125 ], [ -26.48291015625, 68.675927734374994 ], [ -29.24951171875, 68.298779296874997 ], [ -29.868505859375006, 68.311572265625003 ], [ -30.195507812499983, 68.198974609375 ], [ -30.720019531249989, 68.251171875 ], [ -30.610742187499994, 68.117919921875 ], [ -30.978564453124989, 68.061328125 ], [ -31.419482421874989, 68.128466796875003 ], [ -32.327441406249989, 68.437304687500003 ], [ -32.180126953124983, 68.257275390624997 ], [ -32.366845703124994, 68.213037109374994 ], [ -32.155957031249983, 68.063183593749997 ], [ -32.16455078125, 67.991113281249994 ], [ -33.108154296875, 67.658203125 ], [ -33.504443359374989, 67.377001953125003 ], [ -33.527978515624994, 67.258154296875006 ], [ -34.101660156250006, 66.725927734375006 ], [ -34.4228515625, 66.630175781250003 ], [ -34.6328125, 66.434765625 ], [ -35.188574218750006, 66.250292968750003 ], [ -35.867236328124989, 66.44140625 ], [ -35.630078124999983, 66.139941406250003 ], [ -36.379199218749989, 65.830810546875 ], [ -36.388964843749989, 65.959716796875 ], [ -36.527246093749994, 66.007714843749994 ], [ -36.665185546874994, 65.790087890625003 ], [ -36.932421874999989, 65.782568359375006 ], [ -37.062792968749989, 65.871435546875006 ], [ -37.316015625, 65.790234375 ], [ -37.410058593749994, 65.656347656250006 ], [ -37.754199218749989, 65.593066406250003 ], [ -38.001269531249989, 65.709619140624994 ], [ -37.79736328125, 65.856787109375006 ], [ -37.787841796875, 65.977978515624997 ], [ -37.278710937499994, 66.304394531249997 ], [ -38.156640625, 66.385595703125006 ], [ -37.75234375, 66.261523437500003 ], [ -37.969433593749983, 66.14111328125 ], [ -38.139941406249989, 65.903515625 ], [ -38.520361328125006, 66.009667968749994 ], [ -38.216357421874989, 65.838330078124997 ], [ -38.203369140625, 65.71171875 ], [ -38.63671875, 65.624365234375006 ], [ -40.173535156249983, 65.55615234375 ], [ -39.577929687499989, 65.340771484374997 ], [ -40.253125, 65.048876953125003 ], [ -40.667578125, 65.108740234375006 ], [ -41.084423828124983, 65.100830078125 ], [ -41.088671874999989, 65.035351562499997 ], [ -40.966015624999983, 64.868847656249997 ], [ -40.655468749999983, 64.915332031250003 ], [ -40.182226562500006, 64.479931640624997 ], [ -40.698535156249989, 64.329736328124994 ], [ -40.78173828125, 64.221777343750006 ], [ -41.581005859374983, 64.29833984375 ], [ -41.030566406249989, 64.121044921874997 ], [ -40.617773437500006, 64.131738281249994 ], [ -40.65234375, 63.927734375 ], [ -40.550390625, 63.725244140624994 ], [ -40.771533203124989, 63.626171875 ], [ -40.775195312499989, 63.533642578124997 ], [ -41.048730468749994, 63.513818359374994 ], [ -41.152246093749994, 63.348925781250003 ], [ -41.107714843749989, 63.273779296874999 ], [ -41.387890624999983, 63.061865234374999 ], [ -41.844482421875, 63.070263671874997 ], [ -42.174511718749983, 63.208789062500003 ], [ -42.093994140625, 63.116748046875003 ], [ -41.634472656249983, 62.972460937500003 ], [ -41.908984374999989, 62.737109375 ], [ -42.941650390625, 62.72021484375 ], [ -42.152978515624994, 62.568457031249999 ], [ -42.321484374999983, 62.152734375 ], [ -42.14306640625, 62.013525390624999 ], [ -42.110205078125006, 61.857226562500003 ], [ -42.585302734375006, 61.717480468749997 ], [ -42.323632812499994, 61.681738281249999 ], [ -42.64599609375, 61.064111328124994 ], [ -42.717041015625, 60.767480468749994 ], [ -43.044091796874994, 60.523681640625 ], [ -43.922705078125006, 60.595361328124994 ], [ -43.212988281250006, 60.390673828125003 ], [ -43.122900390625006, 60.061230468749997 ], [ -43.320117187499989, 59.928125 ], [ -43.955029296874983, 60.025488281249999 ], [ -43.657910156249983, 59.858642578125 ], [ -43.906542968749989, 59.815478515625003 ], [ -44.116992187499989, 59.831933593749994 ], [ -44.065478515624989, 59.9248046875 ], [ -44.412939453125006, 59.922607421875 ], [ -44.453466796875006, 60.014550781249994 ], [ -44.231347656249994, 60.180273437499999 ], [ -44.176123046875006, 60.244384765625 ], [ -44.224365234375, 60.273535156249999 ], [ -44.61328125, 60.016650390625003 ], [ -45.379248046875006, 60.202929687500003 ], [ -45.367773437500006, 60.372949218749994 ], [ -44.974707031250006, 60.457226562499997 ], [ -44.756738281249994, 60.664599609375003 ], [ -45.380517578124994, 60.444921875 ], [ -46.046630859375, 60.61572265625 ], [ -46.141943359375006, 60.776513671874994 ], [ -45.8798828125, 61.094140625 ], [ -45.870214843750006, 61.218310546875003 ], [ -46.01171875, 61.096826171874994 ], [ -46.874462890624983, 60.81640625 ], [ -47.796240234375006, 60.828857421875 ], [ -47.729931640624983, 60.7294921875 ], [ -47.827929687499989, 60.724755859374994 ], [ -48.180810546874994, 60.769238281249997 ], [ -48.205175781250006, 60.855908203124997 ], [ -47.770312499999989, 60.997753906249997 ], [ -48.386425781249983, 61.004736328124999 ], [ -48.428173828124983, 61.187402343749994 ], [ -48.922070312499983, 61.277441406249999 ], [ -49.04921875, 61.523876953124997 ], [ -49.2890625, 61.589941406249999 ], [ -49.193115234375, 61.685644531249999 ], [ -49.380273437499994, 61.890185546875003 ], [ -48.828710937500006, 62.0796875 ], [ -49.120458984375006, 62.112597656250003 ], [ -49.623779296875, 61.998583984375003 ], [ -49.667724609375, 62.15087890625 ], [ -49.553466796875, 62.232714843750003 ], [ -50.319238281249994, 62.473193359375003 ], [ -50.259326171874989, 62.578076171874997 ], [ -50.298730468749994, 62.721972656250003 ], [ -49.793115234374994, 63.044628906249997 ], [ -50.390087890624983, 62.822021484375 ], [ -51.468847656250006, 63.642285156249997 ], [ -51.538183593750006, 63.758007812499997 ], [ -51.451074218749994, 63.90478515625 ], [ -51.547509765624994, 64.006103515625 ], [ -50.260693359374983, 64.214257812499994 ], [ -50.486621093749989, 64.208886718749994 ], [ -50.437060546874989, 64.312841796875006 ], [ -51.542285156249989, 64.097021484375006 ], [ -51.707861328125006, 64.205078125 ], [ -51.231542968750006, 64.560595703125003 ], [ -50.834912109374983, 64.558984375 ], [ -50.84921875, 64.644677734374994 ], [ -50.684326171875, 64.678173828124997 ], [ -50.355126953124994, 64.682568359374997 ], [ -50.008984374999983, 64.447265625 ], [ -50.121630859374989, 64.703759765624994 ], [ -50.516992187499994, 64.766503906249994 ], [ -50.960644531249983, 65.201123046874997 ], [ -50.721582031249994, 64.797607421875 ], [ -51.220605468749994, 64.628466796875003 ], [ -51.138964843749989, 64.785742187500006 ], [ -51.25537109375, 64.758105468750003 ], [ -51.758105468749989, 64.279931640624994 ], [ -51.922607421875, 64.21875 ], [ -52.093408203124994, 64.415917968749994 ], [ -52.0888671875, 64.681542968749994 ], [ -52.259033203125, 65.154931640624994 ], [ -52.447607421874991, 65.205126953125003 ], [ -52.537695312499991, 65.328808593749997 ], [ -51.619140625, 65.713183593750003 ], [ -51.091894531250006, 65.77578125 ], [ -51.723437499999989, 65.723486328125006 ], [ -52.348242187499991, 65.461328125 ], [ -52.55126953125, 65.461376953124997 ], [ -52.7609375, 65.5908203125 ], [ -53.198974609375, 65.594042968750003 ], [ -53.233740234374991, 65.770849609375006 ], [ -53.106347656249994, 65.977148437500006 ], [ -53.392041015624997, 66.04833984375 ], [ -52.056103515624997, 66.50732421875 ], [ -51.225, 66.881542968749997 ], [ -53.035791015624994, 66.201416015625 ], [ -53.614697265624997, 66.154492187499997 ], [ -53.634716796874997, 66.413671875 ], [ -53.41875, 66.648535156250006 ], [ -53.03828125, 66.826806640624994 ], [ -52.386865234374994, 66.881152343750003 ], [ -53.687158203124994, 66.986474609374994 ], [ -53.884423828124994, 67.135546875 ], [ -53.798583984375, 67.418164062499997 ], [ -52.512011718749989, 67.761279296875003 ], [ -50.613476562499983, 67.527929687500006 ], [ -51.171044921874994, 67.693603515625 ], [ -50.887011718749989, 67.783544921875006 ], [ -50.968847656250006, 67.806640625 ], [ -51.765234375, 67.737841796875003 ], [ -52.344824218749991, 67.8369140625 ], [ -52.979589843749991, 67.757763671874997 ], [ -53.418798828124991, 67.574560546875006 ], [ -53.735205078124991, 67.549023437499997 ], [ -53.577978515624991, 67.836816406249994 ], [ -53.1515625, 68.207763671875 ], [ -51.596875, 68.054785156250006 ], [ -51.169140624999983, 68.385205078124997 ], [ -51.456103515624989, 68.393505859374997 ], [ -51.632421875, 68.273046875 ], [ -52.198535156249989, 68.220800781250006 ], [ -52.780029296875, 68.309863281250003 ], [ -53.383154296874991, 68.29736328125 ], [ -53.039453125, 68.610888671875003 ], [ -52.604589843749991, 68.708740234375 ], [ -51.623144531250006, 68.534814453124994 ], [ -51.13330078125, 68.5984375 ], [ -50.800634765625006, 68.791259765625 ], [ -51.249414062499994, 68.739941406249997 ], [ -51.084863281249994, 69.128271484375006 ], [ -50.29736328125, 69.170605468749997 ], [ -50.53662109375, 69.247851562500003 ], [ -51.076953124999989, 69.20947265625 ], [ -50.892236328124994, 69.411767578124994 ], [ -50.804101562499994, 69.663037109374997 ], [ -50.349462890625006, 69.796240234375006 ], [ -50.5, 69.935791015625 ], [ -50.322949218749983, 70.027148437500003 ], [ -51.105712890625, 70.057421875 ], [ -51.499072265624989, 69.987158203125006 ], [ -52.254638671875, 70.058935546875006 ], [ -53.023046875, 70.301904296874994 ], [ -54.014453124999989, 70.421679687500003 ], [ -54.53076171875, 70.699267578125003 ], [ -54.165820312499989, 70.820117187500003 ], [ -52.801953125, 70.750585937500006 ], [ -51.524462890624989, 70.439453125 ], [ -50.68212890625, 70.396875 ], [ -51.322851562500006, 70.588769531249994 ], [ -51.256591796875, 70.852685546874994 ], [ -51.774316406249994, 71.010449218749997 ], [ -51.018945312499994, 71.001318359375006 ], [ -51.376660156249983, 71.119042968749994 ], [ -53.007568359375, 71.179980468750003 ], [ -53.117041015624991, 71.312890625 ], [ -52.749414062499994, 71.501513671875003 ], [ -51.778613281249989, 71.682910156250003 ], [ -52.656298828124989, 71.672265625 ], [ -53.167529296874989, 71.5359375 ], [ -53.440087890624994, 71.579003906249994 ], [ -53.476025390624997, 71.640185546875003 ], [ -53.14453125, 71.807421875 ], [ -53.333691406249997, 71.789746093749997 ], [ -53.420117187499997, 71.999755859375 ], [ -53.809863281249989, 72.292578125 ], [ -53.652148437499989, 72.362646484375006 ], [ -53.927734375, 72.318798828124997 ], [ -53.4625, 71.8935546875 ], [ -53.7796875, 71.678515625 ], [ -54.019921875, 71.657861328124994 ], [ -53.912060546874997, 71.525927734375003 ], [ -53.962988281249991, 71.458984375 ], [ -54.6890625, 71.367236328125003 ], [ -55.33642578125, 71.4267578125 ], [ -55.594042968749989, 71.553515625 ], [ -55.669335937499994, 71.691503906250006 ], [ -55.315576171874994, 72.110693359375006 ], [ -54.840136718749989, 72.356103515624994 ], [ -54.896337890624991, 72.394189453124994 ], [ -55.320117187499989, 72.199560546875006 ], [ -55.581445312499994, 72.178857421874994 ], [ -55.659472656249989, 72.222607421874997 ], [ -55.635839843749991, 72.300439453124994 ], [ -55.295703124999989, 72.354394531249994 ], [ -55.601708984374994, 72.453466796875006 ], [ -54.924951171874994, 72.571972656249997 ], [ -54.740039062499989, 72.7001953125 ], [ -54.737939453124994, 72.872509765624997 ], [ -55.073095703124991, 73.01513671875 ], [ -55.288916015624991, 72.933203125 ], [ -55.668554687499991, 73.007910156250006 ], [ -55.692773437499994, 73.112841796875003 ], [ -55.358691406249989, 73.202929687500003 ], [ -55.28828125, 73.327099609374997 ], [ -55.445703125, 73.460498046875003 ], [ -55.738867187499991, 73.383984375 ], [ -55.875537109374989, 73.504638671875 ], [ -56.104052734374989, 73.558154296875003 ], [ -55.968408203124994, 73.759570312500003 ], [ -55.83828125, 73.759716796874997 ], [ -56.225390624999989, 74.129101562499997 ], [ -56.4931640625, 74.182177734375003 ], [ -57.230566406249991, 74.125292968750003 ], [ -56.706347656249989, 74.219189453124997 ], [ -56.638964843749989, 74.278369140625003 ], [ -56.717675781249994, 74.429248046875003 ], [ -56.25546875, 74.526806640624997 ], [ -58.565527343749991, 75.352734375 ], [ -58.603466796874997, 75.385302734375003 ], [ -58.249658203124994, 75.506689453125006 ], [ -58.516210937499991, 75.6890625 ], [ -61.188232421875, 76.157861328124994 ], [ -63.291308593749989, 76.35205078125 ], [ -63.843066406249989, 76.217138671875006 ], [ -64.307275390624994, 76.316503906250006 ], [ -65.369921874999989, 76.130566406249997 ], [ -65.954052734374997, 76.24169921875 ], [ -66.465771484374997, 76.13916015625 ], [ -67.078710937499991, 76.19482421875 ], [ -66.6748046875, 75.977392578125006 ], [ -66.826171875, 75.968798828125003 ], [ -68.317285156249994, 76.090771484374997 ], [ -69.484082031249997, 76.399169921875 ], [ -68.1142578125, 76.650634765625 ], [ -69.252050781249991, 76.686132812500006 ], [ -69.888085937499994, 76.827050781249994 ], [ -69.694238281249994, 76.989453125 ], [ -70.613134765624991, 76.821826171875003 ], [ -71.154882812499991, 77.073876953124994 ], [ -70.603710937499997, 77.19384765625 ], [ -68.978320312499989, 77.1953125 ], [ -68.591601562499989, 77.342529296875 ], [ -68.135546874999989, 77.379589843749997 ], [ -66.93798828125, 77.364208984374997 ], [ -66.389453124999989, 77.2802734375 ], [ -66.453076171874997, 77.39306640625 ], [ -66.266455078124991, 77.515380859375 ], [ -66.823535156249989, 77.686621093750006 ], [ -67.688085937499991, 77.523779296875006 ], [ -68.621533203124997, 77.601855468750003 ], [ -69.351367187499989, 77.467138671875006 ], [ -70.561914062499994, 77.7171875 ], [ -70.114453125, 77.841357421875003 ], [ -71.271630859374994, 77.813134765624994 ], [ -72.158544921874991, 77.956933593749994 ], [ -72.818066406249997, 78.1943359375 ], [ -72.581298828125, 78.279101562500003 ], [ -72.714794921874997, 78.3623046875 ], [ -72.472509765624991, 78.48203125 ], [ -71.651318359374997, 78.623144531250006 ], [ -70.90576171875, 78.638476562500003 ], [ -68.993457031249989, 78.857421875 ], [ -68.923925781249991, 78.881933593750006 ], [ -69.030517578125, 78.94287109375 ], [ -68.377050781249991, 79.037841796875 ], [ -65.825537109374991, 79.173730468749994 ], [ -65.287792968749997, 79.437304687500003 ], [ -64.792285156249989, 80.000634765624994 ], [ -64.179150390624997, 80.099267578124994 ], [ -64.43994140625, 80.141845703125 ], [ -65.810449218749994, 80.024072265624994 ], [ -66.843652343749994, 80.076220703125003 ], [ -67.141308593749997, 80.166455078124997 ], [ -67.193164062499989, 80.280078125 ], [ -66.610058593749997, 80.529589843750003 ], [ -65.645214843749997, 80.68505859375 ], [ -64.515527343749994, 81.0 ], [ -63.721972656249989, 81.057324218749997 ], [ -63.05859375, 80.885595703125006 ], [ -63.235205078124991, 81.083349609375006 ], [ -62.993261718749991, 81.206982421874997 ], [ -61.435986328124997, 81.13359375 ], [ -61.162060546874997, 81.281494140625 ], [ -61.1, 81.39609375 ], [ -61.202929687499989, 81.746875 ], [ -60.432373046875, 81.920166015625 ], [ -59.281933593749997, 81.884033203125 ], [ -56.615136718749994, 81.362890625 ], [ -59.268017578124997, 81.982080078124994 ], [ -58.717382812499991, 82.093066406250003 ], [ -54.548876953124989, 82.350634765625003 ], [ -53.671337890624997, 82.1640625 ], [ -53.58203125, 82.061572265625003 ], [ -53.5556640625, 81.653271484374997 ], [ -53.041210937499997, 81.870996093749994 ], [ -52.925537109375, 82.038378906250003 ], [ -53.101953125, 82.118945312500003 ], [ -53.110742187499994, 82.251220703125 ], [ -53.022558593749991, 82.321728515624997 ], [ -50.894433593749994, 81.895214843749997 ], [ -49.541064453124989, 81.918066406250006 ], [ -50.713134765625, 82.237353515625003 ], [ -50.989941406249983, 82.46015625 ], [ -50.037109375, 82.472412109375 ], [ -48.861181640625006, 82.405419921874994 ], [ -44.7294921875, 81.779833984375003 ], [ -44.532421874999983, 81.848925781250003 ], [ -44.637109375, 82.104443359374997 ], [ -44.547070312499983, 82.260058593750003 ], [ -44.238867187500006, 82.3681640625 ], [ -44.3265625, 82.471728515625003 ], [ -45.556542968749994, 82.747021484374997 ], [ -41.87646484375, 82.680322265624994 ], [ -41.36962890625, 82.75 ], [ -44.761962890625, 82.883544921875 ], [ -46.136816406250006, 82.858837890624997 ], [ -46.478173828124994, 82.951904296875 ], [ -46.169042968750006, 83.063867187499994 ], [ -45.414599609374989, 83.017675781250006 ], [ -43.00927734375, 83.264599609374997 ], [ -41.300146484375006, 83.10078125 ], [ -40.356835937499994, 83.332177734374994 ], [ -38.931103515624983, 83.175341796875003 ], [ -38.15625, 82.998632812500006 ], [ -37.934765624999983, 83.160742187500006 ], [ -38.53955078125, 83.258154296875006 ], [ -38.749560546874989, 83.370849609375 ], [ -37.723339843749983, 83.497753906249997 ], [ -36.804492187499989, 83.4658203125 ], [ -36.606494140624989, 83.536962890625006 ], [ -29.952880859375, 83.56484375 ] ] ], [ [ [ -52.731152343749997, 69.944726562499994 ], [ -52.0453125, 69.807226562500006 ], [ -51.900195312499989, 69.604785156250003 ], [ -52.112597656249989, 69.489111328125006 ], [ -52.770458984374997, 69.363916015624994 ], [ -53.754345703124997, 69.26015625 ], [ -54.182714843749991, 69.403515625 ], [ -53.658300781249991, 69.465136718750003 ], [ -53.825, 69.540332031250003 ], [ -54.734130859375, 69.610546875 ], [ -54.919140625, 69.713623046875 ], [ -54.787890624999989, 69.949853515624994 ], [ -54.322607421874991, 69.94189453125 ], [ -54.773632812499997, 70.052539062500003 ], [ -54.830761718749997, 70.132958984374994 ], [ -54.705957031249994, 70.256152343750003 ], [ -54.371630859374989, 70.317285156249994 ], [ -53.296728515624991, 70.205371093750003 ], [ -52.731152343749997, 69.944726562499994 ] ] ], [ [ [ -51.013671875, 69.552490234375 ], [ -51.233984375, 69.551855468750006 ], [ -51.350292968749983, 69.854785156250003 ], [ -51.094580078125006, 69.924169921875006 ], [ -50.679003906249989, 69.848535156249994 ], [ -50.91171875, 69.756689453125006 ], [ -51.013671875, 69.552490234375 ] ] ], [ [ [ -53.535205078124989, 71.040820312500003 ], [ -53.897558593749991, 71.08515625 ], [ -53.957812499999989, 71.127734375 ], [ -53.58447265625, 71.297070312499997 ], [ -53.43212890625, 71.153417968750006 ], [ -53.535205078124989, 71.040820312500003 ] ] ], [ [ [ -55.016894531249989, 72.791113281250006 ], [ -55.566601562499997, 72.564355468749994 ], [ -56.214794921874997, 72.719189453124997 ], [ -55.205810546875, 72.841650390625006 ], [ -55.016894531249989, 72.791113281250006 ] ] ], [ [ [ -71.433447265624991, 77.394384765625006 ], [ -72.023535156249991, 77.316455078125003 ], [ -72.494921874999989, 77.385546875 ], [ -72.0890625, 77.467089843750003 ], [ -71.433447265624991, 77.394384765625006 ] ] ], [ [ [ -44.864550781249989, 82.083642578124994 ], [ -46.751904296874983, 82.348193359375003 ], [ -47.351220703124994, 82.59921875 ], [ -46.399169921875, 82.692138671875 ], [ -44.91748046875, 82.480517578125003 ], [ -44.749902343749994, 82.401123046875 ], [ -44.864550781249989, 82.083642578124994 ] ] ], [ [ [ -25.432324218749983, 70.921337890624997 ], [ -25.393652343749977, 70.834667968749997 ], [ -25.4677734375, 70.7796875 ], [ -25.346337890624994, 70.693310546874997 ], [ -25.402246093749994, 70.652685546875006 ], [ -26.217871093749977, 70.454052734374997 ], [ -26.604687499999983, 70.553369140624994 ], [ -28.035253906250006, 70.48681640625 ], [ -27.714208984375006, 70.712792968749994 ], [ -27.708935546874983, 70.897119140624994 ], [ -27.617236328124989, 70.913769531249997 ], [ -26.621777343749983, 70.875634765624994 ], [ -25.818896484374989, 71.043652343749997 ], [ -25.432324218749983, 70.921337890624997 ] ] ], [ [ [ -18.664746093749983, 81.846484375 ], [ -19.031445312499983, 81.827197265625003 ], [ -19.594482421875, 81.991259765625003 ], [ -19.610546874999983, 82.078125 ], [ -19.314550781249977, 82.123193359374994 ], [ -18.664746093749983, 81.846484375 ] ] ], [ [ [ -17.400830078124983, 79.940478515625003 ], [ -18.035839843749983, 79.711230468750003 ], [ -18.662011718749994, 79.720019531250003 ], [ -19.138281249999977, 79.85234375 ], [ -18.54736328125, 80.011083984375006 ], [ -17.471386718749983, 80.028710937499994 ], [ -17.400830078124983, 79.940478515625003 ] ] ], [ [ [ -18.882470703124994, 78.114892578124994 ], [ -19.129492187499977, 77.938525390625003 ], [ -19.314697265625, 78.344189453124997 ], [ -18.935400390624977, 78.423583984375 ], [ -18.953027343749994, 78.2119140625 ], [ -18.882470703124994, 78.114892578124994 ] ] ], [ [ [ -18.582617187499977, 76.042333984375006 ], [ -18.697265625, 76.015869140625 ], [ -19.085351562499994, 76.430371093749997 ], [ -19.058886718749989, 76.694970703124994 ], [ -18.732617187499983, 76.642041015624997 ], [ -18.582617187499977, 76.042333984375006 ] ] ], [ [ [ -18.000537109374989, 75.407324218750006 ], [ -17.885888671874994, 75.204443359375006 ], [ -17.497851562499989, 75.151513671874994 ], [ -17.391992187499994, 75.036914062500003 ], [ -18.670800781249994, 75.001660156249997 ], [ -18.891308593749983, 75.072167968749994 ], [ -18.856054687499977, 75.319140625 ], [ -18.000537109374989, 75.407324218750006 ] ] ], [ [ [ -17.7294921875, 77.706396484375006 ], [ -18.220019531249989, 77.668359375 ], [ -17.903710937499994, 77.862597656250003 ], [ -17.681445312499989, 77.85859375 ], [ -17.641357421875, 77.782470703125 ], [ -17.7294921875, 77.706396484375006 ] ] ], [ [ [ -37.03125, 65.531982421875 ], [ -37.186816406249989, 65.531347656250006 ], [ -37.222900390625, 65.695458984374994 ], [ -36.953076171874983, 65.663330078125 ], [ -37.03125, 65.531982421875 ] ] ], [ [ [ -46.205224609374994, 60.943505859374994 ], [ -46.381542968749983, 60.660302734374994 ], [ -46.789990234374983, 60.779833984375003 ], [ -46.205224609374994, 60.943505859374994 ] ] ], [ [ [ -51.60693359375, 70.868847656249997 ], [ -52.119384765625, 70.870654296875003 ], [ -52.148046875, 70.904394531250006 ], [ -51.969824218750006, 70.976464843749994 ], [ -51.60693359375, 70.868847656249997 ] ] ] ] } },
{ "type": "Feature", "properties": { "name": "Cuba", "continent": "North America" }, "geometry": { "type": "MultiPolygon", "coordinates": [ [ [ [ -82.101367187499989, 23.1904296875 ], [ -81.262353515624994, 23.156835937499991 ], [ -81.144628906249991, 23.054931640625 ], [ -80.650146484375, 23.103076171875003 ], [ -80.364892578124994, 22.943408203125003 ], [ -79.820263671874997, 22.887011718750003 ], [ -79.850732421874994, 22.827197265625003 ], [ -79.275683593749989, 22.407617187499994 ], [ -78.686474609374997, 22.366845703124994 ], [ -77.636816406249991, 21.79736328125 ], [ -77.497119140624989, 21.788330078125 ], [ -77.583154296874994, 21.889257812499991 ], [ -77.497265625, 21.871630859375003 ], [ -77.144140625, 21.643603515625003 ], [ -77.366162109374997, 21.612646484374991 ], [ -77.252880859374997, 21.483496093749991 ], [ -77.0986328125, 21.589013671874994 ], [ -76.836328125, 21.399511718749991 ], [ -76.867431640625, 21.330419921874991 ], [ -76.72607421875, 21.35888671875 ], [ -76.073632812499994, 21.133447265624994 ], [ -75.722949218749989, 21.111035156249997 ], [ -75.595800781249991, 20.994677734375003 ], [ -75.662939453124991, 20.898144531249997 ], [ -75.597265625, 20.837646484375 ], [ -75.740234375, 20.811962890624997 ], [ -75.724560546874997, 20.714550781249997 ], [ -74.882568359375, 20.650634765625 ], [ -74.513134765624997, 20.384570312500003 ], [ -74.16748046875, 20.2921875 ], [ -74.153710937499994, 20.168554687499991 ], [ -74.252832031249994, 20.0796875 ], [ -74.634765625, 20.058154296875003 ], [ -75.11640625, 19.901416015625003 ], [ -75.151611328125, 20.008349609375003 ], [ -75.290478515624997, 19.893115234375003 ], [ -76.158447265625, 19.98974609375 ], [ -77.715087890625, 19.85546875 ], [ -77.553759765624989, 20.082128906249991 ], [ -77.103808593749989, 20.407519531250003 ], [ -77.229589843749991, 20.64375 ], [ -78.116357421874994, 20.761865234374994 ], [ -78.490771484374989, 21.0537109375 ], [ -78.5765625, 21.413818359375 ], [ -78.727685546874994, 21.592724609374997 ], [ -79.357421875, 21.58515625 ], [ -80.231347656249994, 21.872167968749991 ], [ -80.485449218749991, 22.1234375 ], [ -80.499072265624989, 22.063525390625003 ], [ -81.03564453125, 22.073583984374991 ], [ -81.185498046874997, 22.26796875 ], [ -81.284375, 22.109423828125003 ], [ -81.849414062499989, 22.213671875 ], [ -82.077734375, 22.3876953125 ], [ -81.710351562499994, 22.496679687499991 ], [ -81.702734375, 22.591894531249991 ], [ -81.838818359374997, 22.672460937499991 ], [ -82.738037109375, 22.689257812500003 ], [ -83.379638671875, 22.222998046874991 ], [ -83.900732421874991, 22.170117187499997 ], [ -84.030957031249997, 21.943115234375 ], [ -84.502587890624994, 21.776171875 ], [ -84.501367187499994, 21.930273437499991 ], [ -84.88720703125, 21.856982421875003 ], [ -84.326367187499997, 22.074316406249991 ], [ -84.361279296874997, 22.37890625 ], [ -84.044921875, 22.666015625 ], [ -83.2578125, 22.967578125 ], [ -82.101367187499989, 23.1904296875 ] ] ], [ [ [ -77.633691406249994, 22.054003906250003 ], [ -77.710058593749991, 21.921337890624997 ], [ -77.918554687499991, 22.088085937499997 ], [ -77.633691406249994, 22.054003906250003 ] ] ], [ [ [ -78.027099609375, 22.28515625 ], [ -78.180029296874991, 22.321972656249997 ], [ -78.273535156249991, 22.423583984375 ], [ -78.150585937499997, 22.431494140624991 ], [ -78.027099609375, 22.28515625 ] ] ], [ [ [ -78.695507812499997, 22.533984375 ], [ -78.351220703124994, 22.538623046875003 ], [ -78.283886718749997, 22.45546875 ], [ -78.695507812499997, 22.533984375 ] ] ], [ [ [ -77.842480468749997, 22.148974609375003 ], [ -78.041650390624994, 22.201269531249991 ], [ -77.99921875, 22.298730468749994 ], [ -77.842480468749997, 22.148974609375003 ] ] ], [ [ [ -82.561767578125, 21.571679687499994 ], [ -82.959619140624994, 21.441308593749994 ], [ -83.183789062499997, 21.593457031249997 ], [ -82.973583984374997, 21.59228515625 ], [ -83.08251953125, 21.79140625 ], [ -82.9912109375, 21.942724609374991 ], [ -82.714550781249997, 21.890283203124994 ], [ -82.561767578125, 21.571679687499994 ] ] ], [ [ [ -79.349560546874997, 22.663916015624991 ], [ -79.522753906249989, 22.711132812499997 ], [ -79.628173828125, 22.805224609375003 ], [ -79.579150390624989, 22.806738281249991 ], [ -79.349560546874997, 22.663916015624991 ] ] ] ] } },
{ "type": "Feature", "properties": { "name": "Costa Rica", "continent": "North America" }, "geometry": { "type": "Polygon", "coordinates": [ [ [ -82.563574218749991, 9.57666015625 ], [ -82.644091796874989, 9.505859375 ], [ -82.801025390625, 9.591796875 ], [ -82.93984375, 9.449169921874997 ], [ -82.940332031249994, 9.060107421874989 ], [ -82.727832031249989, 8.916064453124989 ], [ -82.917041015624989, 8.740332031249991 ], [ -82.861621093749989, 8.453515625 ], [ -83.02734375, 8.337744140624991 ], [ -82.879345703124997, 8.070654296874991 ], [ -83.123339843749989, 8.353076171874989 ], [ -83.162402343749989, 8.588183593749989 ], [ -83.285791015624994, 8.664355468749989 ], [ -83.4697265625, 8.706835937499989 ], [ -83.29150390625, 8.406005859375 ], [ -83.604736328125, 8.480322265624991 ], [ -83.734082031249997, 8.614453125 ], [ -83.613720703124997, 8.804052734374991 ], [ -83.637255859374989, 9.035351562499997 ], [ -83.736914062499991, 9.150292968749994 ], [ -84.222363281249997, 9.4625 ], [ -84.581591796874989, 9.568359375 ], [ -84.714941406249991, 9.8994140625 ], [ -85.025048828124994, 10.11572265625 ], [ -85.26318359375, 10.256640624999989 ], [ -85.160742187499991, 10.017431640624991 ], [ -84.886425781249997, 9.820947265624994 ], [ -85.114501953125, 9.581787109375 ], [ -85.314550781249991, 9.8109375 ], [ -85.624853515624991, 9.902441406249991 ], [ -85.849658203124989, 10.292041015624989 ], [ -85.667236328125, 10.745019531249994 ], [ -85.908007812499989, 10.897558593749991 ], [ -85.584179687499997, 11.189453125 ], [ -84.9091796875, 10.9453125 ], [ -84.701171875, 11.052197265624997 ], [ -84.348291015624994, 10.979882812499994 ], [ -84.168359375, 10.780371093749991 ], [ -83.919287109374991, 10.7353515625 ], [ -83.712939453124989, 10.785888671875 ], [ -83.641992187499994, 10.917236328125 ], [ -83.346826171874994, 10.315380859374997 ], [ -82.778417968749991, 9.66953125 ], [ -82.563574218749991, 9.57666015625 ] ] ] } },
{ "type": "Feature", "properties": { "name": "Colombia", "continent": "South America" }, "geometry": { "type": "MultiPolygon", "coordinates": [ [ [ [ -71.319726562499994, 11.861914062499991 ], [ -71.958105468749991, 11.66640625 ], [ -72.248486328124997, 11.196435546874994 ], [ -72.446093749999989, 11.1142578125 ], [ -72.690087890624994, 10.835839843749994 ], [ -72.869335937499997, 10.491259765624989 ], [ -73.006542968749997, 9.789160156249991 ], [ -73.3662109375, 9.194140624999989 ], [ -73.058398437499989, 9.259570312499989 ], [ -72.96015625, 9.13515625 ], [ -72.79638671875, 9.108984375 ], [ -72.665429687499994, 8.627587890624994 ], [ -72.390332031249997, 8.287060546874997 ], [ -72.357617187499997, 8.087304687499994 ], [ -72.446044921875, 7.966113281249989 ], [ -72.471972656249989, 7.524267578124991 ], [ -72.394628906249991, 7.415087890624989 ], [ -72.207714843749997, 7.370263671874994 ], [ -72.006640624999989, 7.032617187499994 ], [ -71.128613281249997, 6.98671875 ], [ -70.737158203124991, 7.090039062499997 ], [ -70.129199218749989, 6.95361328125 ], [ -69.427148437499994, 6.123974609374997 ], [ -68.937207031249997, 6.198193359374997 ], [ -68.471777343749991, 6.156542968749989 ], [ -67.859179687499989, 6.289892578124991 ], [ -67.481982421874989, 6.180273437499991 ], [ -67.473876953125, 5.929980468749989 ], [ -67.824902343749997, 5.270458984374997 ], [ -67.855273437499989, 4.506884765624989 ], [ -67.66162109375, 3.8642578125 ], [ -67.311132812499991, 3.415869140624991 ], [ -67.859082031249997, 2.793603515624994 ], [ -67.618701171874989, 2.793603515624994 ], [ -67.210839843749994, 2.39013671875 ], [ -66.884472656249997, 1.358251953124991 ], [ -66.876025390624989, 1.223046875 ], [ -67.082275390625, 1.185400390624991 ], [ -67.119238281249991, 1.70361328125 ], [ -67.400439453124989, 2.11669921875 ], [ -67.556054687499994, 2.072998046875 ], [ -67.936230468749997, 1.748486328124997 ], [ -68.193798828124997, 1.987011718749997 ], [ -68.255957031249991, 1.845507812499989 ], [ -68.176562499999989, 1.719824218749991 ], [ -69.542919921874997, 1.773242187499989 ], [ -69.848583984374997, 1.708740234375 ], [ -69.852148437499991, 1.059521484374997 ], [ -69.311816406249989, 1.050488281249997 ], [ -69.163232421874994, 0.864062499999989 ], [ -69.1533203125, 0.658789062499991 ], [ -69.283007812499989, 0.627246093749989 ], [ -69.472119140624997, 0.729931640624997 ], [ -70.05390625, 0.57861328125 ], [ -70.070507812499997, -0.138867187500011 ], [ -69.633984375, -0.50927734375 ], [ -69.611914062499991, -0.762792968750006 ], [ -69.400244140624991, -1.194921875 ], [ -69.965917968749991, -4.2359375 ], [ -70.339501953124994, -3.814355468750009 ], [ -70.5296875, -3.866406250000011 ], [ -70.735107421875, -3.781542968750003 ], [ -70.074023437499989, -2.750195312500011 ], [ -70.095849609374994, -2.658203125 ], [ -70.968554687499989, -2.206835937500003 ], [ -71.39697265625, -2.334082031250006 ], [ -71.752539062499991, -2.152734375 ], [ -72.218457031249997, -2.400488281250006 ], [ -72.941113281249997, -2.39404296875 ], [ -73.154492187499997, -2.278222656250009 ], [ -73.196972656249997, -1.830273437500011 ], [ -73.496289062499997, -1.693066406250011 ], [ -73.521386718749994, -1.44970703125 ], [ -73.664306640625, -1.248828125 ], [ -74.246386718749989, -0.970605468750009 ], [ -74.417871093749994, -0.580664062500006 ], [ -74.8017578125, -0.200097656250009 ], [ -75.776660156249989, 0.089257812499994 ], [ -76.270605468749991, 0.439404296874997 ], [ -76.38818359375, 0.404980468749997 ], [ -76.49462890625, 0.235449218749991 ], [ -77.396337890624991, 0.393896484374991 ], [ -77.467675781249994, 0.636523437499989 ], [ -77.648632812499997, 0.7236328125 ], [ -77.702880859375, 0.837841796874997 ], [ -77.829541015624997, 0.825390625 ], [ -78.312109375, 1.04609375 ], [ -79.025439453124989, 1.623681640624994 ], [ -78.79296875, 1.848730468749991 ], [ -78.576904296875, 1.773779296874991 ], [ -78.591699218749994, 2.356640625 ], [ -78.416894531249994, 2.483496093749991 ], [ -78.066650390625, 2.509130859374991 ], [ -77.813574218749991, 2.716357421874989 ], [ -77.670019531249991, 2.878857421874997 ], [ -77.693652343749989, 3.039941406249994 ], [ -77.559130859374989, 3.075976562499989 ], [ -77.356542968749991, 3.348583984374997 ], [ -77.076806640624994, 3.91328125 ], [ -77.263525390624991, 3.893212890624994 ], [ -77.278027343749997, 4.058496093749994 ], [ -77.358203124999989, 3.944726562499994 ], [ -77.408740234374989, 4.247753906249997 ], [ -77.520703125, 4.212792968749994 ], [ -77.353515625, 4.398291015624991 ], [ -77.286328125, 4.721728515624989 ], [ -77.373291015625, 5.323974609375 ], [ -77.534423828125, 5.537109375 ], [ -77.249267578125, 5.780175781249994 ], [ -77.469433593749997, 6.1767578125 ], [ -77.368798828124994, 6.575585937499994 ], [ -77.901171874999989, 7.229345703124991 ], [ -77.743896484375, 7.536962890624991 ], [ -77.761914062499997, 7.698828125 ], [ -77.53828125, 7.566259765624991 ], [ -77.35078125, 7.705859374999989 ], [ -77.345605468749994, 7.836523437499991 ], [ -77.195996093749997, 7.972460937499989 ], [ -77.478515625, 8.4984375 ], [ -77.39306640625, 8.644677734374994 ], [ -76.851855468749989, 8.090478515624994 ], [ -76.896630859374994, 7.939453125 ], [ -76.786572265624997, 7.931591796874997 ], [ -76.772070312499991, 8.310546875 ], [ -76.920458984374989, 8.57373046875 ], [ -76.27685546875, 8.989111328124991 ], [ -76.027246093749994, 9.365771484374989 ], [ -75.639355468749997, 9.450439453125 ], [ -75.680029296874991, 9.729785156249989 ], [ -75.53857421875, 10.205175781249991 ], [ -75.708349609374991, 10.143408203124991 ], [ -75.445996093749997, 10.610888671874989 ], [ -74.844580078124991, 11.109716796874991 ], [ -74.330224609374994, 10.996679687499991 ], [ -74.516259765624994, 10.8625 ], [ -74.40087890625, 10.765234375 ], [ -74.142919921874991, 11.320849609374989 ], [ -73.313378906249994, 11.295751953124991 ], [ -72.721826171874994, 11.712158203125 ], [ -72.275, 11.889257812499991 ], [ -72.1357421875, 12.188574218749991 ], [ -71.714550781249997, 12.419970703124989 ], [ -71.493994140624991, 12.432275390624994 ], [ -71.262109375, 12.335302734374991 ], [ -71.137304687499991, 12.046337890624997 ], [ -71.319726562499994, 11.861914062499991 ] ] ], [ [ [ -78.113720703124997, 2.541748046875 ], [ -78.192480468749991, 2.559277343749997 ], [ -78.178417968749997, 2.646337890624991 ], [ -78.137646484374997, 2.634179687499994 ], [ -78.113720703124997, 2.541748046875 ] ] ] ] } },
{ "type": "Feature", "properties": { "name": "Chile", "continent": "South America" }, "geometry": { "type": "MultiPolygon", "coordinates": [ [ [ [ -109.222851562499997, -27.10107421875 ], [ -109.434130859375003, -27.171289062500009 ], [ -109.390478515624991, -27.068359375 ], [ -109.222851562499997, -27.10107421875 ] ] ], [ [ [ -78.804150390624997, -33.646484375 ], [ -78.983349609374997, -33.667773437500003 ], [ -78.989453125, -33.66171875 ], [ -78.87744140625, -33.5751953125 ], [ -78.804150390624997, -33.646484375 ] ] ], [ [ [ -70.418261718749989, -18.345605468750009 ], [ -69.926367187499991, -18.2060546875 ], [ -69.802587890624991, -17.990234375 ], [ -69.852099609374989, -17.703808593750011 ], [ -69.5109375, -17.506054687500011 ], [ -69.313378906249994, -17.943164062500003 ], [ -69.093945312499997, -18.050488281250011 ], [ -69.145458984374997, -18.14404296875 ], [ -68.968310546874989, -18.967968750000011 ], [ -68.462890625, -19.432812500000011 ], [ -68.698291015624989, -19.72109375 ], [ -68.560693359374994, -19.967089843750003 ], [ -68.755810546874997, -20.0908203125 ], [ -68.688574218749991, -20.31005859375 ], [ -68.760546874999989, -20.416210937500011 ], [ -68.484326171874997, -20.62841796875 ], [ -68.563183593749997, -20.720117187500009 ], [ -68.558251953124994, -20.901953125 ], [ -68.435498046874997, -20.9482421875 ], [ -68.197021484375, -21.30029296875 ], [ -68.186425781249994, -21.618554687500009 ], [ -67.881738281249994, -22.493359375000011 ], [ -67.879443359374989, -22.822949218750011 ], [ -67.579931640624991, -22.891699218750006 ], [ -67.194873046874989, -22.821679687500009 ], [ -67.0087890625, -23.001367187500009 ], [ -67.356201171875, -24.033789062500006 ], [ -68.250292968749989, -24.391992187500009 ], [ -68.56201171875, -24.747363281250003 ], [ -68.384228515624997, -25.091894531250006 ], [ -68.496337890625, -25.162988281250009 ], [ -68.592089843749989, -25.420019531250006 ], [ -68.414501953124997, -26.153710937500009 ], [ -68.591601562499989, -26.470410156250011 ], [ -68.318652343749989, -26.973242187500006 ], [ -68.592089843749989, -27.140039062500009 ], [ -68.846337890624994, -27.153710937500009 ], [ -69.174414062499991, -27.924707031250009 ], [ -69.656933593749997, -28.41357421875 ], [ -69.827880859375, -29.103222656250011 ], [ -70.026806640624997, -29.324023437500003 ], [ -69.927636718749994, -29.769140625 ], [ -69.9599609375, -30.078320312500011 ], [ -69.844287109374989, -30.175 ], [ -69.956347656249989, -30.358203125 ], [ -70.153222656249994, -30.3609375 ], [ -70.34814453125, -30.90234375 ], [ -70.30908203125, -31.022656250000011 ], [ -70.519580078124989, -31.1484375 ], [ -70.585205078125, -31.569433593750006 ], [ -70.450146484374997, -31.841894531250006 ], [ -70.25439453125, -31.957714843750011 ], [ -70.36376953125, -32.08349609375 ], [ -70.169628906249997, -32.4716796875 ], [ -70.116162109374997, -32.807421875 ], [ -70.02197265625, -32.884570312500003 ], [ -70.084863281249994, -33.201757812500006 ], [ -69.819628906249989, -33.283789062500006 ], [ -69.894335937499989, -33.731347656250009 ], [ -69.852441406249994, -34.224316406250011 ], [ -70.052050781249989, -34.30078125 ], [ -70.289941406249994, -34.7328125 ], [ -70.393164062499991, -35.146875 ], [ -70.55517578125, -35.246875 ], [ -70.415722656249997, -35.523046875 ], [ -70.40478515625, -36.061718750000011 ], [ -70.721923828125, -36.283203125 ], [ -70.749267578125, -36.392578125 ], [ -71.055517578124991, -36.523730468750003 ], [ -71.192187499999989, -36.843652343750009 ], [ -71.118408203125, -37.114355468750006 ], [ -71.200390625, -37.30029296875 ], [ -71.134814453124989, -37.445117187500003 ], [ -71.167578125, -37.762304687500006 ], [ -71.028173828124991, -38.041210937500011 ], [ -70.96796875, -38.445898437500006 ], [ -70.84765625, -38.541601562500006 ], [ -70.951611328124997, -38.738476562500011 ], [ -71.4015625, -38.93505859375 ], [ -71.420019531249991, -39.287207031250006 ], [ -71.539453125, -39.602441406249994 ], [ -71.719921875, -39.63525390625 ], [ -71.659765625, -40.020800781250017 ], [ -71.818310546874997, -40.176660156249994 ], [ -71.6953125, -40.335253906250017 ], [ -71.941357421874997, -40.789160156250006 ], [ -71.873046875, -40.89296875 ], [ -71.911279296874994, -41.650390625 ], [ -71.75, -42.046777343749994 ], [ -72.108203124999989, -42.251855468749994 ], [ -72.053466796875, -42.473242187500006 ], [ -72.143701171874994, -42.5771484375 ], [ -72.102392578124991, -43.065625 ], [ -71.750634765624994, -43.2373046875 ], [ -71.904980468749997, -43.347558593749994 ], [ -71.750634765624994, -43.590136718750017 ], [ -71.794726562499989, -43.753222656250017 ], [ -71.680078125, -43.929589843749994 ], [ -71.812353515624991, -44.106054687500006 ], [ -71.820019531249997, -44.383105468750017 ], [ -71.212597656249997, -44.441210937500017 ], [ -71.159716796874989, -44.560253906250011 ], [ -71.261132812499994, -44.763085937499994 ], [ -72.063720703125, -44.771875 ], [ -72.041699218749997, -44.904199218749994 ], [ -71.596289062499991, -44.979199218750011 ], [ -71.353759765625, -45.23046875 ], [ -71.349316406249997, -45.331933593749994 ], [ -71.508105468749989, -45.5126953125 ], [ -71.746191406249991, -45.578906250000017 ], [ -71.750634765624994, -45.839062500000011 ], [ -71.631542968749997, -45.953710937500006 ], [ -71.875683593749997, -46.160546875 ], [ -71.762109375, -46.31982421875 ], [ -71.699658203124997, -46.6513671875 ], [ -71.940234374999989, -46.83125 ], [ -71.904980468749997, -47.20166015625 ], [ -72.345947265625, -47.49267578125 ], [ -72.517919921874991, -47.876367187499994 ], [ -72.293017578124989, -48.229101562500006 ], [ -72.354736328125, -48.365820312500006 ], [ -72.6083984375, -48.519335937500017 ], [ -72.614404296874994, -48.792871093749994 ], [ -73.033642578124997, -49.014355468750011 ], [ -73.148876953124997, -49.18798828125 ], [ -73.13525390625, -49.300683593749994 ], [ -73.461572265624994, -49.313867187499994 ], [ -73.576269531249991, -49.582910156249994 ], [ -73.470410156249997, -49.79453125 ], [ -73.501269531249989, -50.125292968750017 ], [ -73.152929687499991, -50.73828125 ], [ -72.509814453124989, -50.607519531250006 ], [ -72.340234375, -50.681835937500011 ], [ -72.276318359374997, -50.910253906250006 ], [ -72.376806640624991, -51.095410156250011 ], [ -72.30322265625, -51.298925781250006 ], [ -72.407666015624997, -51.540820312500017 ], [ -71.953466796874991, -51.88037109375 ], [ -71.97109375, -51.964160156250017 ], [ -69.960253906249989, -52.008203125 ], [ -68.460986328124989, -52.290429687499994 ], [ -68.443359375, -52.356640625000011 ], [ -69.241015624999989, -52.20546875 ], [ -69.446875, -52.269433593749994 ], [ -69.6203125, -52.464746093749994 ], [ -70.795117187499997, -52.76875 ], [ -70.984326171874997, -53.373632812500006 ], [ -70.995849609375, -53.779296875 ], [ -71.297753906249994, -53.883398437500006 ], [ -72.174414062499991, -53.63232421875 ], [ -72.376806640624991, -53.47119140625 ], [ -72.412890624999989, -53.350195312500006 ], [ -72.306054687499994, -53.253710937500017 ], [ -71.941699218749989, -53.234082031250011 ], [ -71.828222656249991, -53.398339843749994 ], [ -71.891699218749991, -53.523535156250006 ], [ -71.791455078124997, -53.484570312500011 ], [ -71.740527343749989, -53.232617187500011 ], [ -71.288964843749994, -53.03369140625 ], [ -71.16328125, -52.888085937499994 ], [ -71.227148437499991, -52.810644531250006 ], [ -71.387744140624989, -52.764257812500006 ], [ -72.278027343749997, -53.13232421875 ], [ -72.492578125, -53.290625 ], [ -72.548925781249991, -53.460742187500017 ], [ -73.052734375, -53.243457031250017 ], [ -72.91552734375, -53.121972656249994 ], [ -72.88916015625, -52.87158203125 ], [ -72.727685546874994, -52.762304687500006 ], [ -72.453466796874991, -52.814453125 ], [ -72.117578125, -52.65 ], [ -71.797070312499997, -52.682812500000011 ], [ -71.511279296874989, -52.605371093749994 ], [ -72.225683593749991, -52.52099609375 ], [ -72.437695312499997, -52.625781250000017 ], [ -72.712109375, -52.535546875 ], [ -73.122460937499994, -53.073925781250011 ], [ -73.338183593749989, -53.0546875 ], [ -73.645214843749997, -52.837011718750006 ], [ -73.240820312499991, -52.707128906250006 ], [ -73.073193359374997, -52.535058593749994 ], [ -73.123925781249994, -52.487988281250011 ], [ -73.244140625, -52.6240234375 ], [ -73.382128906249989, -52.595117187499994 ], [ -73.585693359375, -52.685742187500011 ], [ -74.014453124999989, -52.639355468750011 ], [ -74.037353515625, -52.402929687500006 ], [ -74.150830078124997, -52.382519531250011 ], [ -74.295654296875, -52.117871093750011 ], [ -73.83447265625, -52.233984375 ], [ -73.702783203124994, -52.198828125 ], [ -73.684326171875, -52.077734375 ], [ -73.260449218749997, -52.1578125 ], [ -72.795019531249991, -51.949511718750017 ], [ -72.695458984374994, -51.985156250000017 ], [ -72.570849609374989, -52.200097656249994 ], [ -72.714013671874994, -52.356738281250017 ], [ -72.631494140624994, -52.37158203125 ], [ -72.523339843749994, -52.25546875 ], [ -72.624755859375, -52.006933593750006 ], [ -72.494140625, -51.847558593749994 ], [ -72.542529296874989, -51.706152343750006 ], [ -73.16875, -51.453906250000017 ], [ -72.649072265624994, -51.695019531250011 ], [ -72.600048828124997, -51.799121093750017 ], [ -73.383251953124997, -52.070019531250011 ], [ -73.518164062499991, -52.041015625 ], [ -73.752636718749997, -51.795507812500006 ], [ -74.196679687499994, -51.680566406249994 ], [ -74.069580078125, -51.578710937500006 ], [ -73.929785156249991, -51.617871093750011 ], [ -73.939501953124989, -51.266308593750011 ], [ -74.814746093749989, -51.062890625 ], [ -75.094677734374997, -50.68125 ], [ -74.685742187499997, -50.662011718749994 ], [ -74.64892578125, -50.618457031250017 ], [ -74.77587890625, -50.469921875000011 ], [ -74.644482421874997, -50.3609375 ], [ -74.365576171874991, -50.487890625 ], [ -74.139404296875, -50.817773437499994 ], [ -73.806542968749994, -50.938378906249994 ], [ -73.740576171874991, -50.696679687499994 ], [ -73.6181640625, -50.651171875000017 ], [ -73.693261718749994, -50.570019531250011 ], [ -73.654443359374994, -50.49267578125 ], [ -73.97802734375, -50.827050781249994 ], [ -74.197216796874997, -50.609765625 ], [ -74.185595703124989, -50.4853515625 ], [ -73.950341796874994, -50.510546875000017 ], [ -74.425097656249989, -50.350195312500006 ], [ -74.629589843749997, -50.194042968750011 ], [ -74.333740234375, -49.974609375 ], [ -73.95859375, -49.994726562500006 ], [ -74.323925781249997, -49.783398437500011 ], [ -74.290820312499989, -49.604101562500006 ], [ -74.102001953124997, -49.555371093750011 ], [ -73.836376953124997, -49.609375 ], [ -74.094433593749997, -49.4296875 ], [ -73.934960937499994, -49.020898437499994 ], [ -74.027734375, -49.026171875000017 ], [ -74.221289062499991, -49.500585937500006 ], [ -74.366552734374991, -49.400488281250006 ], [ -74.341015625, -48.595703125 ], [ -74.009082031249989, -48.475 ], [ -74.474414062499989, -48.463964843750006 ], [ -74.577197265624989, -48.2744140625 ], [ -74.584667968749997, -47.9990234375 ], [ -73.853808593749989, -48.042187500000011 ], [ -73.528173828124991, -48.1982421875 ], [ -73.391064453124997, -48.145898437499994 ], [ -73.609912109374989, -47.993945312500017 ], [ -73.715869140624989, -47.655468750000011 ], [ -73.940869140624997, -47.929394531250011 ], [ -74.22705078125, -47.968945312500011 ], [ -74.654931640624994, -47.702246093750006 ], [ -74.533789062499991, -47.567675781250017 ], [ -74.242968749999989, -47.679296875 ], [ -74.134082031249989, -47.5908203125 ], [ -74.482666015625, -47.430468750000017 ], [ -74.158398437499997, -47.182519531249994 ], [ -74.208056640624989, -47.083105468750006 ], [ -74.151904296874989, -46.974414062500017 ], [ -74.313574218749991, -46.788183593750006 ], [ -74.454199218749991, -46.766796875000011 ], [ -74.512255859374989, -46.88515625 ], [ -75.005957031249991, -46.741113281249994 ], [ -75.052539062499989, -46.628027343750006 ], [ -74.984179687499989, -46.512109375 ], [ -75.540332031249989, -46.69873046875 ], [ -75.386425781249997, -46.862695312499994 ], [ -75.430371093749997, -46.9345703125 ], [ -75.63525390625, -46.86279296875 ], [ -75.706396484374991, -46.705273437500011 ], [ -74.924462890624994, -46.15966796875 ], [ -75.074511718749989, -46.004492187500006 ], [ -75.066699218749989, -45.874902343749994 ], [ -74.157861328124994, -45.7671875 ], [ -74.081835937499989, -45.678320312500006 ], [ -74.122705078124994, -45.496191406250006 ], [ -73.957177734374994, -45.404394531250006 ], [ -73.825, -45.446875 ], [ -74.06103515625, -45.947363281250006 ], [ -74.019921875, -46.055859375000011 ], [ -74.39296875, -46.217382812500006 ], [ -73.967578124999989, -46.154101562500017 ], [ -73.878710937499989, -45.846875 ], [ -73.735253906249994, -45.811718750000011 ], [ -73.708154296874994, -46.0703125 ], [ -73.810644531249991, -46.37734375 ], [ -73.948632812499994, -46.533105468749994 ], [ -73.845361328124994, -46.566015625 ], [ -73.662060546874997, -46.297460937500006 ], [ -73.591845703124989, -45.899121093750011 ], [ -73.594335937499991, -45.77685546875 ], [ -73.756591796875, -45.702832031250011 ], [ -73.730761718749989, -45.47998046875 ], [ -73.549902343749991, -45.483789062499994 ], [ -73.266210937499991, -45.34619140625 ], [ -72.933837890625, -45.452343750000011 ], [ -73.226367187499989, -45.255175781250017 ], [ -73.444970703124994, -45.238183593749994 ], [ -73.404882812499991, -45.102343750000017 ], [ -73.362451171874994, -44.978222656250011 ], [ -72.738964843749997, -44.734179687500017 ], [ -72.680078125, -44.593945312500011 ], [ -72.663867187499989, -44.436425781249994 ], [ -73.265087890624997, -44.168652343750011 ], [ -73.224462890624991, -43.89794921875 ], [ -73.068798828124997, -43.862011718750011 ], [ -72.99658203125, -43.631542968750011 ], [ -73.100976562499994, -43.455175781250006 ], [ -73.075976562499989, -43.323632812499994 ], [ -72.878027343749991, -43.048144531250017 ], [ -72.758007812499997, -43.039453125 ], [ -72.848046875, -42.669140625000011 ], [ -72.77392578125, -42.505175781250017 ], [ -72.6318359375, -42.509667968749994 ], [ -72.773242187499989, -42.257714843749994 ], [ -72.631054687499997, -42.199804687500006 ], [ -72.412353515625, -42.38818359375 ], [ -72.499414062499994, -41.980859375 ], [ -72.738183593749994, -41.99462890625 ], [ -72.824072265624991, -41.908789062500006 ], [ -72.659863281249997, -41.742480468750017 ], [ -72.360400390624989, -41.649121093750011 ], [ -72.318261718749994, -41.4990234375 ], [ -72.542382812499994, -41.690625 ], [ -72.952832031249997, -41.514746093750006 ], [ -73.241796875, -41.780859375 ], [ -73.735156249999989, -41.742480468750017 ], [ -73.623925781249994, -41.581347656250017 ], [ -73.855029296874989, -41.446386718750006 ], [ -73.98359375, -40.974316406250011 ], [ -73.670996093749991, -39.963183593750017 ], [ -73.410400390625, -39.789160156250006 ], [ -73.226464843749994, -39.224414062500017 ], [ -73.520214843749997, -38.509375 ], [ -73.464794921874997, -38.040332031250017 ], [ -73.661816406249997, -37.698535156250003 ], [ -73.603417968749994, -37.479101562500006 ], [ -73.662402343749989, -37.341015625000011 ], [ -73.601660156249991, -37.1884765625 ], [ -73.215966796874994, -37.166894531250009 ], [ -73.118066406249994, -36.688378906250009 ], [ -73.006591796875, -36.643457031250009 ], [ -72.778417968749991, -35.978515625 ], [ -72.587353515624997, -35.759667968750009 ], [ -72.623925781249994, -35.585742187500003 ], [ -72.223779296874994, -35.09619140625 ], [ -72.055957031249989, -34.615820312500006 ], [ -72.002832031249994, -34.165332031250003 ], [ -71.664355468749989, -33.652636718750003 ], [ -71.742968749999989, -33.095117187500009 ], [ -71.592041015625, -32.96953125 ], [ -71.452246093749991, -32.659570312500009 ], [ -71.421289062499994, -32.386816406250006 ], [ -71.513037109374991, -32.207910156250009 ], [ -71.708935546874997, -30.628027343750006 ], [ -71.669482421874989, -30.330371093750003 ], [ -71.400390625, -30.14296875 ], [ -71.315722656249989, -29.649707031250003 ], [ -71.519238281249997, -28.926464843750011 ], [ -71.186425781249994, -28.377832031250009 ], [ -71.086523437499991, -27.814453125 ], [ -70.92578125, -27.588671875 ], [ -70.897900390624997, -27.1875 ], [ -70.646582031249991, -26.329394531250003 ], [ -70.635449218749997, -25.99267578125 ], [ -70.713720703124991, -25.7841796875 ], [ -70.452197265624989, -25.251855468750009 ], [ -70.574121093749994, -24.644335937500003 ], [ -70.507421875, -23.8857421875 ], [ -70.392333984375, -23.56591796875 ], [ -70.588134765625, -23.368359375000011 ], [ -70.593359375, -23.25546875 ], [ -70.563183593749997, -23.05703125 ], [ -70.449658203124997, -23.0341796875 ], [ -70.331689453124994, -22.8486328125 ], [ -70.087548828124994, -21.493066406250009 ], [ -70.197021484375, -20.725390625 ], [ -70.157421875, -19.705859375 ], [ -70.418261718749989, -18.345605468750009 ] ] ], [ [ [ -68.629931640624989, -52.652636718750017 ], [ -68.653222656249994, -54.853613281250006 ], [ -69.081640625, -54.909863281250011 ], [ -69.486279296874997, -54.85888671875 ], [ -69.723437499999989, -54.712109375000011 ], [ -70.030517578125, -54.815527343750006 ], [ -70.28173828125, -54.751757812500017 ], [ -70.497167968749991, -54.8095703125 ], [ -71.9015625, -54.6015625 ], [ -71.927734375, -54.528710937499994 ], [ -71.800146484374991, -54.433984375 ], [ -71.606298828124991, -54.497167968750006 ], [ -71.355224609375, -54.395410156249994 ], [ -71.079931640624991, -54.444238281249994 ], [ -70.797265625, -54.327246093750006 ], [ -70.698828125, -54.348828125000011 ], [ -70.701123046874997, -54.485449218750006 ], [ -70.310986328124997, -54.528515625000011 ], [ -70.863085937499989, -54.110449218750006 ], [ -70.867724609374989, -53.884179687499994 ], [ -70.644482421874997, -53.822851562500006 ], [ -70.695605468749989, -53.727441406249994 ], [ -70.531298828124989, -53.62734375 ], [ -70.379736328124991, -53.98671875 ], [ -70.629833984374997, -54.005566406250011 ], [ -70.535302734374994, -54.136132812499994 ], [ -70.168994140624989, -54.379296875 ], [ -69.741845703124994, -54.305859375000011 ], [ -69.419287109374991, -54.407128906249994 ], [ -69.253173828125, -54.557421875000017 ], [ -69.044335937499994, -54.40673828125 ], [ -69.988134765624991, -54.109082031250011 ], [ -70.151123046875, -53.888085937499994 ], [ -70.091113281249989, -53.721777343750006 ], [ -69.389941406249989, -53.499414062499994 ], [ -69.35595703125, -53.416308593750017 ], [ -69.637011718749989, -53.334082031250006 ], [ -70.090380859374989, -53.418164062500011 ], [ -70.329296875, -53.377636718750011 ], [ -70.460253906249989, -53.20625 ], [ -70.443359375, -53.085546875 ], [ -70.130615234375, -52.942773437499994 ], [ -70.380126953125, -52.751953125 ], [ -70.189648437499997, -52.7236328125 ], [ -69.935449218749994, -52.821093750000017 ], [ -69.4140625, -52.486230468749994 ], [ -69.167041015624989, -52.667578125 ], [ -68.789794921875, -52.576757812500006 ], [ -68.629931640624989, -52.652636718750017 ] ] ], [ [ [ -67.079931640624991, -55.15380859375 ], [ -67.339697265624991, -55.292578125 ], [ -67.494726562499991, -55.177441406250011 ], [ -67.767773437499997, -55.259570312500017 ], [ -68.070019531249997, -55.22109375 ], [ -68.301367187499991, -54.980664062500011 ], [ -68.10693359375, -54.929394531250011 ], [ -67.245263671874994, -54.977636718750006 ], [ -67.079931640624991, -55.15380859375 ] ] ], [ [ [ -73.773388671874997, -43.345898437500011 ], [ -74.114404296874994, -43.35791015625 ], [ -74.387353515624994, -43.231640625000011 ], [ -74.20947265625, -42.878710937500017 ], [ -74.1703125, -42.268945312499994 ], [ -74.072314453124989, -42.105859375 ], [ -74.036669921874989, -41.795507812500006 ], [ -73.52783203125, -41.896289062500017 ], [ -73.422900390624989, -42.19287109375 ], [ -73.5328125, -42.314453125 ], [ -73.470800781249991, -42.46630859375 ], [ -73.789257812499997, -42.585742187500017 ], [ -73.436328124999989, -42.9365234375 ], [ -73.540820312499989, -43.07373046875 ], [ -73.749658203124994, -43.159082031249994 ], [ -73.773388671874997, -43.345898437500011 ] ] ], [ [ [ -74.476171875, -49.147851562499994 ], [ -74.522070312499991, -49.622949218749994 ], [ -74.458837890624991, -49.691113281250011 ], [ -74.5947265625, -50.006640625000017 ], [ -74.762988281249989, -50.011425781250011 ], [ -74.880419921874989, -49.725878906250017 ], [ -74.723828125, -49.423828125 ], [ -74.960107421874994, -49.533007812500017 ], [ -75.066015625, -49.852343750000017 ], [ -75.5498046875, -49.791308593750017 ], [ -75.520751953125, -49.621679687500006 ], [ -75.337060546874994, -49.628222656250017 ], [ -75.305859375, -49.494042968749994 ], [ -75.467480468749997, -49.35888671875 ], [ -75.32666015625, -49.268652343750006 ], [ -75.086035156249991, -49.270214843750011 ], [ -75.093701171874997, -49.185351562500017 ], [ -75.21015625, -49.148046875 ], [ -74.94921875, -48.960156250000011 ], [ -74.980761718749989, -48.81884765625 ], [ -74.896240234375, -48.733203125000017 ], [ -74.54609375, -48.766894531250017 ], [ -74.476171875, -49.147851562499994 ] ] ], [ [ [ -75.158496093749989, -48.62265625 ], [ -75.622851562499989, -48.7646484375 ], [ -75.650927734374989, -48.586328125 ], [ -75.518457031249994, -48.328808593750011 ], [ -75.560693359374994, -48.070898437500006 ], [ -75.391406249999989, -48.019726562500011 ], [ -75.155517578125, -48.425195312499994 ], [ -75.158496093749989, -48.62265625 ] ] ], [ [ [ -74.3857421875, -52.92236328125 ], [ -73.654003906249997, -53.06982421875 ], [ -73.135205078124997, -53.35390625 ], [ -73.567285156249994, -53.306835937500011 ], [ -73.866943359375, -53.096875 ], [ -74.270214843749997, -53.08154296875 ], [ -74.712011718749991, -52.748730468750011 ], [ -74.3857421875, -52.92236328125 ] ] ], [ [ [ -74.567285156249994, -48.591992187500011 ], [ -74.923046875, -48.62646484375 ], [ -75.247265625, -48.026757812499994 ], [ -74.827441406249989, -47.850390625000017 ], [ -74.84619140625, -48.020800781250017 ], [ -74.615136718749994, -48.343066406250017 ], [ -74.567285156249994, -48.591992187500011 ] ] ], [ [ [ -73.053613281249994, -53.394433593749994 ], [ -72.882226562499994, -53.578320312500011 ], [ -72.482275390624991, -53.588085937500011 ], [ -72.205419921874991, -53.807421875000017 ], [ -72.408544921874991, -54.003808593749994 ], [ -72.870996093749994, -54.1265625 ], [ -72.95859375, -54.06591796875 ], [ -72.763769531249991, -53.86484375 ], [ -73.039453125, -53.832812500000017 ], [ -73.080761718749997, -53.998046875 ], [ -73.210644531249997, -53.98583984375 ], [ -73.304736328124989, -53.943945312500006 ], [ -73.314355468749994, -53.729199218750011 ], [ -73.470947265625, -53.736132812500017 ], [ -73.641503906249994, -53.5703125 ], [ -73.845458984375, -53.545800781249994 ], [ -73.6865234375, -53.426855468750006 ], [ -73.447070312499989, -53.410058593749994 ], [ -73.099365234375, -53.511914062500011 ], [ -73.053613281249994, -53.394433593749994 ] ] ], [ [ [ -74.822949218749997, -51.630175781250017 ], [ -74.780126953124991, -51.82470703125 ], [ -74.536816406249997, -51.965136718750017 ], [ -74.694482421874994, -52.279199218749994 ], [ -74.851806640625, -52.270703125000011 ], [ -75.105371093749994, -51.788867187500017 ], [ -74.822949218749997, -51.630175781250017 ] ] ], [ [ [ -69.884423828124994, -54.882031250000011 ], [ -68.90078125, -55.017773437500011 ], [ -68.4580078125, -54.959667968750011 ], [ -68.399804687499994, -55.0419921875 ], [ -68.61328125, -55.155566406250017 ], [ -68.282666015624997, -55.255175781250017 ], [ -68.3265625, -55.332714843750011 ], [ -68.089892578124989, -55.478320312500017 ], [ -68.04833984375, -55.643164062500006 ], [ -68.338037109374994, -55.505273437499994 ], [ -68.867041015624991, -55.4501953125 ], [ -68.931298828124994, -55.37060546875 ], [ -68.890087890624997, -55.2412109375 ], [ -69.192626953125, -55.171875 ], [ -69.297070312499997, -55.165820312500017 ], [ -69.359228515624991, -55.300683593749994 ], [ -69.180859375, -55.474804687500011 ], [ -69.411816406249997, -55.444238281249994 ], [ -69.645898437499994, -55.320898437500006 ], [ -69.657373046874994, -55.22900390625 ], [ -69.979785156249989, -55.1474609375 ], [ -69.884423828124994, -54.882031250000011 ] ] ], [ [ [ -71.996484375, -53.884863281250006 ], [ -71.021923828124997, -54.11181640625 ], [ -71.0048828125, -54.246679687500006 ], [ -71.143261718749997, -54.3740234375 ], [ -71.473291015624994, -54.231152343750011 ], [ -71.948535156249989, -54.300878906250006 ], [ -71.972363281249997, -54.207226562500011 ], [ -72.21044921875, -54.047753906249994 ], [ -71.996484375, -53.884863281250006 ] ] ], [ [ [ -73.7353515625, -44.39453125 ], [ -73.983300781249994, -44.494824218750011 ], [ -74.002050781249991, -44.590917968750006 ], [ -73.827880859375, -44.83984375 ], [ -73.727148437499991, -45.119042968749994 ], [ -73.752099609374994, -45.266796875000011 ], [ -73.848974609374991, -45.340625 ], [ -74.099072265624997, -45.325390625000011 ], [ -74.089257812499994, -45.195703125 ], [ -74.617773437499991, -44.64794921875 ], [ -74.480517578124989, -44.584570312500006 ], [ -74.501806640624991, -44.473535156249994 ], [ -74.097216796874989, -44.389355468750011 ], [ -74.082812499999989, -44.186425781249994 ], [ -73.994921874999989, -44.140234375 ], [ -73.703222656249991, -44.274121093750011 ], [ -73.7353515625, -44.39453125 ] ] ], [ [ [ -72.986132812499989, -44.780078125000017 ], [ -73.228466796874997, -44.859960937500006 ], [ -73.397070312499991, -44.774316406249994 ], [ -73.445068359375, -44.641015625 ], [ -73.281982421875, -44.489550781250017 ], [ -73.260009765625, -44.350292968750011 ], [ -72.7763671875, -44.508593750000017 ], [ -72.986132812499989, -44.780078125000017 ] ] ], [ [ [ -75.04248046875, -44.89013671875 ], [ -75.098730468749991, -44.901757812499994 ], [ -75.142138671874989, -44.815625 ], [ -75.079492187499994, -44.795117187500011 ], [ -75.04248046875, -44.89013671875 ] ] ], [ [ [ -75.292333984374991, -50.596875 ], [ -75.33046875, -50.772363281249994 ], [ -75.438525390624989, -50.741113281249994 ], [ -75.427636718749994, -50.480566406250006 ], [ -75.115332031249991, -50.510449218750011 ], [ -75.292333984374991, -50.596875 ] ] ], [ [ [ -75.118603515624997, -48.77294921875 ], [ -75.389941406249989, -49.1591796875 ], [ -75.506103515625, -49.230664062500011 ], [ -75.641162109374989, -49.195410156250006 ], [ -75.487646484374991, -49.082421875 ], [ -75.637841796874994, -48.942578125000011 ], [ -75.583105468749991, -48.85888671875 ], [ -75.118603515624997, -48.77294921875 ] ] ], [ [ [ -75.112207031249994, -47.837695312500017 ], [ -75.261035156249989, -47.763867187500011 ], [ -75.08984375, -47.690625 ], [ -74.926464843749997, -47.72314453125 ], [ -75.112207031249994, -47.837695312500017 ] ] ], [ [ [ -74.66875, -43.6078125 ], [ -74.810449218749994, -43.625390625 ], [ -74.841992187499997, -43.5703125 ], [ -74.745019531249994, -43.535937500000017 ], [ -74.66875, -43.6078125 ] ] ], [ [ [ -73.632177734374991, -44.821484375000011 ], [ -73.818457031249991, -44.652148437500017 ], [ -73.779492187499997, -44.559179687500006 ], [ -73.641210937499991, -44.61083984375 ], [ -73.632177734374991, -44.821484375000011 ] ] ], [ [ [ -74.558642578124989, -51.277050781250011 ], [ -74.620361328125, -51.395703125000011 ], [ -75.04736328125, -51.398339843749994 ], [ -75.289111328124989, -51.625390625 ], [ -75.153662109374991, -51.27880859375 ], [ -75.040332031249989, -51.318164062500017 ], [ -74.611572265625, -51.207128906250006 ], [ -74.558642578124989, -51.277050781250011 ] ] ], [ [ [ -74.838574218749997, -50.197265625 ], [ -75.250390625, -50.376269531250017 ], [ -75.449121093749994, -50.343359375 ], [ -75.32666015625, -50.011816406250006 ], [ -74.8759765625, -50.109960937500006 ], [ -74.838574218749997, -50.197265625 ] ] ], [ [ [ -74.139941406249989, -43.820996093750011 ], [ -73.789648437499991, -43.87646484375 ], [ -73.955664062499991, -43.921972656250006 ], [ -74.14296875, -43.872167968750006 ], [ -74.139941406249989, -43.820996093750011 ] ] ], [ [ [ -74.1421875, -51.931054687499994 ], [ -74.338671874999989, -51.89794921875 ], [ -74.475390624999989, -51.725683593750006 ], [ -74.133398437499991, -51.870898437500017 ], [ -74.1421875, -51.931054687499994 ] ] ], [ [ [ -74.229199218749997, -45.611328125 ], [ -74.465527343749997, -45.757226562499994 ], [ -74.677734375, -45.738574218750017 ], [ -74.68984375, -45.66259765625 ], [ -74.494677734374989, -45.425878906250006 ], [ -74.50234375, -45.28515625 ], [ -74.310546875, -45.172656250000017 ], [ -74.3154296875, -45.464062500000011 ], [ -74.229199218749997, -45.611328125 ] ] ], [ [ [ -67.5751953125, -55.8896484375 ], [ -67.83154296875, -55.86484375 ], [ -67.849707031249991, -55.842578125000017 ], [ -67.517285156249997, -55.832812500000017 ], [ -67.5751953125, -55.8896484375 ] ] ], [ [ [ -66.435791015625, -55.189746093750017 ], [ -66.551708984374997, -55.272851562499994 ], [ -66.636621093749994, -55.234375 ], [ -66.523144531249997, -55.16552734375 ], [ -66.435791015625, -55.189746093750017 ] ] ], [ [ [ -70.991601562499994, -54.867968750000017 ], [ -70.804833984374994, -54.967675781249994 ], [ -70.417529296874989, -54.908886718750011 ], [ -70.2978515625, -55.11376953125 ], [ -70.4755859375, -55.177050781250017 ], [ -70.597460937499989, -55.08203125 ], [ -70.93984375, -55.061914062499994 ], [ -71.203320312499997, -54.89296875 ], [ -71.437207031249997, -54.889257812500006 ], [ -71.374267578125, -54.834570312500006 ], [ -70.991601562499994, -54.867968750000017 ] ] ], [ [ [ -67.374072265624989, -55.58935546875 ], [ -67.325292968749991, -55.784765625 ], [ -67.5634765625, -55.707812500000017 ], [ -67.374072265624989, -55.58935546875 ] ] ] ] } },
{ "type": "Feature", "properties": { "name": "Canada", "continent": "North America" }, "geometry": { "type": "MultiPolygon", "coordinates": [ [ [ [ -133.048388671874989, 54.158935546875 ], [ -132.5640625, 54.068652343749996 ], [ -132.303369140624994, 54.098876953125 ], [ -132.166113281250006, 53.955224609375001 ], [ -132.175097656249989, 53.846533203124999 ], [ -132.53466796875, 53.651708984374999 ], [ -132.186962890625011, 53.684814453125 ], [ -132.134423828124994, 54.034277343749999 ], [ -131.667626953124994, 54.141357421875 ], [ -131.88916015625, 53.713964843749999 ], [ -131.928076171875006, 53.379199218749996 ], [ -132.011328125, 53.265185546874996 ], [ -132.520458984375011, 53.194042968749997 ], [ -132.747509765625011, 53.310498046874997 ], [ -132.692578125000011, 53.367871093749997 ], [ -132.425, 53.336962890624996 ], [ -132.845019531249989, 53.507714843750001 ], [ -133.05224609375, 53.778125 ], [ -133.097949218749989, 54.005615234375 ], [ -133.048388671874989, 54.158935546875 ] ] ], [ [ [ -131.753710937499989, 53.195556640625 ], [ -131.65234375, 53.102978515624997 ], [ -131.634667968749994, 52.922167968749996 ], [ -131.971777343750006, 52.879833984374997 ], [ -131.455224609374994, 52.701708984374996 ], [ -131.590576171875, 52.578222656249999 ], [ -131.429980468749989, 52.422119140625 ], [ -131.259716796875011, 52.415917968750001 ], [ -131.319921875, 52.303076171874999 ], [ -131.142626953124989, 52.291113281249999 ], [ -131.116162109375011, 52.219091796874999 ], [ -131.221533203125006, 52.153613281249996 ], [ -132.165087890624989, 52.783300781249999 ], [ -132.258105468749989, 52.933886718749996 ], [ -132.14375, 52.999316406249996 ], [ -132.546777343749994, 53.1375 ], [ -131.753710937499989, 53.195556640625 ] ] ], [ [ [ -127.197314453124989, 50.640380859375 ], [ -125.482080078124994, 50.316796875 ], [ -124.830615234374989, 49.530078125 ], [ -123.995800781249997, 49.224023437499994 ], [ -123.820019531249997, 49.08349609375 ], [ -123.497021484374997, 48.582080078124996 ], [ -123.415478515624997, 48.698193359374997 ], [ -123.283789062500006, 48.455175781249999 ], [ -123.573144531249994, 48.322802734374996 ], [ -125.017236328124994, 48.711474609374996 ], [ -125.135693359374997, 48.822412109374994 ], [ -124.849658203124989, 49.028271484374997 ], [ -124.812646484374994, 49.212646484375 ], [ -124.92734375, 49.014208984374996 ], [ -125.543115234374994, 48.952832031249997 ], [ -125.828515625, 49.091845703124996 ], [ -125.644238281249997, 49.185791015625 ], [ -125.83544921875, 49.276660156249996 ], [ -125.95166015625, 49.248046875 ], [ -125.935400390625006, 49.401464843749999 ], [ -126.548535156249997, 49.4189453125 ], [ -126.541894531249994, 49.590478515624994 ], [ -126.134082031249989, 49.672314453124997 ], [ -126.525244140625006, 49.719580078124999 ], [ -126.68310546875, 49.87646484375 ], [ -126.9033203125, 49.944140625 ], [ -127.114306640624989, 49.879736328124999 ], [ -127.249804687499989, 50.137988281249996 ], [ -127.349414062499989, 50.051953125 ], [ -127.467138671875006, 50.163427734374999 ], [ -127.863916015624994, 50.127734375 ], [ -127.839160156249989, 50.293212890625 ], [ -127.962939453124989, 50.345996093749996 ], [ -127.905859375, 50.445214843749994 ], [ -127.641406249999989, 50.479101562499999 ], [ -127.486523437499997, 50.404638671874999 ], [ -127.529003906249997, 50.536767578124994 ], [ -127.465917968750006, 50.583105468749999 ], [ -127.75146484375, 50.607373046874997 ], [ -127.731152343749997, 50.535742187499999 ], [ -128.058349609375, 50.498486328124997 ], [ -128.349902343749989, 50.696582031249996 ], [ -128.241552734375006, 50.828173828124996 ], [ -127.918066406250006, 50.860546875 ], [ -127.197314453124989, 50.640380859375 ] ] ], [ [ [ -130.025097656250011, 55.888232421875102 ], [ -130.097851562500011, 56.109277343750001 ], [ -130.413134765624989, 56.122509765624997 ], [ -130.477099609374989, 56.230566406250034 ], [ -130.74169921875, 56.3408203125 ], [ -131.575097656250023, 56.598828125000125 ], [ -131.824267578124989, 56.589990234375001 ], [ -131.866162109375011, 56.792822265624999 ], [ -132.104296874999989, 56.856787109374999 ], [ -132.031542968749989, 57.0265625 ], [ -132.337988281250006, 57.079443359374999 ], [ -132.232177734375, 57.198535156249996 ], [ -133.422558593750011, 58.337060546875023 ], [ -133.401123046875, 58.410888671875 ], [ -133.820751953125011, 58.705029296874997 ], [ -134.296972656250006, 58.898486328125003 ], [ -134.440771484375006, 59.085351562499994 ], [ -134.94375, 59.288281250000011 ], [ -135.0712890625, 59.441455078125003 ], [ -135.051025390625, 59.578662109375003 ], [ -135.475927734375006, 59.793261718750003 ], [ -136.321826171874989, 59.604833984374999 ], [ -136.247119140624989, 59.532910156250125 ], [ -136.466357421874989, 59.459082031249999 ], [ -136.466748046875011, 59.279931640624994 ], [ -136.578759765624994, 59.152246093749994 ], [ -136.813281249999989, 59.15004882812508 ], [ -137.438574218750006, 58.903125 ], [ -137.520898437499994, 58.915380859374999 ], [ -137.484179687499989, 58.9912109375 ], [ -137.593310546874989, 59.226269531250011 ], [ -138.632275390625011, 59.778271484375011 ], [ -138.70546875, 59.901318359374997 ], [ -139.18515625, 60.08359375 ], [ -139.079248046875023, 60.343701171875125 ], [ -139.676318359374989, 60.328320312500011 ], [ -139.973291015624994, 60.183154296875003 ], [ -140.452832031250011, 60.299707031249994 ], [ -140.525439453124989, 60.218359375 ], [ -141.002148437500011, 60.300244140625125 ], [ -141.002148437500011, 69.65078125 ], [ -139.181542968749966, 69.51552734375008 ], [ -137.869433593749932, 69.092822265624932 ], [ -136.717333984374932, 68.889160156250057 ], [ -136.122363281249989, 68.882226562500023 ], [ -135.258837890624989, 68.684326171875057 ], [ -135.4345703125, 68.841992187500011 ], [ -135.894726562499955, 68.926708984375068 ], [ -135.924755859374955, 68.992626953124955 ], [ -135.575537109374977, 69.026953125000034 ], [ -135.910205078124932, 69.111474609375023 ], [ -135.691455078124932, 69.311181640625023 ], [ -135.29282226562492, 69.307861328125057 ], [ -135.140820312499955, 69.467822265624989 ], [ -134.456835937499932, 69.477636718750034 ], [ -134.495361328125, 69.571923828125023 ], [ -134.408935546874943, 69.681787109375023 ], [ -133.879785156249966, 69.50771484375008 ], [ -134.174316406249943, 69.252832031250023 ], [ -133.163134765624989, 69.433886718749989 ], [ -132.840332031249943, 69.650683593750102 ], [ -132.403906249999977, 69.658740234374989 ], [ -132.568359375, 69.698144531250023 ], [ -132.488476562499955, 69.738085937499989 ], [ -132.163427734374977, 69.704980468750136 ], [ -131.44091796875, 69.917919921875011 ], [ -131.136376953125023, 69.90688476562508 ], [ -130.665478515625011, 70.127050781249977 ], [ -129.944970703125023, 70.090917968750091 ], [ -129.675634765624977, 70.192968750000091 ], [ -129.538427734374977, 70.105175781250125 ], [ -129.648291015624977, 69.997753906250125 ], [ -130.832080078124932, 69.651464843750091 ], [ -131.937792968749932, 69.534716796875102 ], [ -132.330761718749955, 69.307958984375091 ], [ -132.686718750000011, 69.259863281250034 ], [ -133.41831054687492, 68.844287109374932 ], [ -133.196826171874932, 68.739843749999977 ], [ -133.138037109374977, 68.746582031250114 ], [ -133.336669921875, 68.835253906250045 ], [ -132.57763671875, 68.847802734375136 ], [ -132.542236328125, 68.889941406249989 ], [ -132.739111328124977, 68.922460937500091 ], [ -132.718945312500011, 69.079199218750034 ], [ -131.919628906249955, 69.290527343750114 ], [ -131.788378906249989, 69.431982421874977 ], [ -131.342919921874966, 69.43540039062492 ], [ -131.32470703125, 69.361181640625091 ], [ -131.063427734375011, 69.450683593750057 ], [ -130.970654296875011, 69.209082031250034 ], [ -130.51596679687492, 69.56967773437492 ], [ -130.117626953124955, 69.720068359375034 ], [ -128.89892578125, 69.966162109375091 ], [ -128.938623046875023, 69.875 ], [ -129.157910156250011, 69.800097656249989 ], [ -129.054345703125023, 69.70107421875008 ], [ -128.85302734375, 69.751025390625102 ], [ -128.38671875, 69.960156250000068 ], [ -128.278613281249932, 70.108105468750011 ], [ -127.683789062499955, 70.260351562499977 ], [ -127.974023437500023, 70.292919921875011 ], [ -128.043652343750011, 70.328759765625023 ], [ -127.988916015624966, 70.36313476562492 ], [ -128.170117187500011, 70.41845703125 ], [ -128.12729492187492, 70.523828124999966 ], [ -127.991015624999932, 70.573828125000034 ], [ -127.225976562499966, 70.296142578124943 ], [ -126.612158203124977, 69.730322265624977 ], [ -125.727783203125, 69.379980468750034 ], [ -125.386767578124989, 69.349218749999977 ], [ -125.171875, 69.427978515625 ], [ -125.345507812499932, 69.662451171875034 ], [ -125.201171875, 69.828808593749955 ], [ -125.079589843749943, 69.817822265625068 ], [ -124.767919921874977, 69.990039062499932 ], [ -124.990380859374966, 70.026611328125114 ], [ -124.55502929687492, 70.151220703125091 ], [ -124.444482421874966, 70.110595703125 ], [ -124.406933593749955, 69.767431640625091 ], [ -124.124609374999977, 69.689990234375102 ], [ -124.481347656250023, 69.425146484374977 ], [ -124.338085937499955, 69.364843749999977 ], [ -123.52841796874992, 69.389355468749955 ], [ -123.213671874999932, 69.541503906250057 ], [ -123.025781250000023, 69.810009765625068 ], [ -121.741845703125023, 69.797509765624966 ], [ -120.962451171874989, 69.660400390625114 ], [ -120.13999023437492, 69.380566406250125 ], [ -118.868701171874989, 69.257177734375034 ], [ -118.09521484375, 69.042919921875068 ], [ -117.226953125000023, 68.913427734374977 ], [ -116.059472656250023, 68.837011718750091 ], [ -116.243408203124943, 68.974072265625125 ], [ -115.442285156249966, 68.940917968750114 ], [ -114.620166015624989, 68.74609375 ], [ -113.964404296874989, 68.399072265625023 ], [ -114.095947265624943, 68.266796875000068 ], [ -114.765283203124966, 68.270214843750068 ], [ -115.127050781249977, 68.132031249999955 ], [ -115.167089843749977, 68.018554687500114 ], [ -115.434472656249966, 67.902343750000057 ], [ -115.133203124999966, 67.819189453125034 ], [ -112.503027343749977, 67.681933593750102 ], [ -110.990039062499932, 67.790820312500102 ], [ -110.073925781250011, 67.992919921875057 ], [ -109.630371093749943, 67.732714843749989 ], [ -109.038037109375011, 67.691162109375057 ], [ -108.852001953125011, 67.421972656250091 ], [ -108.613330078124989, 67.59804687500008 ], [ -107.988720703125011, 67.256396484375102 ], [ -107.909179687499943, 67.162548828125011 ], [ -107.991308593749977, 67.095166015625125 ], [ -108.496044921874955, 67.092285156250057 ], [ -107.259472656250011, 66.398535156249977 ], [ -107.710351562500023, 66.740039062500045 ], [ -107.745996093750023, 66.961474609375045 ], [ -107.626171874999955, 67.003125 ], [ -107.156494140625, 66.881738281249966 ], [ -107.347851562500011, 67.054785156250091 ], [ -107.283154296874955, 67.103271484375 ], [ -107.567480468749977, 67.27304687499992 ], [ -107.64990234375, 67.511279296874989 ], [ -107.954052734374955, 67.7 ], [ -107.958398437500023, 67.818603515625057 ], [ -107.763085937500023, 67.906835937500091 ], [ -107.798291015625011, 68.036914062499932 ], [ -106.424267578124955, 68.20058593750008 ], [ -106.404394531249977, 68.319335937500114 ], [ -105.933056640624955, 68.443115234375114 ], [ -105.750195312500011, 68.592285156250114 ], [ -105.932226562499977, 68.636523437500102 ], [ -106.458056640624989, 68.516455078124977 ], [ -106.60849609374992, 68.357373046875068 ], [ -107.619335937499955, 68.3310546875 ], [ -107.741503906249989, 68.285742187500034 ], [ -107.677636718750023, 68.202929687500045 ], [ -107.734179687499932, 68.173730468750136 ], [ -108.322802734374932, 68.154101562500045 ], [ -108.71811523437492, 68.297460937500091 ], [ -108.345751953124989, 68.597802734375023 ], [ -106.164453124999966, 68.919873046875068 ], [ -105.685595703124932, 68.828173828125045 ], [ -105.539843749999989, 68.718652343750136 ], [ -105.377441406249943, 68.413818359375 ], [ -104.65317382812492, 68.230078125000034 ], [ -104.661132812499943, 68.148779296875034 ], [ -104.486816406249943, 68.063183593749955 ], [ -103.901562500000011, 68.041064453125102 ], [ -103.474121093749943, 68.115039062500045 ], [ -102.841552734374943, 67.852734375000068 ], [ -102.320361328124932, 67.735644531250045 ], [ -101.554980468749932, 67.693164062500102 ], [ -100.212939453124932, 67.838574218750068 ], [ -99.032177734375011, 67.718847656249977 ], [ -98.412109374999943, 67.807177734375045 ], [ -98.703564453125011, 67.965722656250023 ], [ -98.720068359374977, 68.041992187500114 ], [ -98.631542968750011, 68.072558593750102 ], [ -97.930761718749977, 67.710791015624977 ], [ -97.45493164062492, 67.616992187500045 ], [ -97.194433593749977, 67.696923828125136 ], [ -97.139843750000011, 67.796240234374977 ], [ -97.546630859374943, 67.960742187500045 ], [ -98.192529296874966, 67.922998046875023 ], [ -98.500292968749989, 68.117675781250057 ], [ -98.380859375, 68.13247070312508 ], [ -98.65048828124992, 68.363525390625057 ], [ -98.218554687499989, 68.317431640625102 ], [ -97.794238281249932, 68.387597656249966 ], [ -97.925097656249932, 68.523681640625 ], [ -97.410351562499955, 68.496533203124955 ], [ -96.976708984375023, 68.255419921875045 ], [ -96.430664062499943, 68.310595703125102 ], [ -96.722070312500023, 68.038769531249955 ], [ -95.970312499999977, 68.249121093750034 ], [ -96.198828124999977, 67.717822265624989 ], [ -96.369140624999943, 67.509765625000057 ], [ -96.14145507812492, 67.271826171875034 ], [ -95.719921875000011, 67.316796875000136 ], [ -95.777685546874977, 67.184619140625045 ], [ -95.415917968750023, 67.155566406249989 ], [ -95.418896484375011, 67.013232421874932 ], [ -95.76865234374992, 66.96669921875008 ], [ -96.422558593750011, 67.0517578125 ], [ -95.787548828124955, 66.616796875000034 ], [ -95.743164062499943, 66.690429687500114 ], [ -96.036865234374943, 66.9375 ], [ -95.399658203125, 66.949462890625114 ], [ -95.258740234374955, 67.26254882812492 ], [ -95.46337890625, 67.610205078125091 ], [ -95.65048828124992, 67.73745117187508 ], [ -95.460693359375, 68.021386718749966 ], [ -94.744433593749989, 68.070898437499977 ], [ -93.927734374999943, 68.473828124999955 ], [ -93.448925781250011, 68.618896484375057 ], [ -93.643945312499966, 68.633105468750102 ], [ -93.681445312499932, 68.887255859374989 ], [ -93.852441406249966, 69.00034179687492 ], [ -94.064892578125011, 68.784765625000091 ], [ -94.478320312499932, 68.742773437500034 ], [ -94.600439453124977, 68.803222656250114 ], [ -94.562548828124989, 68.911669921874989 ], [ -94.083642578125023, 69.123095703125102 ], [ -94.25537109375, 69.151464843749977 ], [ -94.254736328124977, 69.313769531250045 ], [ -93.61948242187492, 69.416992187500114 ], [ -93.820458984375023, 69.252636718750011 ], [ -93.748535156249943, 69.226123046875102 ], [ -93.430957031249989, 69.375048828125102 ], [ -93.537060546875011, 69.382324218749943 ], [ -93.532275390624932, 69.480908203124955 ], [ -94.270800781249932, 69.455126953125045 ], [ -94.633837890624989, 69.649658203125057 ], [ -94.822509765625, 69.577783203124966 ], [ -95.96494140624992, 69.802783203124989 ], [ -96.551367187499977, 70.210302734375091 ], [ -96.545605468750011, 70.327246093750091 ], [ -96.297705078124977, 70.511376953125136 ], [ -95.878613281250011, 70.548974609375136 ], [ -95.988183593749966, 70.616845703125136 ], [ -95.88632812499992, 70.694287109375068 ], [ -96.258007812499955, 70.642285156250125 ], [ -96.548925781249977, 70.808740234375136 ], [ -96.446582031249989, 71.239892578125023 ], [ -96.06201171875, 71.413867187499932 ], [ -95.564257812499932, 71.336767578125034 ], [ -95.40625, 71.491650390625011 ], [ -95.872314453125, 71.57314453125008 ], [ -95.201220703124932, 71.90371093750008 ], [ -94.611132812499989, 71.986865234374989 ], [ -94.308349609374943, 71.764892578125057 ], [ -93.746289062500011, 71.742822265625023 ], [ -93.762841796875023, 71.638037109374977 ], [ -93.031298828124932, 71.335693359375 ], [ -92.882714843750023, 71.069335937500114 ], [ -92.9814453125, 70.852246093750125 ], [ -92.355810546874977, 70.634277343750114 ], [ -92.049121093749932, 70.3896484375 ], [ -92.047363281249943, 70.303320312500034 ], [ -91.76083984374992, 70.326269531250091 ], [ -91.564062499999977, 70.178271484375102 ], [ -91.858593750000011, 70.132666015625034 ], [ -92.320507812500011, 70.2353515625 ], [ -92.511865234374966, 70.103857421875034 ], [ -91.976708984375023, 70.038671875000091 ], [ -92.88779296874992, 69.668212890625114 ], [ -92.311669921874966, 69.672900390624989 ], [ -91.911962890624977, 69.531250000000114 ], [ -91.201806640624966, 69.644775390624943 ], [ -91.15087890625, 69.637158203125011 ], [ -91.43994140625, 69.525683593750045 ], [ -90.415576171874932, 69.456982421875068 ], [ -90.683984375000023, 69.427734375 ], [ -90.892285156250011, 69.267285156249955 ], [ -91.237207031250023, 69.285546875000136 ], [ -90.744775390624966, 69.105908203125125 ], [ -90.47900390625, 68.881152343749989 ], [ -90.573632812500023, 68.474707031249977 ], [ -90.247753906249955, 68.267431640625034 ], [ -89.897705078124943, 68.490771484375045 ], [ -89.666601562499977, 69.014599609375011 ], [ -89.279541015624943, 69.255468750000034 ], [ -89.056738281249977, 69.266113281250114 ], [ -88.041357421874977, 68.811718750000068 ], [ -87.827734374999977, 68.448095703125034 ], [ -87.827929687499989, 68.29995117187508 ], [ -87.990966796875, 68.242041015624977 ], [ -88.235253906250023, 68.339062500000068 ], [ -88.346972656249932, 68.288281250000011 ], [ -88.313818359374977, 67.95034179687508 ], [ -88.19589843749992, 67.765820312499955 ], [ -87.499121093749977, 67.355322265625034 ], [ -87.359375, 67.177246093749943 ], [ -86.560791015624943, 67.482128906250068 ], [ -86.39804687499992, 67.800097656250045 ], [ -85.952587890624955, 68.072460937500068 ], [ -85.731103515625023, 68.445019531250125 ], [ -85.689794921874977, 68.670947265624989 ], [ -85.491064453124977, 68.773974609374989 ], [ -84.867578124999966, 68.77333984375008 ], [ -85.106640625000011, 68.844042968750102 ], [ -84.862207031250023, 69.073974609375 ], [ -85.386767578124932, 69.231884765625068 ], [ -85.507373046874932, 69.845263671874932 ], [ -84.318798828125011, 69.843701171875011 ], [ -83.665332031249989, 69.699707031249943 ], [ -82.374169921875023, 69.641796875000068 ], [ -82.49570312499992, 69.532226562500114 ], [ -82.754833984374955, 69.494384765625057 ], [ -82.309863281249989, 69.410009765625091 ], [ -82.2275390625, 69.248876953124977 ], [ -81.377832031250023, 69.185644531250034 ], [ -81.328662109374932, 69.119921874999989 ], [ -81.957910156249966, 68.883642578124977 ], [ -81.380908203124989, 68.850048828125068 ], [ -81.252490234374932, 68.743164062500114 ], [ -81.281542968749932, 68.657226562500057 ], [ -81.914843749999989, 68.458789062500102 ], [ -82.210156250000011, 68.50625 ], [ -82.552685546875011, 68.446484375000068 ], [ -82.222412109374943, 68.145263671875 ], [ -82.0125, 68.193896484374989 ], [ -82.10214843749992, 68.018896484375034 ], [ -82.062548828124989, 67.928173828125011 ], [ -81.294335937500023, 67.497412109374977 ], [ -81.467578124999989, 67.069873046875102 ], [ -81.925537109374943, 66.974707031250091 ], [ -82.260546874999989, 66.739111328125034 ], [ -83.406445312500011, 66.37124023437508 ], [ -83.590283203125011, 66.38784179687508 ], [ -83.998046875, 66.728515625000057 ], [ -84.324365234374966, 66.781787109375045 ], [ -84.361083984375, 66.822558593749989 ], [ -84.272558593749977, 66.839208984375034 ], [ -84.538476562499966, 66.97280273437508 ], [ -84.845751953124989, 67.02871093750008 ], [ -85.113720703125011, 66.906933593750125 ], [ -84.737744140625011, 66.933593750000057 ], [ -84.223046875000023, 66.682470703125091 ], [ -83.825830078125023, 66.289990234375068 ], [ -83.869042968750023, 66.213574218750125 ], [ -84.293066406249977, 66.291796875000045 ], [ -84.478417968750023, 66.179296875000034 ], [ -84.628076171875023, 66.207714843749955 ], [ -85.09619140625, 66.325341796875136 ], [ -85.603857421874977, 66.56826171875008 ], [ -86.708154296875023, 66.523046875000091 ], [ -86.746972656249966, 66.417089843749977 ], [ -86.685107421874989, 66.360400390624989 ], [ -86.113085937499932, 66.225292968750011 ], [ -85.958740234374943, 66.119042968750023 ], [ -87.081103515624989, 65.44082031250008 ], [ -87.452880859375, 65.338964843750091 ], [ -87.969970703125, 65.348925781249989 ], [ -88.743945312499989, 65.678759765625045 ], [ -89.749414062500023, 65.936035156250057 ], [ -89.943994140624966, 65.933593750000114 ], [ -89.889697265624932, 65.868554687499966 ], [ -91.42724609375, 65.947900390624966 ], [ -91.04111328124992, 65.829833984375114 ], [ -91.06494140625, 65.89990234375 ], [ -90.983447265624989, 65.919238281249989 ], [ -89.924072265625, 65.780273437500114 ], [ -88.974023437499966, 65.348291015625023 ], [ -87.027539062500011, 65.198095703124977 ], [ -87.028515625000011, 65.063623046875136 ], [ -87.280517578124943, 64.826171875000057 ], [ -88.105615234374966, 64.183300781250011 ], [ -88.81772460937492, 63.992236328124989 ], [ -89.200634765624955, 64.113769531250057 ], [ -89.131542968750011, 63.968505859374943 ], [ -89.615820312499977, 64.030615234374977 ], [ -89.811328124999932, 64.180566406250023 ], [ -90.041650390624966, 64.140869140625057 ], [ -89.855712890625, 63.956982421875125 ], [ -90.168164062500011, 63.978759765625114 ], [ -90.013427734375, 63.804296875000091 ], [ -90.154736328125011, 63.689648437500011 ], [ -90.811914062499966, 63.580908203125034 ], [ -91.926025390625, 63.757080078125057 ], [ -91.982226562499989, 63.822412109375023 ], [ -92.338427734374989, 63.787646484375045 ], [ -93.696337890624989, 64.147167968750125 ], [ -93.596728515624932, 64.040576171875102 ], [ -93.664160156249977, 63.941406250000114 ], [ -93.559814453124943, 63.865283203125045 ], [ -93.270214843750011, 63.840869140625045 ], [ -93.378515624999977, 63.948486328124943 ], [ -92.156884765624966, 63.691699218750045 ], [ -92.465087890624943, 63.555078125000136 ], [ -91.841845703124989, 63.697558593749989 ], [ -90.711279296874977, 63.304052734374977 ], [ -90.698583984374977, 63.063867187500023 ], [ -90.777880859374932, 62.971630859375068 ], [ -91.448974609375, 62.804052734375034 ], [ -92.361279296874955, 62.819384765624989 ], [ -92.30517578125, 62.711669921875057 ], [ -91.935839843749932, 62.592382812500091 ], [ -92.551416015624966, 62.546728515625034 ], [ -92.767968750000023, 62.379980468749977 ], [ -92.527978515624966, 62.168408203125068 ], [ -93.205371093749932, 62.364941406250125 ], [ -92.905517578125, 62.215136718749989 ], [ -93.065869140624955, 62.149755859374977 ], [ -93.016259765624966, 62.09267578125008 ], [ -93.073388671874966, 62.060546875000114 ], [ -93.349755859374966, 62.029785156250057 ], [ -93.273437499999943, 61.96108398437508 ], [ -93.333056640624932, 61.932910156250045 ], [ -93.581787109375, 61.942041015625136 ], [ -93.31201171875, 61.767285156250068 ], [ -93.912744140625023, 61.481445312500057 ], [ -93.888818359375023, 61.344042968749989 ], [ -94.083447265624955, 61.303662109375068 ], [ -94.067773437499966, 61.138867187500068 ], [ -94.509375, 60.604541015624932 ], [ -94.761718749999943, 60.498242187500125 ], [ -94.646777343749989, 60.416406249999966 ], [ -94.785791015624966, 59.953320312499955 ], [ -94.788281250000011, 59.267871093749932 ], [ -94.870263671875023, 59.087988281250091 ], [ -94.957324218749989, 59.068847656250057 ], [ -94.287060546874955, 58.716015625000125 ], [ -94.332226562500011, 58.297363281250114 ], [ -94.123193359374966, 58.73671875000008 ], [ -93.178759765624932, 58.725634765624989 ], [ -92.432812499999955, 57.3203125 ], [ -92.61411132812492, 57.039013671875068 ], [ -92.798144531249932, 56.921972656250034 ], [ -91.111279296875011, 57.241210937500057 ], [ -90.592187499999966, 57.224462890625034 ], [ -89.790820312499932, 56.98134765625008 ], [ -88.826464843749932, 56.814257812499932 ], [ -88.075097656249966, 56.467285156249943 ], [ -87.482421874999943, 56.021289062500045 ], [ -85.676660156250023, 55.601074218750057 ], [ -85.218017578124943, 55.348974609375034 ], [ -85.365283203124932, 55.079296875000011 ], [ -85.060937500000023, 55.285644531250114 ], [ -83.910595703124955, 55.314648437499955 ], [ -82.986279296874955, 55.231396484375068 ], [ -82.393261718750011, 55.067822265625125 ], [ -82.219384765625023, 54.8134765625 ], [ -82.42416992187492, 54.244580078125125 ], [ -82.141455078124977, 53.817626953125 ], [ -82.1591796875, 53.264160156250057 ], [ -82.291552734374989, 53.030712890625068 ], [ -81.599414062499932, 52.432617187500114 ], [ -81.611523437500011, 52.324072265624977 ], [ -81.827880859374943, 52.224218750000091 ], [ -81.466210937499966, 52.204492187500136 ], [ -80.657958984375, 51.758349609375045 ], [ -80.443310546874955, 51.388574218750023 ], [ -80.851220703125023, 51.125 ], [ -80.478320312499989, 51.307324218750011 ], [ -80.103564453124932, 51.282861328125136 ], [ -79.836230468749989, 51.173339843750057 ], [ -79.347900390625, 50.762646484375068 ], [ -79.714453124999977, 51.11757812500008 ], [ -79.688818359374977, 51.346582031249966 ], [ -79.49755859375, 51.569921875000034 ], [ -79.29697265624992, 51.622802734375114 ], [ -79.04052734375, 51.46376953125008 ], [ -78.903173828124977, 51.200292968750034 ], [ -78.85800781249992, 51.383935546875136 ], [ -78.731347656249966, 51.497460937500023 ], [ -78.981640624999955, 51.774560546875136 ], [ -78.448095703124977, 52.261376953125023 ], [ -78.557080078125011, 52.491894531250068 ], [ -78.744140625, 52.655371093749977 ], [ -78.721679687499943, 52.856445312500114 ], [ -78.898242187499932, 53.043359374999966 ], [ -79.100341796875, 53.65664062500008 ], [ -79.040332031249932, 53.817968750000034 ], [ -78.945703125000023, 53.831591796874989 ], [ -79.075146484375011, 53.932373046875114 ], [ -78.996044921874955, 54.002490234374989 ], [ -79.241796874999977, 54.098876953125114 ], [ -79.138818359375023, 54.157226562500057 ], [ -79.356152343749955, 54.263378906250011 ], [ -79.712353515624955, 54.671826171875125 ], [ -78.475048828124955, 55.011035156250102 ], [ -77.775292968749966, 55.291259765625 ], [ -76.761816406249977, 55.996435546874977 ], [ -76.604052734374989, 56.199560546874977 ], [ -76.529833984374989, 56.499951171875068 ], [ -76.572851562499977, 57.181201171875102 ], [ -76.890917968749989, 57.758105468750045 ], [ -77.156787109374989, 58.018896484375034 ], [ -77.552441406249955, 58.239599609375091 ], [ -78.505908203124932, 58.649121093750011 ], [ -78.430517578124977, 58.901757812500136 ], [ -77.760693359375011, 59.38002929687508 ], [ -77.859033203124966, 59.475781250000011 ], [ -77.726171874999977, 59.67587890624992 ], [ -77.349072265625011, 59.578955078125091 ], [ -77.485302734374955, 59.684570312500114 ], [ -77.33164062499992, 59.796630859375 ], [ -77.372949218749966, 59.925097656250102 ], [ -77.289208984374966, 60.022021484375102 ], [ -77.585888671875011, 60.088183593750102 ], [ -77.452880859375, 60.145800781250102 ], [ -77.681445312499932, 60.427099609375034 ], [ -77.503564453125023, 60.542724609374943 ], [ -77.790820312499932, 60.639843750000011 ], [ -77.603027343749943, 60.825195312499943 ], [ -78.181347656250011, 60.819140624999989 ], [ -77.765039062500023, 61.157519531249989 ], [ -77.736181640624977, 61.437353515624977 ], [ -77.514355468750011, 61.556298828125023 ], [ -78.021386718750023, 61.832080078125102 ], [ -78.13339843749992, 62.282275390624989 ], [ -77.899902343749943, 62.426562500000045 ], [ -77.372412109374977, 62.572509765625114 ], [ -75.675537109374943, 62.249511718750057 ], [ -75.789843749999932, 62.179589843750023 ], [ -75.341210937500023, 62.312109375000034 ], [ -74.632568359375, 62.115673828125125 ], [ -74.645800781249932, 62.211132812500068 ], [ -73.705078124999943, 62.473144531249943 ], [ -72.8818359375, 62.125390624999966 ], [ -72.686962890625011, 62.124560546874989 ], [ -72.632128906249932, 62.02724609375008 ], [ -72.771630859375023, 61.840429687500034 ], [ -72.505566406250011, 61.922656250000102 ], [ -72.226123046874932, 61.831591796874989 ], [ -72.040039062499943, 61.680273437500091 ], [ -72.215869140624989, 61.587255859374977 ], [ -71.866113281250023, 61.688525390624989 ], [ -71.638281249999977, 61.6171875 ], [ -71.854394531249966, 61.43979492187492 ], [ -71.645312499999989, 61.413134765624989 ], [ -71.743457031249989, 61.337255859375034 ], [ -71.42270507812492, 61.158935546875114 ], [ -70.279296874999943, 61.068652343749989 ], [ -69.992431640624943, 60.856494140625102 ], [ -69.708398437500023, 60.914648437500091 ], [ -69.623632812499977, 61.049511718750011 ], [ -69.471923828125, 61.010937500000125 ], [ -69.404736328124955, 60.846777343750091 ], [ -69.64047851562492, 60.689794921875091 ], [ -69.751269531249932, 60.48745117187508 ], [ -69.740576171874977, 60.332275390625057 ], [ -69.628759765624977, 60.198583984375034 ], [ -69.673730468749966, 60.075878906250068 ], [ -70.654833984374989, 60.026220703125091 ], [ -69.733935546874989, 59.918017578125045 ], [ -69.579394531249932, 59.675097656249932 ], [ -69.692382812499943, 59.488427734375136 ], [ -69.681884765624943, 59.341748046875068 ], [ -69.344042968749932, 59.303076171875034 ], [ -69.531640624999966, 58.869238281250091 ], [ -69.648388671874955, 58.82080078125 ], [ -69.7841796875, 58.955712890625136 ], [ -70.154345703124989, 58.760595703124977 ], [ -69.78989257812492, 58.689306640625034 ], [ -69.27109374999992, 58.88393554687508 ], [ -68.698193359375011, 58.904541015625 ], [ -68.381152343749989, 58.743505859375034 ], [ -68.229394531249966, 58.484570312500068 ], [ -68.35654296874992, 58.163232421875136 ], [ -69.040820312499989, 57.902490234375136 ], [ -68.41357421875, 58.0517578125 ], [ -68.175537109375, 58.402587890625057 ], [ -68.021044921874989, 58.485302734375011 ], [ -67.88828124999992, 58.295751953124977 ], [ -68.063867187500023, 58.138964843749989 ], [ -67.755957031249977, 58.404589843750102 ], [ -67.678271484374932, 57.99111328125008 ], [ -67.569628906249932, 58.213476562500091 ], [ -66.722167968749943, 58.491015624999932 ], [ -66.36240234374992, 58.791162109375023 ], [ -66.090917968749977, 58.659033203125091 ], [ -66.002392578124955, 58.431201171875045 ], [ -65.922900390624989, 58.571972656250125 ], [ -66.043066406249977, 58.820654296874977 ], [ -65.854833984374977, 58.846630859375125 ], [ -65.920703124999989, 58.914648437500091 ], [ -65.703564453125011, 58.970605468750136 ], [ -65.720996093749989, 59.023779296874977 ], [ -65.383544921875, 59.06020507812508 ], [ -65.60625, 59.11074218750008 ], [ -65.7, 59.213330078125011 ], [ -65.607128906249955, 59.213134765625 ], [ -65.51279296874992, 59.350390625000045 ], [ -65.411718749999977, 59.314990234374932 ], [ -65.47509765625, 59.470312499999977 ], [ -65.038232421874966, 59.387890625000068 ], [ -65.407421874999955, 59.539355468749989 ], [ -65.486474609375023, 59.648681640625057 ], [ -65.433398437499932, 59.776513671875023 ], [ -65.028173828124977, 59.770703125000068 ], [ -65.17172851562492, 59.908007812499989 ], [ -64.817333984375011, 60.3310546875 ], [ -64.499414062500023, 60.268261718750011 ], [ -64.419580078124966, 60.17138671875 ], [ -64.768457031250023, 60.012109375000023 ], [ -64.283496093749989, 60.064062499999977 ], [ -64.182861328125, 59.972949218750045 ], [ -64.226318359374943, 59.741210937500114 ], [ -64.056054687500023, 59.822558593749989 ], [ -63.750195312499955, 59.51259765625008 ], [ -63.945458984375023, 59.380175781250102 ], [ -63.780859374999977, 59.349267578125023 ], [ -63.775878906249943, 59.277148437500045 ], [ -63.53989257812492, 59.332861328125034 ], [ -63.415136718749977, 59.194384765625102 ], [ -63.645507812499943, 59.078906249999989 ], [ -63.971142578125011, 59.053808593750034 ], [ -63.248437499999966, 59.068310546874955 ], [ -63.309863281249932, 59.026464843749977 ], [ -63.21640624999992, 58.927978515625 ], [ -63.282128906249966, 58.867382812500068 ], [ -63.05029296875, 58.878173828124943 ], [ -62.87387695312492, 58.672460937499977 ], [ -63.537060546874955, 58.329931640624977 ], [ -63.209960937499943, 58.466943359375023 ], [ -63.132128906249989, 58.410839843750125 ], [ -62.59384765624992, 58.474023437500023 ], [ -62.812060546874989, 58.200390625000068 ], [ -63.261523437499932, 58.014697265625102 ], [ -62.486230468750023, 58.154052734375057 ], [ -62.3056640625, 57.972265624999977 ], [ -61.958642578125023, 57.91176757812508 ], [ -61.899072265625023, 57.861328125000114 ], [ -61.994921874999932, 57.769433593750023 ], [ -61.967968749999955, 57.611914062500091 ], [ -62.495556640624955, 57.489208984375125 ], [ -61.921142578125, 57.42080078125008 ], [ -61.849804687499955, 57.370410156250102 ], [ -61.977441406250023, 57.247949218750023 ], [ -61.628515624999977, 57.183154296874989 ], [ -61.333740234374943, 57.010595703124977 ], [ -61.371630859374989, 56.680810546875136 ], [ -62.0625, 56.699072265625091 ], [ -62.381738281249966, 56.787695312500034 ], [ -62.295800781250023, 56.832812499999989 ], [ -62.497265624999955, 56.801708984375068 ], [ -61.737744140625011, 56.526025390625023 ], [ -62.009667968750023, 56.453857421875057 ], [ -61.940429687499943, 56.423583984375114 ], [ -61.425292968749943, 56.360644531250102 ], [ -61.70712890624992, 56.288720703125023 ], [ -61.713085937499955, 56.230957031250114 ], [ -61.364697265624955, 56.216015625000125 ], [ -61.301123046874977, 56.047167968749989 ], [ -61.449511718749932, 55.995703124999977 ], [ -61.187890625000023, 55.955371093750102 ], [ -61.08935546875, 55.86635742187508 ], [ -60.74326171874992, 55.941455078124932 ], [ -60.562109374999977, 55.727001953125125 ], [ -60.475830078125, 55.805126953125068 ], [ -60.341015624999955, 55.78466796875 ], [ -60.408300781249977, 55.649560546874966 ], [ -60.192382812499943, 55.480908203125068 ], [ -60.617138671875011, 55.060205078125023 ], [ -60.212548828124966, 55.236425781250034 ], [ -59.7587890625, 55.3095703125 ], [ -59.68906249999992, 55.196337890625045 ], [ -59.437890625000023, 55.175927734375136 ], [ -59.837792968750023, 54.813964843750114 ], [ -59.259570312499989, 55.199951171875057 ], [ -58.997119140624989, 55.149462890625045 ], [ -58.780175781250023, 54.838378906250114 ], [ -58.398144531250011, 54.774121093750011 ], [ -57.962451171874989, 54.875732421875057 ], [ -57.826855468749955, 54.71865234375008 ], [ -57.404492187500011, 54.590869140624932 ], [ -57.699267578124989, 54.386572265625091 ], [ -58.1513671875, 54.350439453124977 ], [ -58.435205078125023, 54.228125 ], [ -58.633203125000023, 54.049560546875 ], [ -58.920214843749989, 54.033105468750023 ], [ -59.496533203124955, 53.834179687500011 ], [ -59.823046874999932, 53.834423828125011 ], [ -60.056542968750023, 53.733349609375068 ], [ -60.144921874999966, 53.596142578125011 ], [ -60.395410156250023, 53.653320312500114 ], [ -60.100292968749955, 53.486962890625136 ], [ -60.290283203125, 53.391455078125034 ], [ -60.251171874999955, 53.343554687500045 ], [ -60.329492187500023, 53.266113281250057 ], [ -58.652050781249955, 53.977880859374977 ], [ -57.928271484374932, 54.103564453124989 ], [ -58.31748046874992, 54.114453125000068 ], [ -58.309960937499966, 54.201660156250057 ], [ -57.416064453124932, 54.162744140625136 ], [ -57.134960937499955, 53.791845703125091 ], [ -57.524072265625023, 53.611425781250091 ], [ -57.331738281250011, 53.469091796875034 ], [ -56.840869140624989, 53.739453125000068 ], [ -56.524316406250023, 53.766455078125034 ], [ -55.966113281249989, 53.471142578125125 ], [ -55.797949218749977, 53.211962890625045 ], [ -55.892333984374943, 53.000439453125125 ], [ -55.80283203124992, 52.643164062499977 ], [ -56.324902343749955, 52.544531249999977 ], [ -55.746484374999966, 52.474560546875125 ], [ -55.705957031249966, 52.428271484375102 ], [ -55.777148437499932, 52.3642578125 ], [ -56.01171875, 52.394482421875125 ], [ -55.672802734375011, 52.190136718750068 ], [ -56.017480468750023, 51.929296875000034 ], [ -56.975976562500023, 51.45766601562508 ], [ -57.461669921875, 51.469091796875091 ], [ -58.089404296874989, 51.310986328125011 ], [ -58.510351562499977, 51.295068359375136 ], [ -59.165380859374977, 50.779882812499977 ], [ -60.08017578124992, 50.254589843750125 ], [ -60.807226562499977, 50.249804687499989 ], [ -61.724853515625, 50.104052734374989 ], [ -61.91953124999992, 50.232861328125125 ], [ -62.715429687499977, 50.30166015625008 ], [ -63.23862304687492, 50.242578125000136 ], [ -65.268603515624932, 50.320019531250125 ], [ -66.495507812499966, 50.211865234375125 ], [ -66.941162109375, 49.993701171875045 ], [ -67.372021484375011, 49.348437500000045 ], [ -68.281933593750011, 49.197167968750136 ], [ -68.220605468750023, 49.149658203125057 ], [ -68.929052734374977, 48.828955078125091 ], [ -69.374951171875011, 48.386425781250011 ], [ -69.673876953124989, 48.199169921875068 ], [ -71.018261718749955, 48.455615234375045 ], [ -69.775, 48.098095703125068 ], [ -69.994433593749932, 47.73989257812508 ], [ -70.448046874999989, 47.423437500000091 ], [ -70.705859374999989, 47.139794921875023 ], [ -71.267773437500011, 46.795947265624989 ], [ -72.204638671874989, 46.558886718749989 ], [ -72.680126953124955, 46.287304687500125 ], [ -72.981005859374989, 46.209716796875114 ], [ -73.476611328124932, 45.738232421874955 ], [ -73.711865234375011, 45.711181640624943 ], [ -74.037841796875, 45.501855468750136 ], [ -74.315087890624966, 45.531054687500045 ], [ -73.99960937499992, 45.433349609375057 ], [ -73.973828125000011, 45.345117187500023 ], [ -75.401269531250023, 44.772265624999989 ], [ -76.464599609375, 44.0576171875 ], [ -76.819970703125023, 43.62880859375008 ], [ -78.845556640624991, 43.583349609374999 ], [ -79.171875, 43.466552734375114 ], [ -79.026171874999989, 43.017333984375 ], [ -78.915087890624989, 42.909130859375011 ], [ -79.03671875, 42.80234375 ], [ -80.24755859375, 42.366015625 ], [ -81.277636718749989, 42.209179687499997 ], [ -82.4390625, 41.674853515624996 ], [ -82.690039062499991, 41.675195312499994 ], [ -83.029980468749997, 41.832958984374997 ], [ -83.141943359374991, 41.975878906249996 ], [ -83.149658203125, 42.141943359374999 ], [ -83.073144531249994, 42.30029296875 ], [ -82.5453125, 42.624707031249997 ], [ -82.408203125, 43.07265625 ], [ -82.137841796875023, 43.570898437500034 ], [ -82.551074218749989, 45.347363281249997 ], [ -83.592675781250023, 45.817138671875057 ], [ -83.469482421875, 45.994677734374989 ], [ -83.615966796875, 46.116845703125023 ], [ -83.977783203125, 46.084912109374997 ], [ -84.08837890625, 46.226513671874997 ], [ -84.149462890624989, 46.542773437499996 ], [ -84.561767578125, 46.457373046874999 ], [ -84.779394531249991, 46.637304687499999 ], [ -84.8759765625, 46.89990234375 ], [ -88.378173828125, 48.303076171875091 ], [ -89.455664062499991, 47.996240234374994 ], [ -89.901025390625023, 47.995458984375091 ], [ -90.091796875, 48.118115234375068 ], [ -90.744384765625, 48.104589843749999 ], [ -90.916064453124989, 48.209130859374994 ], [ -91.518310546875, 48.058300781250125 ], [ -92.005175781249989, 48.301855468749999 ], [ -92.414599609374989, 48.276611328125 ], [ -92.500585937499991, 48.435351562499996 ], [ -92.996240234374994, 48.61181640625 ], [ -93.377880859375011, 48.616552734374977 ], [ -93.707714843749997, 48.525439453124996 ], [ -94.620898437499989, 48.742626953124997 ], [ -94.803466796875, 49.0029296875 ], [ -94.854345703124991, 49.304589843749994 ], [ -95.1552734375, 49.369677734375102 ], [ -95.162060546874997, 48.991748046874996 ], [ -122.788769531249997, 48.993017578124999 ], [ -122.92416992187492, 49.074658203125068 ], [ -123.077294921874994, 48.980224609375 ], [ -123.079541015624955, 49.130615234375114 ], [ -123.181884765624943, 49.129492187500034 ], [ -123.229443359374955, 49.260498046875057 ], [ -122.947656250000023, 49.293261718749989 ], [ -122.879101562500011, 49.398925781250057 ], [ -123.015527343749966, 49.322167968750023 ], [ -123.276757812500023, 49.343945312500011 ], [ -123.1875, 49.680322265624966 ], [ -123.325, 49.577685546875045 ], [ -123.335644531250011, 49.459179687500068 ], [ -123.530566406249932, 49.397314453125091 ], [ -124.028613281249989, 49.602880859375034 ], [ -123.992626953125011, 49.736181640624977 ], [ -123.817187499999989, 49.58657226562508 ], [ -123.582470703125011, 49.68125 ], [ -123.7626953125, 49.658496093749989 ], [ -123.874414062500023, 49.736816406250114 ], [ -123.904248046874955, 49.981152343750011 ], [ -123.78466796875, 50.087988281250091 ], [ -123.825439453124943, 50.144238281250011 ], [ -123.945898437499977, 50.183935546875091 ], [ -123.86572265625, 50.072070312500045 ], [ -123.984912109374932, 49.875585937499977 ], [ -124.28125, 49.772119140625023 ], [ -124.483251953124977, 49.808203125000091 ], [ -124.782373046874966, 50.02011718749992 ], [ -125.056689453124989, 50.418652343750125 ], [ -124.862646484374977, 50.637304687500091 ], [ -124.859863281249943, 50.872412109375034 ], [ -125.058789062499955, 50.513867187500011 ], [ -125.476318359374943, 50.497167968749977 ], [ -125.539355468749989, 50.649023437499977 ], [ -125.641308593749955, 50.466210937500023 ], [ -126.094335937499977, 50.497607421875045 ], [ -126.447460937500011, 50.58774414062492 ], [ -125.904101562499989, 50.704931640625034 ], [ -126.514355468750011, 50.679394531250125 ], [ -126.374609374999977, 50.837353515625011 ], [ -126.521777343749932, 50.866064453124977 ], [ -126.517333984375, 51.056835937500125 ], [ -126.631787109374955, 50.915136718750034 ], [ -127.057568359375011, 50.867529296875091 ], [ -127.708105468749977, 51.151171874999989 ], [ -127.689160156250011, 51.343457031250068 ], [ -127.419677734375, 51.608056640625136 ], [ -126.691455078124989, 51.703417968750045 ], [ -127.33872070312492, 51.707373046874977 ], [ -127.714062500000011, 51.490185546875125 ], [ -127.869140625, 51.775244140625091 ], [ -127.72763671874992, 51.993212890625102 ], [ -127.858789062500023, 51.990283203125045 ], [ -127.795361328124955, 52.191015625000091 ], [ -127.242236328124989, 52.395117187500091 ], [ -126.71396484374992, 52.060693359374966 ], [ -127.193994140625023, 52.457666015625023 ], [ -126.951318359374966, 52.721240234375102 ], [ -127.019335937499989, 52.842480468750125 ], [ -127.066210937499932, 52.652685546874977 ], [ -127.519238281250011, 52.35927734375008 ], [ -127.83432617187492, 52.250976562500057 ], [ -128.102246093749955, 51.78842773437492 ], [ -128.357617187500011, 52.158886718750125 ], [ -128.0375, 52.318164062500045 ], [ -128.051562499999932, 52.453320312500068 ], [ -127.940234374999989, 52.545166015625114 ], [ -128.271533203124989, 52.362988281250125 ], [ -128.053271484374932, 52.910693359374989 ], [ -128.365039062499932, 52.825781250000091 ], [ -128.451953124999989, 52.876611328125136 ], [ -128.524707031249989, 53.140673828125102 ], [ -129.08090820312492, 53.367285156250091 ], [ -129.171582031249955, 53.533593750000023 ], [ -129.021435546875011, 53.692138671875 ], [ -128.85458984374992, 53.704541015625068 ], [ -128.90561523437492, 53.559326171875114 ], [ -128.542138671874966, 53.420654296875114 ], [ -128.132714843750023, 53.417773437500045 ], [ -127.927832031249977, 53.274707031250045 ], [ -128.207226562499955, 53.483203125000045 ], [ -128.511767578124989, 53.476562499999943 ], [ -128.675537109374943, 53.554589843750023 ], [ -128.763671875, 53.746875 ], [ -128.532128906249966, 53.858105468750068 ], [ -128.704785156249955, 53.918603515625136 ], [ -128.959375, 53.841455078125023 ], [ -129.20810546874992, 53.6416015625 ], [ -129.257861328124932, 53.417968750000114 ], [ -129.563720703125, 53.251464843750114 ], [ -129.911865234374943, 53.551367187500091 ], [ -130.335253906249989, 53.723925781250102 ], [ -130.0859375, 53.975781250000068 ], [ -130.043310546874977, 54.133544921875057 ], [ -129.626025390624989, 54.230273437500045 ], [ -130.084228515625, 54.181396484375 ], [ -130.430273437499977, 54.420996093749977 ], [ -130.350488281249966, 54.655322265625102 ], [ -129.560644531249977, 55.46254882812508 ], [ -129.701318359375023, 55.438574218749977 ], [ -129.795166015625, 55.559570312500114 ], [ -129.83774414062492, 55.319091796875 ], [ -130.048486328124966, 55.057275390625136 ], [ -130.091796875, 55.107763671875091 ], [ -129.985156249999932, 55.358837890625068 ], [ -130.094677734374955, 55.694775390625125 ], [ -130.025097656250011, 55.888232421875102 ] ] ], [ [ [ -110.4078125, 78.756640625 ], [ -109.46728515625, 78.5671875 ], [ -109.362207031249994, 78.492871093749997 ], [ -109.352099609375003, 78.36865234375 ], [ -110.418359375, 78.294970703125003 ], [ -111.169189453125, 78.386279296875003 ], [ -111.517480468749994, 78.274707031250003 ], [ -112.13125, 78.366064453125006 ], [ -113.172509765624994, 78.283789062500006 ], [ -113.292578125, 78.334375 ], [ -112.855859375, 78.466845703125003 ], [ -110.877587890624994, 78.735058593749997 ], [ -110.4078125, 78.756640625 ] ] ], [ [ [ -110.458056640625003, 78.103222656249997 ], [ -109.619042968749994, 78.056835937499997 ], [ -109.771777343750003, 77.957421875 ], [ -110.865625, 77.834130859374994 ], [ -110.152734375, 77.762939453125 ], [ -110.116894531249997, 77.624707031249997 ], [ -110.198486328125, 77.524511718750006 ], [ -111.951953125, 77.344189453124997 ], [ -113.164355468750003, 77.5302734375 ], [ -113.208544921875003, 77.580175781250006 ], [ -113.120654296875003, 77.632617187500003 ], [ -113.283447265625, 77.813037109375003 ], [ -113.187060546875003, 77.912353515625 ], [ -112.304589843749994, 78.006787109374997 ], [ -110.458056640625003, 78.103222656249997 ] ] ], [ [ [ -116.511328125, 77.547607421875 ], [ -115.47021484375, 77.308642578125003 ], [ -116.329199218750006, 77.137060546875006 ], [ -115.81005859375, 76.939111328124994 ], [ -116.252734374999989, 76.901416015625003 ], [ -115.9462890625, 76.711279296875006 ], [ -116.220458984375, 76.611083984375 ], [ -116.99921875, 76.531591796875006 ], [ -117.044482421874989, 76.373095703125003 ], [ -117.23359375, 76.281542968750003 ], [ -117.492382812499997, 76.272705078125 ], [ -117.992968749999989, 76.405810546875003 ], [ -117.965429687500006, 76.574023437500003 ], [ -117.78046875, 76.784277343750006 ], [ -117.880810546874997, 76.805078125 ], [ -118.300585937499989, 76.736669921875006 ], [ -118.468164062499994, 76.54736328125 ], [ -118.79140625, 76.512988281250003 ], [ -118.62451171875, 76.365869140624994 ], [ -118.993945312499989, 76.144873046875006 ], [ -119.168212890625, 76.126513671875003 ], [ -119.580371093749989, 76.326513671875006 ], [ -119.6396484375, 76.156689453124997 ], [ -119.739648437499994, 76.117724609375003 ], [ -119.526123046875, 75.997216796874994 ], [ -119.912890624999989, 75.858837890624997 ], [ -120.408886718749997, 75.825634765624997 ], [ -120.848388671875, 76.182666015625003 ], [ -121.019287109375, 76.020263671875 ], [ -121.213476562500006, 75.983691406250003 ], [ -121.908203125, 76.034765625 ], [ -122.400488281250006, 75.944238281249994 ], [ -122.640478515625006, 76.009082031250003 ], [ -122.546240234375006, 76.080517578124997 ], [ -122.592724609374997, 76.162060546874997 ], [ -122.902783203124997, 76.134716796874997 ], [ -122.423046875, 76.390087890624997 ], [ -121.561132812500006, 76.453466796875006 ], [ -119.090185546875006, 77.305078125 ], [ -118.005175781249989, 77.381201171875006 ], [ -116.843554687499989, 77.339550781249997 ], [ -116.70361328125, 77.379931640625003 ], [ -117.039746093749997, 77.465136718750003 ], [ -116.511328125, 77.547607421875 ] ] ], [ [ [ -108.406152343749994, 76.085058593750006 ], [ -107.723486328124991, 75.995410156250003 ], [ -108.020703125, 75.804785156250006 ], [ -107.216210937499994, 75.891552734374997 ], [ -107.050390625, 75.845410156249997 ], [ -106.913525390624997, 75.679638671874997 ], [ -106.891699218749991, 75.782421875 ], [ -106.693115234375, 75.809960937499994 ], [ -106.862060546875, 75.930078125 ], [ -106.677001953125, 76.023730468750003 ], [ -105.904833984375003, 76.008984375 ], [ -105.604443359374997, 75.929931640625 ], [ -105.4814453125, 75.702246093750006 ], [ -105.862597656250003, 75.191552734374994 ], [ -106.092626953124991, 75.089453125 ], [ -107.153417968749991, 74.927148437499994 ], [ -107.820068359375, 75.000048828125003 ], [ -108.474755859374994, 74.947216796874997 ], [ -108.831298828125, 75.064892578124997 ], [ -109.503125, 74.882763671874997 ], [ -110.38671875, 74.81396484375 ], [ -110.940869140624997, 74.638720703125003 ], [ -112.519335937500003, 74.416845703125006 ], [ -113.5140625, 74.430078125 ], [ -114.376953125, 74.670849609374997 ], [ -112.835986328125003, 74.9755859375 ], [ -111.67109375, 75.019433593749994 ], [ -111.033496093750003, 75.226757812499997 ], [ -112.214160156250003, 75.132910156250006 ], [ -112.597070312499994, 75.211669921875 ], [ -112.951367187499997, 75.1078125 ], [ -113.711767578124991, 75.068603515625 ], [ -113.844970703125, 75.112207031249994 ], [ -113.853320312500003, 75.259375 ], [ -113.467089843750003, 75.416113281250006 ], [ -113.878515625, 75.375439453124997 ], [ -114.016503906249994, 75.434277343749997 ], [ -114.16845703125, 75.239501953125 ], [ -114.513818359374994, 75.275488281250006 ], [ -114.357763671874991, 75.171289062499994 ], [ -114.451757812499991, 75.087890625 ], [ -115.020117187499991, 74.976171875 ], [ -115.413183593749991, 75.114990234375 ], [ -115.728857421874991, 74.968115234375006 ], [ -116.47607421875, 75.171777343749994 ], [ -117.004833984374997, 75.156103515625006 ], [ -117.60009765625, 75.271679687499997 ], [ -117.257617187499989, 75.459521484375003 ], [ -116.0771484375, 75.49296875 ], [ -115.141845703125, 75.678515625 ], [ -116.425634765625006, 75.585351562499994 ], [ -117.163623046874989, 75.644873046875006 ], [ -116.802148437499994, 75.771582031250006 ], [ -114.991503906250003, 75.896337890625006 ], [ -116.337890625, 75.881054687499997 ], [ -116.66455078125, 75.957568359375003 ], [ -116.549658203125006, 76.016845703125 ], [ -116.59130859375, 76.095800781250006 ], [ -116.209863281249994, 76.194433593750006 ], [ -114.778613281250003, 76.172607421875 ], [ -115.831738281249997, 76.295800781249994 ], [ -115.580664062499991, 76.4375 ], [ -114.998486328124997, 76.497460937499994 ], [ -114.193945312499991, 76.451464843750003 ], [ -114.058837890625, 76.300732421874997 ], [ -113.823486328125, 76.206835937500003 ], [ -113.171289062499994, 76.257763671874997 ], [ -112.697607421874991, 76.201708984375003 ], [ -111.865234375, 75.939306640625006 ], [ -112.056689453125003, 75.834228515625 ], [ -111.549121093750003, 75.822119140625006 ], [ -111.275683593750003, 75.6125 ], [ -111.052685546874997, 75.548535156249997 ], [ -109.086376953124997, 75.506494140624994 ], [ -108.91259765625, 75.586962890625003 ], [ -108.944775390624997, 75.698974609375 ], [ -109.870507812499994, 75.929052734375006 ], [ -109.454638671875003, 76.021240234375 ], [ -109.430371093749997, 76.109130859375 ], [ -110.20078125, 76.289453125 ], [ -110.309472656249994, 76.397412109374997 ], [ -109.338525390624994, 76.759960937499997 ], [ -108.831640625, 76.821142578125006 ], [ -108.466992187499997, 76.737597656250003 ], [ -108.627636718749997, 76.58671875 ], [ -108.5125, 76.438916015624997 ], [ -108.193554687499997, 76.330078125 ], [ -108.123193359374994, 76.233447265625003 ], [ -108.406152343749994, 76.085058593750006 ] ] ], [ [ [ -114.521533203125003, 72.592919921874994 ], [ -113.578076171874997, 72.652099609375 ], [ -113.449853515624994, 72.863232421874997 ], [ -113.073535156250003, 72.995263671874994 ], [ -112.048095703125, 72.888037109375006 ], [ -111.269726562499997, 72.713720703125006 ], [ -111.355517578125003, 72.572119140625006 ], [ -111.895166015624994, 72.356103515624994 ], [ -111.675097656250003, 72.300146484375006 ], [ -111.311181640624994, 72.454833984375 ], [ -111.26806640625, 72.363867187500006 ], [ -111.139892578125, 72.365332031250006 ], [ -110.781542968750003, 72.533886718749997 ], [ -110.205126953125003, 72.661279296874994 ], [ -110.197167968749994, 72.758886718750006 ], [ -110.553613281249994, 72.861425781250006 ], [ -110.689404296874997, 72.94453125 ], [ -110.660839843749997, 73.008203125 ], [ -110.008447265624994, 72.983642578125 ], [ -108.754980468749991, 72.551074218750003 ], [ -108.188232421875, 71.723779296874994 ], [ -107.812841796874991, 71.626171875 ], [ -107.306005859374991, 71.894677734374994 ], [ -107.695849609375003, 72.149316406249994 ], [ -108.237402343749991, 73.14990234375 ], [ -107.936181640624994, 73.217138671875006 ], [ -108.077490234374991, 73.281396484374994 ], [ -108.029052734375, 73.348730468750006 ], [ -107.113476562499997, 73.192138671875 ], [ -106.95078125, 73.276025390624994 ], [ -106.482128906249997, 73.196191406249994 ], [ -105.812695312499997, 73.010644531249994 ], [ -105.415136718749991, 72.788330078125 ], [ -105.234082031249997, 72.415087890625003 ], [ -104.878320312499994, 71.97998046875 ], [ -104.3859375, 71.576953125 ], [ -104.355810546874991, 71.382080078125 ], [ -104.563085937499991, 71.132421875 ], [ -104.514794921874994, 71.064257812500003 ], [ -103.584570312499991, 70.630859375 ], [ -103.077197265624989, 70.508837890625003 ], [ -103.001220703125, 70.540966796874997 ], [ -103.049560546875, 70.655078125 ], [ -101.98984375, 70.285058593749994 ], [ -101.676318359374989, 70.278271484374997 ], [ -101.562402343749994, 70.135009765625 ], [ -101.090771484374997, 70.135693359374997 ], [ -100.905712890624997, 69.81171875 ], [ -101.043701171875, 69.668701171875 ], [ -101.337255859374991, 69.710253906250003 ], [ -101.483837890624997, 69.850195312500006 ], [ -101.64765625, 69.698535156250003 ], [ -102.234326171874997, 69.842236328124997 ], [ -102.595898437499997, 69.717919921874994 ], [ -102.534863281249997, 69.620800781249997 ], [ -102.62109375, 69.551513671875 ], [ -103.434765625, 69.667675781249997 ], [ -103.048925781249991, 69.471777343750006 ], [ -103.120214843749991, 69.20458984375 ], [ -102.44677734375, 69.476318359375 ], [ -102.151416015624989, 69.487695312499994 ], [ -101.978222656249997, 69.425097656250003 ], [ -102.04609375, 69.257666015625006 ], [ -101.789257812499997, 69.181640625 ], [ -101.857128906249997, 69.023974609375003 ], [ -102.895068359374989, 68.823632812499994 ], [ -105.105859375, 68.92041015625 ], [ -105.169287109374991, 68.955371093750003 ], [ -105.019580078125003, 69.08125 ], [ -106.140869140625, 69.162011718749994 ], [ -106.341162109374991, 69.224365234375 ], [ -106.419970703125003, 69.413769531249997 ], [ -106.659082031249994, 69.439599609374994 ], [ -107.439892578124997, 69.002148437499997 ], [ -108.364990234375, 68.934765625 ], [ -109.472119140624997, 68.676708984374997 ], [ -113.01953125, 68.481347656249994 ], [ -113.231396484374997, 68.535400390625 ], [ -113.554833984374994, 68.767578125 ], [ -113.694140625, 69.195019531249997 ], [ -115.618115234374997, 69.282958984375 ], [ -116.513476562499989, 69.424609375 ], [ -117.10400390625, 69.804248046875003 ], [ -117.195410156250006, 70.054052734375006 ], [ -116.553808593750006, 70.175048828125 ], [ -114.592333984375003, 70.312451171874997 ], [ -112.637890625, 70.225244140624994 ], [ -111.632568359375, 70.308837890625 ], [ -112.114160156249994, 70.446875 ], [ -113.757275390624997, 70.690722656250003 ], [ -115.990917968749997, 70.586279296875006 ], [ -117.587060546874994, 70.629541015624994 ], [ -118.376513671874989, 70.967724609374997 ], [ -117.8140625, 71.158447265625 ], [ -115.891650390625003, 71.381787109374997 ], [ -116.0453125, 71.423095703125 ], [ -115.980273437500003, 71.469287109375003 ], [ -115.303417968749997, 71.493701171875003 ], [ -115.586669921875, 71.54638671875 ], [ -117.935644531250006, 71.39208984375 ], [ -118.226464843749994, 71.467089843750003 ], [ -117.742333984374994, 71.659326171874994 ], [ -118.5830078125, 71.649023437500006 ], [ -118.987695312499994, 71.764257812500006 ], [ -118.944628906249989, 71.985546875 ], [ -118.213476562500006, 72.262890625 ], [ -118.481298828125006, 72.427685546874997 ], [ -118.37451171875, 72.533886718749997 ], [ -117.551708984374997, 72.831103515625003 ], [ -116.5732421875, 73.054931640625 ], [ -114.638232421875003, 73.37265625 ], [ -114.206396484374991, 73.297802734374997 ], [ -114.051708984374997, 73.070996093749997 ], [ -114.074755859375003, 72.906835937500006 ], [ -114.521533203125003, 72.592919921874994 ] ] ], [ [ [ -119.736328125, 74.112646484375006 ], [ -119.205957031249994, 74.197998046875 ], [ -119.117968749999989, 74.015527343749994 ], [ -118.543994140624989, 74.24462890625 ], [ -117.51484375, 74.231738281250003 ], [ -115.634326171875003, 73.66552734375 ], [ -115.392822265625, 73.501953125 ], [ -115.524462890625003, 73.416748046875 ], [ -118.961572265624994, 72.684130859375003 ], [ -119.512841796874994, 72.302685546874997 ], [ -120.179882812499997, 72.212646484375 ], [ -120.443164062499989, 71.630810546874997 ], [ -120.619335937499997, 71.505761718749994 ], [ -121.47216796875, 71.389013671875006 ], [ -121.749365234375006, 71.444775390624997 ], [ -122.839941406250006, 71.097460937500003 ], [ -123.314746093749989, 71.169189453125 ], [ -124.007763671874997, 71.677441406249997 ], [ -125.296679687499989, 71.973046875 ], [ -125.8453125, 71.978662109374994 ], [ -125.762597656249994, 72.1375 ], [ -125.583789062499989, 72.183056640624997 ], [ -125.627294921875006, 72.254833984374997 ], [ -124.987109374999989, 72.587988281250006 ], [ -124.969677734374997, 72.843310546875003 ], [ -124.56494140625, 72.944140625 ], [ -124.817089843749997, 73.058789062499997 ], [ -124.804052734375006, 73.125683593749997 ], [ -123.797265625, 73.768164062500006 ], [ -124.191503906250006, 73.902001953124994 ], [ -124.696240234374997, 74.348193359375003 ], [ -121.504150390625, 74.545117187499997 ], [ -119.562646484374994, 74.2328125 ], [ -119.736328125, 74.112646484375006 ] ] ], [ [ [ -69.488867187499991, 83.016796875 ], [ -66.422558593749997, 82.926855468750006 ], [ -66.836328125, 82.817919921875003 ], [ -68.469335937499991, 82.653369140625003 ], [ -67.397070312499991, 82.668115234374994 ], [ -65.727441406249994, 82.842431640624994 ], [ -65.299023437499997, 82.799609375 ], [ -64.904882812499991, 82.900830078124997 ], [ -64.504003906249991, 82.778417968750006 ], [ -63.498730468749997, 82.792578125 ], [ -63.642529296874997, 82.712988281250006 ], [ -63.085351562499994, 82.565234375 ], [ -63.246777343749997, 82.4501953125 ], [ -62.475195312499991, 82.519580078125003 ], [ -61.697167968749994, 82.488623046875006 ], [ -61.207226562499997, 82.341064453125 ], [ -62.176708984374997, 82.043408203124997 ], [ -64.435791015625, 81.742626953124997 ], [ -66.625732421875, 81.61640625 ], [ -66.9140625, 81.485107421875 ], [ -68.688525390624989, 81.293310546875006 ], [ -68.542578125, 81.247998046874997 ], [ -65.735693359374991, 81.494238281250006 ], [ -64.780078124999989, 81.492871093749997 ], [ -65.483984375, 81.284765625 ], [ -68.63046875, 80.6787109375 ], [ -69.550683593749994, 80.383251953124997 ], [ -70.143505859374997, 80.39765625 ], [ -70.712597656249997, 80.539599609375003 ], [ -70.212792968749994, 80.277734375 ], [ -70.264892578125, 80.23359375 ], [ -72.055957031249989, 80.123242187499997 ], [ -70.55908203125, 80.070996093749997 ], [ -71.355810546874991, 79.911279296874994 ], [ -71.110156249999989, 79.847802734374994 ], [ -71.387841796874994, 79.761767578125003 ], [ -72.4365234375, 79.694384765625003 ], [ -74.394482421874997, 79.874072265625003 ], [ -74.660205078124989, 79.83515625 ], [ -73.472460937499989, 79.756445312500006 ], [ -73.201123046874997, 79.596582031249994 ], [ -73.466064453125, 79.495166015625003 ], [ -75.50341796875, 79.414160156250006 ], [ -76.898828125, 79.512304687500006 ], [ -75.602734375, 79.239550781250003 ], [ -74.481201171875, 79.2294921875 ], [ -74.532324218749991, 79.052734375 ], [ -75.233154296875, 79.035546875 ], [ -75.911816406249997, 79.117773437500006 ], [ -78.581640625, 79.075 ], [ -77.882763671874997, 78.9423828125 ], [ -76.255859375, 79.0068359375 ], [ -74.43310546875, 78.72412109375 ], [ -74.546582031249997, 78.6203125 ], [ -74.878613281249997, 78.544824218749994 ], [ -76.416113281249991, 78.511523437500003 ], [ -75.193457031249991, 78.327734375 ], [ -75.969628906249994, 77.993115234374997 ], [ -78.012597656249994, 77.946044921875 ], [ -78.084130859374994, 77.84609375 ], [ -78.076171875, 77.51904296875 ], [ -78.493212890624989, 77.369384765625 ], [ -80.573046874999989, 77.314794921875006 ], [ -81.659082031249994, 77.525439453125003 ], [ -81.277734375, 77.365185546874997 ], [ -82.056787109374994, 77.296533203124994 ], [ -81.75634765625, 77.204003906249994 ], [ -81.1171875, 77.269628906250006 ], [ -80.218701171874997, 77.146582031250006 ], [ -79.497265625, 77.19609375 ], [ -79.340869140624989, 77.158398437499997 ], [ -79.281103515624991, 77.08515625 ], [ -79.318945312499991, 76.980371093749994 ], [ -79.220751953124989, 76.93603515625 ], [ -78.791796874999989, 76.88359375 ], [ -78.288867187499989, 76.977978515624997 ], [ -77.998730468749997, 76.851953125 ], [ -77.983300781249994, 76.754980468750006 ], [ -78.284326171874994, 76.571240234374997 ], [ -79.511035156249989, 76.310498046874997 ], [ -80.799707031249994, 76.173583984375 ], [ -80.996679687499991, 76.214990234374994 ], [ -80.834814453124991, 76.369140625 ], [ -80.974511718749994, 76.470068359375006 ], [ -81.717382812499991, 76.494970703125006 ], [ -82.529833984374989, 76.723291015624994 ], [ -82.261962890625, 76.57470703125 ], [ -82.233154296875, 76.4658203125 ], [ -83.885693359374997, 76.453125 ], [ -84.223779296874994, 76.675341796875003 ], [ -84.275341796874997, 76.356542968750006 ], [ -85.343603515624991, 76.313378906249994 ], [ -86.115820312499991, 76.434912109375006 ], [ -86.453710937499991, 76.584863281249994 ], [ -86.680224609374989, 76.376611328124994 ], [ -87.354199218749997, 76.448046875 ], [ -87.489794921874989, 76.585839843749994 ], [ -87.49755859375, 76.386279296875003 ], [ -88.39599609375, 76.4052734375 ], [ -88.495849609375, 76.772851562499994 ], [ -88.614111328124991, 76.65087890625 ], [ -88.545800781249994, 76.4208984375 ], [ -89.570068359375, 76.491943359375 ], [ -89.499755859375, 76.826806640624994 ], [ -88.556201171874989, 77.072216796874997 ], [ -86.812255859375, 77.184912109375006 ], [ -87.681445312499989, 77.436376953125006 ], [ -88.094677734374997, 77.719189453124997 ], [ -88.016992187499994, 77.784716796875003 ], [ -87.236035156249997, 77.891796875 ], [ -86.755078125, 77.863720703124997 ], [ -86.172998046874994, 77.746142578125003 ], [ -85.588476562499991, 77.461132812499997 ], [ -84.487011718749997, 77.36796875 ], [ -83.608056640624994, 77.442236328125006 ], [ -82.902734375, 77.732714843750003 ], [ -82.5953125, 77.992138671874997 ], [ -83.779394531249991, 77.532617187499994 ], [ -84.48583984375, 77.561962890624997 ], [ -84.860546875, 77.49951171875 ], [ -85.289355468749989, 77.559033203124997 ], [ -85.292041015624989, 77.763867187499997 ], [ -85.547558593749997, 77.927685546874997 ], [ -84.615429687499997, 78.195703125 ], [ -84.222705078124989, 78.176025390625 ], [ -84.910351562499997, 78.239697265624997 ], [ -84.783203125, 78.527587890625 ], [ -85.024316406249994, 78.312402343749994 ], [ -85.5859375, 78.109570312499997 ], [ -86.2177734375, 78.081201171874994 ], [ -85.920068359374994, 78.342871093750006 ], [ -86.913232421874994, 78.126806640625006 ], [ -87.5517578125, 78.176611328125006 ], [ -87.491308593749991, 78.4171875 ], [ -86.807910156249989, 78.774365234374997 ], [ -85.003759765624991, 78.912255859374994 ], [ -83.271435546874997, 78.7703125 ], [ -82.989794921874989, 78.844140625 ], [ -82.151074218749997, 78.864111328125006 ], [ -81.750097656249991, 78.97578125 ], [ -82.438769531249989, 78.903662109375006 ], [ -84.412011718749994, 78.99658203125 ], [ -84.567773437499994, 79.0712890625 ], [ -84.256640624999989, 79.122167968750006 ], [ -83.575878906249997, 79.053662109374997 ], [ -85.268505859374997, 79.664111328125003 ], [ -86.031494140625, 79.721923828125 ], [ -86.420751953124991, 79.84521484375 ], [ -86.614501953125, 80.12353515625 ], [ -86.49853515625, 80.258251953124997 ], [ -86.307177734374989, 80.3193359375 ], [ -83.7236328125, 80.228955078124997 ], [ -81.688378906249994, 79.685791015625 ], [ -80.475927734374991, 79.60625 ], [ -80.124462890624997, 79.669482421875003 ], [ -81.01015625, 79.693115234375 ], [ -82.987011718749997, 80.322607421875006 ], [ -80.979638671874994, 80.445263671874997 ], [ -78.386181640624997, 80.784375 ], [ -76.862988281249997, 80.864794921875003 ], [ -78.716210937499994, 80.95166015625 ], [ -78.286816406249997, 81.167626953124994 ], [ -76.885107421874991, 81.430273437500006 ], [ -79.198339843749991, 81.117578125 ], [ -79.761328125, 80.841943359374994 ], [ -81.00703125, 80.654882812500006 ], [ -82.884326171874989, 80.577539062499994 ], [ -82.222363281249997, 80.772314453125006 ], [ -83.401416015624989, 80.713964843750006 ], [ -84.219775390624989, 80.537792968749997 ], [ -85.145849609374991, 80.521142578124994 ], [ -86.615429687499997, 80.630029296874994 ], [ -86.252099609374994, 80.78955078125 ], [ -85.246289062499997, 80.987890625 ], [ -83.288818359375, 81.14794921875 ], [ -85.780859375, 81.035058593749994 ], [ -87.329882812499989, 80.669775390625006 ], [ -87.711669921875, 80.65625 ], [ -88.921435546874989, 80.805615234374997 ], [ -89.26328125, 80.914306640625 ], [ -86.476757812499997, 81.035742187500006 ], [ -84.941210937499989, 81.286230468750006 ], [ -87.275097656249997, 81.080810546875 ], [ -89.623046875, 81.032470703125 ], [ -89.98095703125, 81.124707031249997 ], [ -89.208691406249997, 81.250097656250006 ], [ -89.673681640624991, 81.32861328125 ], [ -89.427001953125, 81.387451171875 ], [ -88.621923828124991, 81.501416015624997 ], [ -87.597021484374991, 81.525830078124997 ], [ -88.479052734374989, 81.564648437499997 ], [ -90.303515624999989, 81.401123046875 ], [ -90.609033203124994, 81.429541015625006 ], [ -89.821679687499994, 81.634863281250006 ], [ -90.626318359374991, 81.656005859375 ], [ -91.292382812499994, 81.571240234374997 ], [ -91.68408203125, 81.635693359374997 ], [ -90.941943359374989, 81.827441406250003 ], [ -89.381005859374994, 81.916748046875 ], [ -88.063183593749997, 82.096484375 ], [ -87.018212890624994, 81.958740234375 ], [ -86.626806640624991, 82.051025390625 ], [ -85.645654296874994, 81.953271484374994 ], [ -85.044824218749994, 81.9828125 ], [ -86.615625, 82.218554687500003 ], [ -84.896826171874991, 82.449414062499997 ], [ -83.590673828124991, 82.326464843750003 ], [ -82.633691406249994, 82.077294921874994 ], [ -82.327441406249989, 82.092480468749997 ], [ -82.747460937499994, 82.196435546874994 ], [ -82.536914062499989, 82.247265625 ], [ -79.424853515624989, 81.854443359374997 ], [ -82.447558593749989, 82.39501953125 ], [ -81.68115234375, 82.518652343750006 ], [ -82.116845703124994, 82.628662109375 ], [ -80.809667968749991, 82.586376953124997 ], [ -81.178076171874991, 82.744677734375003 ], [ -81.01015625, 82.779052734375 ], [ -78.748779296875, 82.679394531249997 ], [ -80.154931640624994, 82.9111328125 ], [ -79.886328125, 82.938525390625003 ], [ -77.479589843749991, 82.883154296875006 ], [ -76.009375, 82.53515625 ], [ -75.565625, 82.608544921874994 ], [ -77.124902343749994, 83.008544921875 ], [ -74.414160156249991, 83.013134765624997 ], [ -73.272021484374989, 82.771582031250006 ], [ -72.65869140625, 82.721630859374997 ], [ -73.440722656249989, 82.945849609375003 ], [ -72.811669921874994, 83.081201171874994 ], [ -72.069238281249994, 83.106054687500006 ], [ -70.940380859374997, 82.902246093749994 ], [ -71.423535156249997, 83.021142578124994 ], [ -69.969921875, 83.116113281249994 ], [ -69.488867187499991, 83.016796875 ] ] ], [ [ [ -95.484375, 77.7919921875 ], [ -93.582861328124991, 77.770751953125 ], [ -93.128710937499989, 77.66015625 ], [ -93.339160156249989, 77.6296875 ], [ -93.5439453125, 77.466650390625006 ], [ -93.836181640625, 77.452246093750006 ], [ -95.987060546875, 77.484130859375 ], [ -96.276611328125, 77.630566406249997 ], [ -96.14296875, 77.71435546875 ], [ -95.484375, 77.7919921875 ] ] ], [ [ [ -93.542578125, 75.027929687500006 ], [ -93.463476562499991, 74.856494140625003 ], [ -93.573095703124991, 74.668847656249994 ], [ -94.534521484374991, 74.63671875 ], [ -95.865429687499997, 74.830419921875006 ], [ -96.599609375, 75.031787109375003 ], [ -96.382861328124989, 75.211376953124997 ], [ -96.180371093749997, 75.240087890625006 ], [ -96.124902343749994, 75.358300781249994 ], [ -95.954638671874989, 75.443798828124997 ], [ -94.878173828125, 75.630029296874994 ], [ -94.42724609375, 75.593359375 ], [ -93.909082031249994, 75.422509765624994 ], [ -93.49755859375, 75.136865234374994 ], [ -93.542578125, 75.027929687500006 ] ] ], [ [ [ -100.001904296874997, 73.945898437500006 ], [ -99.157958984375, 73.731591796874994 ], [ -97.669970703124989, 73.887744140625003 ], [ -97.11171875, 73.790332031250003 ], [ -97.001708984375, 73.66650390625 ], [ -97.625878906249994, 73.502294921875006 ], [ -97.350292968749997, 73.48095703125 ], [ -97.230371093749994, 73.421289062499994 ], [ -97.272509765624989, 73.386816406250006 ], [ -97.7958984375, 73.285302734374994 ], [ -98.375585937499991, 73.044677734375 ], [ -98.430908203125, 72.958056640625003 ], [ -97.636328125, 73.027636718750003 ], [ -97.328759765624994, 72.937841796875006 ], [ -97.377685546875, 72.864941406249997 ], [ -97.0830078125, 72.762841796874994 ], [ -97.128125, 72.627587890624994 ], [ -96.542089843749991, 72.69873046875 ], [ -96.445605468749989, 72.552441406249997 ], [ -96.472851562499997, 72.434375 ], [ -96.801464843749997, 72.322412109374994 ], [ -96.592871093749991, 72.204492187499994 ], [ -96.766308593749997, 72.045947265625003 ], [ -96.624365234374991, 71.967578125 ], [ -96.613427734374994, 71.833837890625006 ], [ -97.582275390625, 71.6296875 ], [ -98.181347656249997, 71.662451171875006 ], [ -98.283886718749997, 71.715527343749997 ], [ -98.322705078124997, 71.85234375 ], [ -98.458837890624991, 71.773193359375 ], [ -98.198632812499994, 71.440869140624997 ], [ -98.662890624999989, 71.302099609375006 ], [ -99.167138671874994, 71.3671875 ], [ -99.734716796874991, 71.757226562499994 ], [ -100.594482421875, 72.15234375 ], [ -101.208544921874989, 72.316992187500006 ], [ -101.723925781249989, 72.314892578124997 ], [ -101.973681640624989, 72.486132812500003 ], [ -102.402246093749994, 72.5947265625 ], [ -102.708740234375, 72.764501953125006 ], [ -102.551074218749989, 72.978271484375 ], [ -102.204003906249994, 73.077294921874994 ], [ -101.922460937499991, 73.056982421875006 ], [ -101.273193359375, 72.7216796875 ], [ -100.484765625, 72.77294921875 ], [ -100.395703125, 72.977001953124997 ], [ -100.128125, 72.906689453124997 ], [ -100.096728515624989, 72.963134765625 ], [ -100.236181640624991, 73.095410156249997 ], [ -100.531396484374994, 73.13828125 ], [ -100.536376953125, 73.197851562500006 ], [ -100.340722656249994, 73.265185546875003 ], [ -99.825146484374997, 73.2138671875 ], [ -100.366113281249994, 73.359033203124994 ], [ -100.889355468749997, 73.275341796874997 ], [ -101.523193359375, 73.486376953125003 ], [ -100.97578125, 73.599755859374994 ], [ -100.521679687499997, 73.449316406250006 ], [ -100.607128906249997, 73.575390625 ], [ -100.898242187499989, 73.658056640625006 ], [ -100.985107421875, 73.765332031249997 ], [ -100.483642578125, 73.843505859375 ], [ -99.991113281249994, 73.795166015625 ], [ -99.911865234375, 73.847021484375006 ], [ -100.22705078125, 73.889111328124997 ], [ -100.001904296874997, 73.945898437500006 ] ] ], [ [ [ -84.919628906249997, 65.261083984375006 ], [ -84.501123046874994, 65.458447265624997 ], [ -84.084863281249994, 65.217822265625003 ], [ -83.490771484374989, 65.131787109374997 ], [ -83.200976562499989, 64.959667968749997 ], [ -82.05, 64.644287109375 ], [ -81.787207031249991, 64.425976562499997 ], [ -81.676123046874991, 64.212646484375 ], [ -81.887109375, 64.01640625 ], [ -80.828955078124991, 64.089941406250006 ], [ -80.56884765625, 63.931933593750003 ], [ -80.668261718749989, 63.901464843749999 ], [ -80.261328125, 63.801953125 ], [ -81.04638671875, 63.461572265624994 ], [ -82.378125, 63.706787109375 ], [ -82.467089843749989, 63.926953125 ], [ -83.033886718749997, 64.023242187500003 ], [ -83.065136718749997, 64.159033203125006 ], [ -83.303955078125, 64.143798828125 ], [ -83.58359375, 64.05810546875 ], [ -83.728271484375, 63.813378906249994 ], [ -84.3076171875, 63.585791015624999 ], [ -84.632910156249991, 63.309228515624994 ], [ -85.392626953124989, 63.119677734375003 ], [ -85.495507812499994, 63.139111328124997 ], [ -85.768945312499994, 63.700341796874994 ], [ -87.177148437499994, 63.595117187499994 ], [ -87.188916015624997, 63.672265625 ], [ -86.93203125, 63.901660156250003 ], [ -86.252099609374994, 64.136865234374994 ], [ -86.374267578125, 64.565820312499994 ], [ -86.074609375, 65.533837890624994 ], [ -85.81396484375, 65.831933593749994 ], [ -85.5546875, 65.918652343749997 ], [ -85.241113281249994, 65.795507812500006 ], [ -85.105371093749994, 65.622705078124994 ], [ -85.239941406249997, 65.510302734375003 ], [ -85.056054687499994, 65.437402343749994 ], [ -84.919628906249997, 65.261083984375006 ] ] ], [ [ [ -97.700927734375, 76.466503906249997 ], [ -97.73876953125, 76.335253906250003 ], [ -97.531054687499989, 76.109423828125003 ], [ -97.65, 75.979150390624994 ], [ -97.601660156249991, 75.85107421875 ], [ -97.890527343749994, 75.760351562500006 ], [ -97.407519531249989, 75.672509765624994 ], [ -97.336035156249991, 75.419824218749994 ], [ -97.6533203125, 75.507763671874997 ], [ -97.878222656249989, 75.416113281250006 ], [ -97.852734375, 75.260302734375003 ], [ -97.659912109375, 75.151171875 ], [ -97.799365234374989, 75.116650390624997 ], [ -98.06875, 75.199169921874997 ], [ -97.991796875, 75.045800781249994 ], [ -100.234375, 75.007714843749994 ], [ -100.483496093749991, 75.188427734374997 ], [ -100.145703125, 75.246142578125003 ], [ -100.731152343749997, 75.346533203125006 ], [ -100.7119140625, 75.406347656250006 ], [ -99.756005859374994, 75.633398437500006 ], [ -99.194580078125, 75.698388671874994 ], [ -102.54140625, 75.513623046874997 ], [ -102.797509765624994, 75.599658203125003 ], [ -102.144726562499997, 75.875048828125003 ], [ -101.261425781249997, 75.758203125 ], [ -100.972802734374994, 75.7984375 ], [ -101.288037109374997, 75.789111328125003 ], [ -101.505908203124989, 75.918066406250006 ], [ -101.431347656249997, 75.991992187500003 ], [ -101.872119140624989, 76.083105468750006 ], [ -101.55703125, 76.23583984375 ], [ -102.137744140624989, 76.284863281249997 ], [ -101.787548828124997, 76.451269531250006 ], [ -101.339746093749994, 76.410498046875006 ], [ -101.055810546874994, 76.245556640624997 ], [ -99.865478515625, 75.92421875 ], [ -99.688916015624997, 75.959716796875 ], [ -100.112841796874989, 76.117236328125003 ], [ -99.541064453124989, 76.146289062500003 ], [ -100.414208984374994, 76.242529296875006 ], [ -99.977734375, 76.312451171874997 ], [ -100.890771484374994, 76.475488281249994 ], [ -100.068701171874991, 76.634765625 ], [ -99.669042968749991, 76.624121093750006 ], [ -99.169628906249997, 76.453662109375003 ], [ -98.890332031249997, 76.465576171875 ], [ -99.023632812499997, 76.614550781250003 ], [ -98.710839843749994, 76.69384765625 ], [ -97.700927734375, 76.466503906249997 ] ] ], [ [ [ -103.426025390625, 79.315625 ], [ -102.914355468749989, 79.231103515624994 ], [ -102.652294921874997, 79.095019531250003 ], [ -102.730517578124989, 78.969335937500006 ], [ -102.576171875, 78.87939453125 ], [ -102.393164062499991, 79.010302734375003 ], [ -101.703662109374989, 79.07890625 ], [ -101.037158203124989, 78.939013671875003 ], [ -101.128125, 78.801660156249994 ], [ -100.435498046874997, 78.8203125 ], [ -100.014746093749991, 78.728613281250006 ], [ -99.582128906249991, 78.56328125 ], [ -99.847802734374994, 78.438232421875 ], [ -99.751367187499994, 78.302978515625 ], [ -99.131542968749997, 78.117529296875006 ], [ -98.999609375, 77.996875 ], [ -99.16640625, 77.85693359375 ], [ -99.955908203124991, 77.793798828125006 ], [ -100.586035156249991, 77.891796875 ], [ -101.074121093749994, 78.19384765625 ], [ -102.056982421874991, 78.279541015625 ], [ -102.606982421874989, 78.248925781249994 ], [ -102.772070312499991, 78.306884765625 ], [ -102.731347656249994, 78.371044921874997 ], [ -103.946582031250003, 78.260009765625 ], [ -104.512646484374997, 78.294628906249997 ], [ -104.879345703124997, 78.401269531249994 ], [ -104.995556640624997, 78.518505859374997 ], [ -104.72705078125, 78.579394531250003 ], [ -103.570507812499997, 78.53984375 ], [ -103.482568359374994, 78.593945312499997 ], [ -104.020849609374991, 78.634912109374994 ], [ -103.37158203125, 78.736328125 ], [ -104.185009765624997, 78.781298828125003 ], [ -103.875634765624994, 78.902685546875006 ], [ -104.151953125, 78.989892578124994 ], [ -104.8955078125, 78.808154296875003 ], [ -104.96953125, 78.856494140625003 ], [ -104.746777343749997, 79.027099609375 ], [ -105.53564453125, 79.032519531250003 ], [ -105.580175781249991, 79.114208984374997 ], [ -105.3876953125, 79.323583984375006 ], [ -103.426025390625, 79.315625 ] ] ], [ [ [ -91.885546874999989, 81.132861328125003 ], [ -91.2724609375, 80.85009765625 ], [ -90.682910156249989, 80.687695312499997 ], [ -90.643017578124997, 80.593701171874997 ], [ -89.235595703125, 80.510644531249994 ], [ -89.134179687499994, 80.440234375 ], [ -89.204394531249989, 80.406933593749997 ], [ -89.147265624999989, 80.3603515625 ], [ -89.198339843749991, 80.26318359375 ], [ -88.857324218749994, 80.166210937499997 ], [ -88.199902343749997, 80.111474609374994 ], [ -88.6125, 80.25537109375 ], [ -88.643652343749991, 80.386865234374994 ], [ -88.524804687499994, 80.418017578125003 ], [ -87.675, 80.372119140625003 ], [ -87.62548828125, 80.187207031249997 ], [ -87.922314453124997, 80.097705078125003 ], [ -87.202050781249994, 80.043212890625 ], [ -86.977197265624994, 79.894238281249997 ], [ -87.295166015625, 79.580175781250006 ], [ -86.336962890624989, 79.634960937499997 ], [ -86.00703125, 79.479443359374997 ], [ -85.647851562499994, 79.611425781250006 ], [ -85.042138671874994, 79.284570312499994 ], [ -86.957177734374994, 78.974902343750003 ], [ -87.617382812499997, 78.676318359375003 ], [ -87.922314453124997, 78.751367187499994 ], [ -87.953173828124989, 78.9150390625 ], [ -87.816748046874991, 79.036328125 ], [ -88.040185546874994, 78.9953125 ], [ -88.163818359375, 78.933496093749994 ], [ -88.166601562499991, 78.745507812499994 ], [ -88.253759765624991, 78.671972656250006 ], [ -88.003125, 78.615527343750003 ], [ -87.982861328124997, 78.537060546874997 ], [ -88.147558593749991, 78.477099609375003 ], [ -88.741601562499994, 78.584033203125003 ], [ -88.6064453125, 78.391992187499994 ], [ -88.822412109374994, 78.185888671875006 ], [ -89.095703125, 78.209228515625 ], [ -90.037109375, 78.606835937499994 ], [ -90.076318359374994, 78.549169921875006 ], [ -89.48984375, 78.171923828125003 ], [ -90.459033203124989, 78.330908203125006 ], [ -90.652392578124989, 78.307714843750006 ], [ -90.326757812499991, 78.184765625 ], [ -91.409619140624997, 78.18798828125 ], [ -92.351269531249997, 78.312890625 ], [ -92.848242187499991, 78.460107421874994 ], [ -91.866894531249997, 78.542675781249997 ], [ -93.2666015625, 78.608300781249994 ], [ -93.634423828124994, 78.750927734374997 ], [ -93.159863281249997, 78.775634765625 ], [ -94.169677734375, 78.972802734374994 ], [ -92.683642578124989, 79.185791015625 ], [ -92.547216796874991, 79.282617187499994 ], [ -91.299902343749991, 79.372705078124994 ], [ -92.821923828124994, 79.449902343749997 ], [ -93.933154296874989, 79.290722656249997 ], [ -94.109375, 79.315087890624994 ], [ -93.939697265625, 79.385693359374997 ], [ -94.110302734374997, 79.4015625 ], [ -95.103173828124994, 79.289892578125006 ], [ -95.733007812499991, 79.418212890625 ], [ -95.662890624999989, 79.52734375 ], [ -94.40185546875, 79.736328125 ], [ -95.857519531249991, 79.673779296874997 ], [ -96.462744140624991, 79.847509765625006 ], [ -96.773242187499989, 80.135791015625003 ], [ -94.645898437499994, 80.048730468749994 ], [ -94.582617187499991, 80.14140625 ], [ -94.262597656249994, 80.194873046875003 ], [ -95.405078124999989, 80.135009765625 ], [ -95.646240234375, 80.23095703125 ], [ -96.025683593749989, 80.221728515625003 ], [ -96.394091796874989, 80.315039062500006 ], [ -95.549072265625, 80.366601562499994 ], [ -96.151806640624997, 80.553466796875 ], [ -96.1328125, 80.69140625 ], [ -95.926953125, 80.720654296874997 ], [ -95.225830078125, 80.685791015625 ], [ -94.892578125, 80.570898437500006 ], [ -93.927929687499997, 80.559179687500006 ], [ -95.514746093749991, 80.838134765625 ], [ -95.269775390625, 81.00078125 ], [ -93.235644531249989, 81.128857421874997 ], [ -93.406542968749989, 81.209082031250006 ], [ -94.194433593749991, 81.240917968749997 ], [ -94.179345703124994, 81.339257812499994 ], [ -93.03466796875, 81.346289062500006 ], [ -91.885546874999989, 81.132861328125003 ] ] ], [ [ [ -95.849511718749994, 77.066210937500003 ], [ -93.8109375, 76.914160156250006 ], [ -93.211865234374997, 76.7546875 ], [ -93.200585937499994, 76.669091796874994 ], [ -93.534570312499994, 76.447705078124997 ], [ -92.995361328125, 76.620410156250003 ], [ -91.305029296874991, 76.680761718750006 ], [ -90.542626953124994, 76.495751953124994 ], [ -91.398095703124994, 76.509765625 ], [ -91.415087890624989, 76.455859375 ], [ -89.284521484374991, 76.301611328125006 ], [ -89.236523437499997, 76.239013671875 ], [ -89.406591796874991, 76.189160156249997 ], [ -91.407324218749991, 76.220068359375006 ], [ -90.251367187499994, 76.053466796875 ], [ -89.6953125, 75.853613281250006 ], [ -89.277587890625, 75.795068359374994 ], [ -89.204541015624997, 75.737255859374997 ], [ -89.646044921874989, 75.565039062500006 ], [ -89.280419921874994, 75.564111328124994 ], [ -88.916699218749997, 75.453955078125006 ], [ -88.804101562499994, 75.502490234375003 ], [ -88.852148437499991, 75.624902343749994 ], [ -88.644970703124997, 75.658447265625 ], [ -88.201318359374994, 75.512011718750003 ], [ -87.729736328125, 75.575634765624997 ], [ -87.539111328124989, 75.48486328125 ], [ -87.256933593749991, 75.617724609375003 ], [ -86.814453125, 75.491357421874994 ], [ -85.951464843749989, 75.39501953125 ], [ -85.904541015625, 75.441943359375003 ], [ -86.06875, 75.502246093750003 ], [ -84.604882812499994, 75.653466796874994 ], [ -83.931982421874991, 75.818945312500006 ], [ -83.237109374999989, 75.750830078125006 ], [ -82.153662109374991, 75.8310546875 ], [ -81.2685546875, 75.756005859374994 ], [ -81.000781249999989, 75.643115234375003 ], [ -80.321972656249997, 75.629101562499997 ], [ -80.119189453124989, 75.562060546875003 ], [ -80.260449218749997, 75.479443359374997 ], [ -79.660205078124989, 75.449511718750003 ], [ -79.509082031249989, 75.259814453125003 ], [ -80.381982421874994, 75.0341796875 ], [ -79.6640625, 75.020849609375006 ], [ -79.401416015624989, 74.917626953124994 ], [ -79.944482421874994, 74.833642578124994 ], [ -80.347753906249991, 74.902978515624994 ], [ -80.14892578125, 74.795703125 ], [ -80.277734375, 74.581591796875003 ], [ -81.940185546875, 74.472705078125003 ], [ -82.931054687499994, 74.565576171874994 ], [ -83.116992187499989, 74.693115234375 ], [ -83.102636718749991, 74.816552734374994 ], [ -83.522070312499991, 74.901464843750006 ], [ -83.34130859375, 74.764599609374997 ], [ -83.531884765624994, 74.585693359375 ], [ -84.425537109375, 74.508105468750003 ], [ -85.061425781249994, 74.60693359375 ], [ -85.133447265624994, 74.517431640625006 ], [ -85.442333984374997, 74.6005859375 ], [ -85.808007812499994, 74.498974609374997 ], [ -86.730761718749989, 74.55703125 ], [ -86.666113281249991, 74.489111328125006 ], [ -88.423046875, 74.494140625 ], [ -88.557861328125, 74.569726562499994 ], [ -88.339550781249997, 74.784863281249997 ], [ -88.534960937499989, 74.831738281249997 ], [ -88.85107421875, 74.689990234375003 ], [ -88.940136718749997, 74.789501953124997 ], [ -89.191943359374989, 74.744873046875 ], [ -89.19580078125, 74.637548828125006 ], [ -89.558691406249991, 74.554736328125003 ], [ -90.553271484374989, 74.612744140624997 ], [ -90.966796875, 74.715087890625 ], [ -90.880224609374991, 74.817773437499994 ], [ -91.1298828125, 74.736279296874997 ], [ -91.134570312499989, 74.649853515624997 ], [ -91.508349609374989, 74.650683593750003 ], [ -91.961572265624994, 74.793212890625 ], [ -92.174169921874991, 75.051074218750003 ], [ -92.076318359374994, 75.12353515625 ], [ -92.389257812499991, 75.263330078124994 ], [ -92.411083984374997, 75.40625 ], [ -92.06884765625, 75.657910156249997 ], [ -92.185107421874989, 75.846533203125006 ], [ -93.091748046874997, 76.35400390625 ], [ -93.665185546874994, 76.273144531249997 ], [ -95.273876953124997, 76.264404296875 ], [ -96.039697265624994, 76.48671875 ], [ -95.650976562499991, 76.584667968749997 ], [ -95.971337890624994, 76.569628906250003 ], [ -96.897998046874989, 76.754003906250006 ], [ -96.4015625, 76.797216796875006 ], [ -96.813525390624989, 76.913476562499994 ], [ -96.75830078125, 76.971777343750006 ], [ -95.849511718749994, 77.066210937500003 ] ] ], [ [ [ -96.204492187499994, 78.531298828125003 ], [ -95.561132812499991, 78.5166015625 ], [ -94.915380859374991, 78.390527343749994 ], [ -94.887158203124997, 78.34521484375 ], [ -95.329248046874994, 78.225048828124997 ], [ -94.934277343749997, 78.075634765624997 ], [ -95.199121093749994, 77.968164062499994 ], [ -96.989648437499994, 77.806005859375006 ], [ -97.063818359374991, 77.859082031249997 ], [ -97.019091796874989, 77.908105468749994 ], [ -97.658154296874997, 78.090625 ], [ -96.944677734374991, 78.15185546875 ], [ -97.819042968749997, 78.230615234374994 ], [ -98.049511718749997, 78.325927734375 ], [ -98.317333984374997, 78.476855468750003 ], [ -98.060351562499989, 78.558349609375 ], [ -98.3408203125, 78.751220703125 ], [ -97.38232421875, 78.782910156249997 ], [ -96.475341796875, 78.665185546874994 ], [ -96.204492187499994, 78.531298828125003 ] ] ], [ [ [ -93.170849609374997, 74.160986328125006 ], [ -92.222705078124989, 73.972363281249997 ], [ -91.087988281249991, 74.00927734375 ], [ -90.354589843749991, 73.86865234375 ], [ -91.249316406249989, 73.304003906250003 ], [ -91.5537109375, 73.236083984375 ], [ -91.425927734374994, 73.194873046875003 ], [ -92.117919921875, 72.753808593749994 ], [ -94.211328125, 72.756933593750006 ], [ -93.770556640624989, 72.668212890625 ], [ -93.572265625, 72.558642578125003 ], [ -93.541601562499991, 72.43701171875 ], [ -94.14375, 72.000830078125006 ], [ -95.19296875, 72.027441406250006 ], [ -95.251025390624989, 72.501953125 ], [ -95.602148437499991, 72.884472656249997 ], [ -95.632910156249991, 73.695458984374994 ], [ -95.385986328125, 73.755126953125 ], [ -94.697607421874991, 73.66357421875 ], [ -95.134130859374991, 73.88125 ], [ -95.121191406249991, 73.985058593749997 ], [ -94.973535156249994, 74.04140625 ], [ -93.170849609374997, 74.160986328125006 ] ] ], [ [ [ -97.439453125, 69.642675781250006 ], [ -97.236083984375, 69.673486328124994 ], [ -96.299951171874994, 69.344384765624994 ], [ -95.751367187499994, 68.89765625 ], [ -95.267773437499997, 68.826074218749994 ], [ -96.598828125, 68.460839843749994 ], [ -97.472021484374991, 68.543701171875 ], [ -98.235058593749997, 68.739355468750006 ], [ -98.320556640625, 68.842724609374997 ], [ -98.775244140624991, 68.816748046875006 ], [ -98.904492187499997, 68.932421875 ], [ -99.254003906249991, 68.863183593749994 ], [ -99.5640625, 69.034130859374997 ], [ -99.455712890624994, 69.131201171875006 ], [ -98.912207031249991, 69.167578125 ], [ -98.503515625, 69.308300781249997 ], [ -98.450390625, 69.354052734375003 ], [ -98.558544921874997, 69.46142578125 ], [ -98.448388671874994, 69.479541015625003 ], [ -98.545996093749991, 69.572900390624994 ], [ -98.041357421874991, 69.456640625 ], [ -98.304492187499989, 69.669287109375006 ], [ -98.238671875, 69.780029296875 ], [ -98.080761718749997, 69.833056640625003 ], [ -97.691210937499989, 69.841259765624997 ], [ -97.411376953125, 69.738476562499997 ], [ -97.439453125, 69.642675781250006 ] ] ], [ [ [ -61.105175781249997, 45.944726562499994 ], [ -60.865234375, 45.983496093749999 ], [ -61.037548828124997, 45.882226562499994 ], [ -60.971533203124991, 45.837988281249999 ], [ -61.092089843749989, 45.748388671874999 ], [ -61.059033203124997, 45.703369140625 ], [ -60.737890625, 45.751416015624997 ], [ -60.460595703124994, 45.968701171874997 ], [ -60.733300781249994, 45.956591796874996 ], [ -60.297949218749991, 46.311230468749997 ], [ -60.226464843749994, 46.195556640625 ], [ -59.865039062499989, 46.159521484374999 ], [ -59.934033203124997, 46.019433593749994 ], [ -59.828027343749994, 45.965136718749996 ], [ -60.386083984374991, 45.654638671874999 ], [ -60.672949218749991, 45.5908203125 ], [ -61.28369140625, 45.573876953124994 ], [ -61.449804687499991, 45.716210937499994 ], [ -61.4953125, 45.941455078124996 ], [ -61.408642578124997, 46.170361328124997 ], [ -60.870166015624989, 46.796777343749994 ], [ -60.489062499999989, 47.009716796874997 ], [ -60.408203125, 47.003515625 ], [ -60.331738281249997, 46.767822265625 ], [ -60.49453125, 46.270263671875 ], [ -61.105175781249997, 45.944726562499994 ] ] ], [ [ [ -66.918701171875, 45.145605468749999 ], [ -67.366943359375, 45.173779296874997 ], [ -67.472558593749994, 45.27587890625 ], [ -67.432666015624989, 45.603125 ], [ -67.80224609375, 45.7275390625 ], [ -67.806787109374994, 47.0828125 ], [ -68.235498046874994, 47.345947265625 ], [ -68.937207031249997, 47.211230468749996 ], [ -69.048583984375, 47.273632812499997 ], [ -69.050195312499994, 47.426611328124999 ], [ -69.242871093749997, 47.462988281249999 ], [ -70.007714843749994, 46.708935546874997 ], [ -70.067187499999989, 46.441064453124994 ], [ -70.248291015625, 46.250878906249994 ], [ -70.296240234374991, 45.906103515624999 ], [ -70.702246093749991, 45.551367187499999 ], [ -70.689794921874991, 45.428320312499999 ], [ -70.799169921874991, 45.40478515625 ], [ -70.865039062499989, 45.270703125 ], [ -70.999902343749994, 45.337255859374999 ], [ -71.134667968749994, 45.262841796874994 ], [ -71.327294921874994, 45.290087890624996 ], [ -71.517529296874997, 45.007568359375 ], [ -74.708886718750023, 45.003857421875125 ], [ -73.55810546875, 45.425097656249996 ], [ -73.159570312499994, 46.010058593749996 ], [ -72.109277343749994, 46.551220703124997 ], [ -71.261181640624997, 46.75625 ], [ -70.519482421874997, 47.032519531249996 ], [ -69.471044921874991, 47.96728515625 ], [ -68.815673828125, 48.366015625 ], [ -68.238183593749994, 48.626416015624997 ], [ -66.598095703124997, 49.126367187499994 ], [ -65.523388671874997, 49.266162109374996 ], [ -64.567724609374991, 49.104785156249996 ], [ -64.216210937499994, 48.873632812499999 ], [ -64.208789062499989, 48.806201171874996 ], [ -64.513720703124989, 48.841113281249996 ], [ -64.24609375, 48.691113281249997 ], [ -64.253759765624991, 48.550390625 ], [ -64.348828125, 48.423193359374999 ], [ -64.633154296874991, 48.360498046874994 ], [ -64.822070312499989, 48.196484375 ], [ -65.259423828124994, 48.021240234375 ], [ -65.926708984374997, 48.188867187499994 ], [ -66.083105468749991, 48.102685546874994 ], [ -66.448974609375, 48.11962890625 ], [ -66.704394531249989, 48.0224609375 ], [ -66.359619140625, 48.060644531249999 ], [ -65.849414062499989, 47.911035156249994 ], [ -65.607226562499989, 47.670019531249999 ], [ -65.001660156249997, 47.846826171874994 ], [ -65.04638671875, 47.793017578124996 ], [ -64.703222656249991, 47.724853515625 ], [ -64.852148437499991, 47.569873046874996 ], [ -64.912207031249991, 47.36865234375 ], [ -65.318896484374989, 47.101220703124994 ], [ -64.831396484374991, 47.060791015625 ], [ -64.90576171875, 46.887939453125 ], [ -64.816699218749989, 46.698681640624997 ], [ -64.725878906249989, 46.671435546874996 ], [ -64.647851562499994, 46.35595703125 ], [ -64.54150390625, 46.240332031249999 ], [ -63.915917968749994, 46.165820312499996 ], [ -63.831933593749994, 46.107177734375 ], [ -64.056396484375, 46.021337890624999 ], [ -63.292773437499989, 45.751953125 ], [ -62.70068359375, 45.740576171874999 ], [ -62.750097656249991, 45.648242187499996 ], [ -62.483056640624994, 45.621826171875 ], [ -61.955517578124997, 45.8681640625 ], [ -61.776513671874994, 45.655615234374999 ], [ -61.492285156249991, 45.68701171875 ], [ -61.350488281249994, 45.573681640624997 ], [ -61.281982421875, 45.441064453124994 ], [ -61.460986328124989, 45.36669921875 ], [ -61.031542968749989, 45.291748046875 ], [ -63.306298828124994, 44.642578125 ], [ -63.60400390625, 44.683203125 ], [ -63.544824218749994, 44.54375 ], [ -63.609765625, 44.47998046875 ], [ -63.820654296874991, 44.510644531249994 ], [ -63.999707031249997, 44.644921875 ], [ -64.100878906249989, 44.487451171874994 ], [ -64.1669921875, 44.586669921875 ], [ -64.286083984374997, 44.550341796874996 ], [ -64.338525390624994, 44.444873046874996 ], [ -64.275683593749989, 44.334082031249999 ], [ -64.862353515624989, 43.867871093749997 ], [ -65.086816406249994, 43.727197265624994 ], [ -65.234912109374989, 43.726757812499997 ], [ -65.344287109374989, 43.549609375 ], [ -65.481689453125, 43.51806640625 ], [ -65.738134765624991, 43.560742187499997 ], [ -65.886914062499997, 43.795214843749996 ], [ -66.037646484374989, 43.7421875 ], [ -66.125732421875, 43.813818359374999 ], [ -66.193066406249997, 44.143847656249996 ], [ -66.099560546874997, 44.367480468749996 ], [ -65.868017578124991, 44.568798828124997 ], [ -66.146386718749994, 44.4359375 ], [ -66.090625, 44.504931640624996 ], [ -65.615771484374989, 44.680419921875 ], [ -65.502246093749989, 44.760400390624994 ], [ -65.728222656249997, 44.697119140624999 ], [ -64.902929687499991, 45.120800781249997 ], [ -64.448828125, 45.256054687499997 ], [ -64.448144531249994, 45.337451171874996 ], [ -64.330761718749997, 45.309326171875 ], [ -64.354248046875, 45.138232421874996 ], [ -64.135498046875, 45.023046875 ], [ -64.182714843749991, 45.147021484374996 ], [ -64.093164062499994, 45.217089843749996 ], [ -63.368017578124991, 45.364794921874996 ], [ -64.600195312499991, 45.410058593749994 ], [ -64.746679687499991, 45.324365234374994 ], [ -64.873144531249991, 45.354589843749999 ], [ -64.827392578125, 45.475537109374997 ], [ -64.314648437499997, 45.835693359375 ], [ -64.482226562499989, 45.806347656249997 ], [ -64.632714843749994, 45.946630859374999 ], [ -64.593652343749994, 45.813671875 ], [ -64.778515625, 45.638427734375 ], [ -65.884472656249997, 45.222900390625 ], [ -66.109765625, 45.316601562499997 ], [ -66.0265625, 45.417578125 ], [ -66.182714843749991, 45.335205078125 ], [ -66.14375, 45.227587890624996 ], [ -66.43984375, 45.095898437499997 ], [ -66.5109375, 45.143359375 ], [ -66.872460937499994, 45.067285156249994 ], [ -66.918701171875, 45.145605468749999 ] ] ], [ [ [ -55.458740234375, 51.536523437499994 ], [ -55.583398437499994, 51.388574218749994 ], [ -56.031103515624991, 51.328369140625 ], [ -55.999902343749994, 51.199267578124996 ], [ -55.815087890624994, 51.191162109375 ], [ -55.8, 51.033300781249999 ], [ -56.732324218749994, 50.007714843749994 ], [ -56.8486328125, 49.765332031249997 ], [ -56.822167968749994, 49.613476562499997 ], [ -56.179394531249997, 50.114990234375 ], [ -56.122167968749991, 50.062841796874999 ], [ -56.161279296874994, 49.940136718749997 ], [ -55.927001953125, 50.017773437499997 ], [ -55.5029296875, 49.983154296875 ], [ -56.140185546874989, 49.619140625 ], [ -55.869824218749997, 49.670166015625 ], [ -56.087304687499994, 49.451953125 ], [ -55.375927734374997, 49.48974609375 ], [ -55.343847656249991, 49.372900390624999 ], [ -55.229541015624989, 49.508154296874999 ], [ -55.200292968749991, 49.408496093749996 ], [ -55.353173828124994, 49.079443359374999 ], [ -55.176123046874991, 49.244433593749996 ], [ -54.982617187499997, 49.268115234374996 ], [ -54.502197265625, 49.52734375 ], [ -54.4482421875, 49.329443359374999 ], [ -54.316748046874991, 49.424121093749996 ], [ -53.957714843749997, 49.441845703124997 ], [ -53.619433593749989, 49.321630859374999 ], [ -53.5734375, 49.141210937499999 ], [ -54.161279296874994, 48.787695312499999 ], [ -53.852880859374991, 48.811328125 ], [ -53.966015625, 48.706689453124994 ], [ -53.706347656249989, 48.655517578125 ], [ -53.794628906249997, 48.5263671875 ], [ -54.114453125, 48.393603515624996 ], [ -53.027587890625, 48.634716796874997 ], [ -53.1357421875, 48.40185546875 ], [ -53.609765625, 48.207714843749997 ], [ -53.569433593749991, 48.088085937499997 ], [ -53.869580078124997, 48.019677734374994 ], [ -53.638232421874989, 48.0146484375 ], [ -53.863671875, 47.787011718749994 ], [ -53.76513671875, 47.650097656249997 ], [ -53.67236328125, 47.648242187499996 ], [ -53.28271484375, 47.997851562499996 ], [ -52.866015624999989, 48.112988281249997 ], [ -53.153857421874989, 47.734570312499997 ], [ -53.169824218749994, 47.512109375 ], [ -53.122460937499994, 47.455126953124996 ], [ -52.945019531249997, 47.552832031249999 ], [ -52.782421875, 47.769433593749994 ], [ -52.653662109374991, 47.549414062499999 ], [ -53.069775390624997, 46.68125 ], [ -53.323046874999989, 46.718359375 ], [ -53.589794921874997, 46.638867187499997 ], [ -53.597363281249997, 47.14599609375 ], [ -54.009570312499989, 46.839599609375 ], [ -54.173730468749994, 46.88037109375 ], [ -53.849511718749994, 47.440332031249994 ], [ -53.989013671875, 47.756201171874999 ], [ -54.191845703124997, 47.859814453124997 ], [ -54.488134765624991, 47.403857421874996 ], [ -54.562548828124989, 47.375195312499997 ], [ -54.473925781249989, 47.547070312499997 ], [ -54.651171874999989, 47.408203125 ], [ -54.856640625, 47.385009765625 ], [ -55.315722656249989, 46.905712890624997 ], [ -55.788525390624997, 46.867236328124996 ], [ -55.949902343749997, 46.927685546874997 ], [ -55.919238281249989, 47.016894531249996 ], [ -55.491503906249989, 47.16064453125 ], [ -55.190820312499994, 47.448974609375 ], [ -54.784619140624997, 47.664746093749997 ], [ -55.366308593749991, 47.661083984374997 ], [ -55.434667968749991, 47.501269531249996 ], [ -55.576123046874997, 47.465234375 ], [ -56.127246093749989, 47.502832031249994 ], [ -55.867089843749994, 47.592333984374996 ], [ -55.85791015625, 47.819189453124999 ], [ -56.774121093749997, 47.564990234374996 ], [ -58.333203125, 47.676855468749999 ], [ -58.336865234374997, 47.730859375 ], [ -58.941162109375, 47.58046875 ], [ -59.259765625, 47.634179687499994 ], [ -59.340869140624989, 47.933642578124996 ], [ -58.330224609374994, 48.522119140624994 ], [ -59.167675781249997, 48.558496093749994 ], [ -58.841796875, 48.746435546874999 ], [ -58.906445312499997, 48.650195312499996 ], [ -58.716455078124994, 48.598046875 ], [ -58.403662109374991, 49.084326171874999 ], [ -57.990527343749989, 48.987939453124994 ], [ -58.098925781249989, 49.077441406249996 ], [ -57.980078125, 49.229638671874994 ], [ -58.19091796875, 49.258740234374997 ], [ -58.21337890625, 49.386669921874997 ], [ -58.015820312499997, 49.54248046875 ], [ -57.791308593749989, 49.489990234375 ], [ -57.926171875, 49.700830078124994 ], [ -57.4326171875, 50.505810546874997 ], [ -57.33056640625, 50.605175781249997 ], [ -57.179589843749994, 50.61484375 ], [ -57.297998046874994, 50.69873046875 ], [ -57.053271484374989, 50.857324218749994 ], [ -57.035937499999989, 51.010839843749999 ], [ -56.825146484374997, 51.125732421875 ], [ -56.682421874999989, 51.332763671875 ], [ -56.025585937499997, 51.568359375 ], [ -55.6904296875, 51.471337890624994 ], [ -55.66640625, 51.57890625 ], [ -55.458740234375, 51.536523437499994 ] ] ], [ [ [ -86.58935546875, 71.010791015625003 ], [ -85.643847656249989, 71.152441406250006 ], [ -85.094873046874994, 71.151953125 ], [ -85.0015625, 71.137451171875 ], [ -85.065771484374991, 71.07861328125 ], [ -84.988476562499997, 71.03173828125 ], [ -84.82373046875, 71.028613281250003 ], [ -84.658105468749994, 71.514599609374997 ], [ -84.699414062499997, 71.631445312500006 ], [ -85.3390625, 71.697265625 ], [ -85.91162109375, 71.986523437499997 ], [ -85.321875, 72.233154296875 ], [ -84.283740234374989, 72.044482421875003 ], [ -84.841992187499997, 72.308154296875003 ], [ -84.623046875, 72.3765625 ], [ -85.341113281249989, 72.421533203124994 ], [ -85.615576171874991, 72.604638671874994 ], [ -85.64990234375, 72.72216796875 ], [ -85.574609375, 72.856396484374997 ], [ -85.262109375, 72.954003906249994 ], [ -84.256640624999989, 72.796728515625006 ], [ -85.454736328124994, 73.10546875 ], [ -85.018408203124991, 73.335498046875003 ], [ -84.416064453124989, 73.456494140624997 ], [ -83.781884765624994, 73.416894531249994 ], [ -83.904052734375, 73.5283203125 ], [ -83.410351562499997, 73.631689453125006 ], [ -82.659619140624997, 73.729589843750006 ], [ -81.605371093749994, 73.695996093749997 ], [ -81.344091796874991, 73.597753906250006 ], [ -81.151757812499994, 73.314013671875003 ], [ -80.603466796874997, 73.121191406250006 ], [ -80.591894531249991, 72.927685546874997 ], [ -80.277246093749994, 72.770166015624994 ], [ -81.229345703124991, 72.31171875 ], [ -80.611474609374994, 72.450830078124994 ], [ -80.941210937499989, 72.21015625 ], [ -80.69140625, 72.103466796874997 ], [ -80.92109375, 72.072314453125003 ], [ -80.925146484374991, 71.907666015624997 ], [ -80.181933593749989, 72.208789062500003 ], [ -79.884375, 72.177197265624997 ], [ -80.108935546874989, 72.332177734374994 ], [ -79.831298828125, 72.4462890625 ], [ -79.583691406249997, 72.314648437499997 ], [ -79.323339843749991, 72.390820312499997 ], [ -79.000244140625, 72.272021484375003 ], [ -79.0078125, 72.042919921874997 ], [ -78.585107421874994, 71.880615234375 ], [ -78.862744140624997, 72.100830078125 ], [ -78.820117187499989, 72.265429687500003 ], [ -78.699267578124989, 72.351416015625006 ], [ -77.516503906249994, 72.177783203125003 ], [ -78.287207031249991, 72.359814453124997 ], [ -78.484277343749994, 72.470605468749994 ], [ -78.422412109374989, 72.571533203125 ], [ -77.753222656249989, 72.724755859374994 ], [ -76.893505859374997, 72.720654296874997 ], [ -76.188769531249989, 72.572216796874997 ], [ -75.704296875, 72.571533203125 ], [ -75.294238281249989, 72.480859375 ], [ -75.071484375, 72.322851562500006 ], [ -75.052685546874997, 72.226367187500003 ], [ -75.542773437499989, 72.007958984374994 ], [ -75.922802734374997, 71.717236328124997 ], [ -75.599902343749989, 71.91845703125 ], [ -75.14765625, 72.06298828125 ], [ -74.266357421875, 72.037695312500006 ], [ -74.212597656249997, 71.938671875 ], [ -74.315722656249989, 71.842675781249994 ], [ -75.204785156249997, 71.709130859374994 ], [ -74.70078125, 71.675585937500003 ], [ -74.828955078124991, 71.570898437500006 ], [ -74.840722656249994, 71.406591796875006 ], [ -74.996191406249991, 71.218115234375006 ], [ -74.758935546874994, 71.338134765625 ], [ -74.488085937499989, 71.648388671874997 ], [ -73.866601562499994, 71.771044921875003 ], [ -73.713574218749997, 71.719873046874994 ], [ -74.197265625, 71.404150390625006 ], [ -73.712841796874997, 71.587597656249997 ], [ -73.180615234374997, 71.282861328124994 ], [ -73.278222656249994, 71.537988281249994 ], [ -72.901953125, 71.677783203125003 ], [ -71.640673828124989, 71.516259765624994 ], [ -71.1865234375, 71.278710937499994 ], [ -71.495019531249994, 71.105126953124994 ], [ -71.937939453124997, 71.094287109375003 ], [ -72.632714843749994, 70.830761718749997 ], [ -72.312548828124989, 70.83251953125 ], [ -72.009179687499994, 71.013427734375 ], [ -71.742529296874991, 71.046875 ], [ -71.370849609375, 70.975146484375003 ], [ -70.826074218749994, 71.108740234375006 ], [ -70.672656249999989, 71.052197265624997 ], [ -70.639111328124997, 70.902441406250006 ], [ -70.76171875, 70.792236328125 ], [ -71.890185546874989, 70.431542968749994 ], [ -71.727246093749997, 70.395214843749997 ], [ -71.426660156249994, 70.552099609375006 ], [ -71.27587890625, 70.500292968750003 ], [ -71.429443359375, 70.127783203125006 ], [ -70.979785156249989, 70.5810546875 ], [ -70.084716796875, 70.829541015624997 ], [ -69.2890625, 70.783447265625 ], [ -68.495751953124994, 70.610253906249994 ], [ -68.358251953124991, 70.522900390624997 ], [ -68.482568359374994, 70.41484375 ], [ -69.435693359374994, 70.253125 ], [ -70.057714843749991, 70.042626953124994 ], [ -68.778222656249994, 70.203564453124997 ], [ -68.723291015624994, 70.145654296874994 ], [ -69.00830078125, 69.978955078124997 ], [ -68.744042968749994, 69.94140625 ], [ -68.230664062499997, 70.112207031249994 ], [ -68.327197265624989, 70.18017578125 ], [ -68.120654296874989, 70.314599609374994 ], [ -67.855322265624991, 70.281787109375003 ], [ -67.363671875, 70.034423828125 ], [ -67.195898437499991, 69.860693359375006 ], [ -67.192773437499994, 69.7568359375 ], [ -68.020410156249994, 69.770068359375003 ], [ -68.3720703125, 69.644384765625006 ], [ -69.250781249999989, 69.511914062499997 ], [ -68.513037109374991, 69.577294921874994 ], [ -67.908251953124989, 69.460107421874994 ], [ -67.3609375, 69.472509765625006 ], [ -66.67626953125, 69.258447265624994 ], [ -66.802880859374994, 69.152734375 ], [ -67.9384765625, 69.248144531250006 ], [ -68.618896484375, 69.206005859374997 ], [ -69.040625, 69.097998046875006 ], [ -68.41552734375, 69.172070312499997 ], [ -67.751708984375, 69.038671875 ], [ -67.883203125, 68.783984375 ], [ -69.319091796875, 68.856982421875003 ], [ -68.210400390624997, 68.702978515625006 ], [ -67.9384765625, 68.524169921875 ], [ -66.713916015624989, 68.445703125 ], [ -67.032958984375, 68.326074218749994 ], [ -66.830957031249994, 68.215625 ], [ -66.923095703125, 68.065722656250003 ], [ -66.72900390625, 68.129003906250006 ], [ -66.662695312499991, 68.034423828125 ], [ -66.630957031249991, 68.210644531249997 ], [ -66.21240234375, 68.280419921874994 ], [ -66.274707031249989, 68.040771484375 ], [ -66.526464843749991, 67.851171875 ], [ -66.392382812499989, 67.831933593749994 ], [ -65.9423828125, 68.070947265624994 ], [ -65.974902343749989, 67.957421875 ], [ -65.864355468749991, 67.9228515625 ], [ -65.509082031249989, 67.96826171875 ], [ -65.540869140624991, 67.765625 ], [ -65.401269531249994, 67.674853515625003 ], [ -65.415332031249989, 67.879248046875006 ], [ -64.976904296874991, 68.043408203124997 ], [ -64.83544921875, 67.989990234375 ], [ -65.026025390624994, 67.892041015624997 ], [ -65.02109375, 67.787548828124997 ], [ -64.637792968749991, 67.840234375 ], [ -63.850195312499991, 67.566064453124994 ], [ -64.077490234374991, 67.49560546875 ], [ -64.007958984374994, 67.347314453124994 ], [ -64.699951171875, 67.350537109374997 ], [ -64.589257812499994, 67.315527343750006 ], [ -63.836230468749989, 67.264111328124997 ], [ -63.591601562499989, 67.377539062500006 ], [ -63.040136718749991, 67.235009765624994 ], [ -63.258398437499991, 67.024658203125 ], [ -63.7015625, 66.822363281250006 ], [ -62.962304687499994, 66.949267578125003 ], [ -62.379736328124991, 66.905371093750006 ], [ -62.123583984374989, 67.046728515625006 ], [ -61.299707031249994, 66.648730468750003 ], [ -61.52783203125, 66.55810546875 ], [ -61.904492187499997, 66.678125 ], [ -62.123339843749989, 66.64306640625 ], [ -61.652636718749989, 66.503125 ], [ -61.576416015625, 66.4125 ], [ -61.862695312499994, 66.312841796875006 ], [ -62.553125, 66.406835937500006 ], [ -62.405664062499994, 66.31591796875 ], [ -62.53359375, 66.227001953124997 ], [ -61.991601562499994, 66.035302734374994 ], [ -62.624121093749991, 66.016259765624994 ], [ -62.381982421874994, 65.833300781250003 ], [ -62.658886718749997, 65.639941406250003 ], [ -63.1689453125, 65.657324218750006 ], [ -63.458740234375, 65.85302734375 ], [ -63.4208984375, 65.70859375 ], [ -63.651074218749997, 65.660986328125006 ], [ -63.337451171874989, 65.616748046875003 ], [ -63.363378906249991, 65.229736328125 ], [ -63.606591796874994, 64.928076171875006 ], [ -63.895605468749991, 65.109277343749994 ], [ -64.15185546875, 65.066162109375 ], [ -64.345703125, 65.172412109375003 ], [ -64.269677734374994, 65.40078125 ], [ -64.555078125, 65.116601562499994 ], [ -65.108496093749991, 65.463769531249994 ], [ -65.401611328125, 65.764013671875006 ], [ -65.184863281249989, 65.93994140625 ], [ -64.853710937499997, 66.015917968750003 ], [ -64.445361328124989, 66.317138671875 ], [ -64.655175781249994, 66.287011718749994 ], [ -65.004492187499991, 66.077734375 ], [ -65.825732421874989, 65.996923828125006 ], [ -65.891064453124997, 66.020214843749997 ], [ -65.857177734375, 66.08642578125 ], [ -65.656347656249991, 66.204736328124994 ], [ -66.063720703125, 66.132714843749994 ], [ -66.476953125, 66.279736328124997 ], [ -66.787402343749989, 66.5556640625 ], [ -66.986328125, 66.627490234375003 ], [ -66.968994140625, 66.547167968750003 ], [ -67.076855468749997, 66.525488281250006 ], [ -67.307324218749997, 66.569726562499994 ], [ -67.191748046874991, 66.432763671874994 ], [ -67.225390624999989, 66.310253906249997 ], [ -67.883398437499991, 66.467431640624994 ], [ -67.704492187499994, 66.268603515625003 ], [ -67.183203125, 66.034423828125 ], [ -67.350439453124991, 65.929736328125003 ], [ -67.828027343749994, 65.965185546875006 ], [ -68.459912109374997, 66.249267578125 ], [ -68.748925781249994, 66.200048828125006 ], [ -68.2171875, 66.078857421875 ], [ -68.2568359375, 65.938623046874994 ], [ -68.18671875, 65.870996093749994 ], [ -67.866455078125, 65.773681640625 ], [ -67.936767578125, 65.564892578124997 ], [ -67.569628906249989, 65.6435546875 ], [ -67.117968749999989, 65.440380859374997 ], [ -67.336523437499991, 65.346582031249994 ], [ -67.066503906249991, 65.244091796874997 ], [ -66.970361328124994, 65.084912109374997 ], [ -66.830908203124991, 65.074169921874997 ], [ -66.697412109374994, 64.815185546875 ], [ -66.635498046875, 65.000341796875006 ], [ -66.223730468749991, 64.854101562500006 ], [ -66.301513671875, 64.777734375 ], [ -66.214648437499989, 64.722412109375 ], [ -65.938525390624989, 64.8857421875 ], [ -65.431933593749989, 64.726416015625006 ], [ -65.274804687499994, 64.631542968749997 ], [ -65.529345703124989, 64.504785156249994 ], [ -65.178613281249994, 64.509716796874997 ], [ -65.074609375, 64.436669921874994 ], [ -65.212988281249991, 64.303271484375003 ], [ -65.580322265625, 64.293847656249994 ], [ -65.347802734374994, 64.232324218749994 ], [ -65.149609375, 64.087158203125 ], [ -65.169873046874997, 64.028173828125006 ], [ -64.678466796875, 64.027978515624994 ], [ -64.798144531249989, 63.915966796874997 ], [ -64.576318359374994, 63.897363281249994 ], [ -64.410937499999989, 63.706347656250003 ], [ -64.561572265624989, 63.6796875 ], [ -64.514355468749997, 63.263964843750003 ], [ -64.664648437499991, 63.245361328125 ], [ -64.933300781249997, 63.599267578124994 ], [ -65.191845703124997, 63.764257812499999 ], [ -65.004785156249994, 63.333398437499994 ], [ -65.068945312499991, 63.263476562500003 ], [ -64.67236328125, 62.921972656249999 ], [ -65.162792968749997, 62.9326171875 ], [ -65.046582031249997, 62.701464843750003 ], [ -65.108496093749991, 62.62646484375 ], [ -66.224023437499994, 63.107177734375 ], [ -66.228662109374994, 62.990966796875 ], [ -66.414453125, 63.027197265624999 ], [ -66.654980468749997, 63.264746093749999 ], [ -66.636425781249997, 63.080126953125003 ], [ -66.697460937499997, 63.06953125 ], [ -67.017919921874991, 63.316503906249999 ], [ -67.2609375, 63.340722656249994 ], [ -67.893261718749997, 63.733740234374999 ], [ -67.722558593749994, 63.422753906249994 ], [ -68.49375, 63.725488281249994 ], [ -68.911083984374997, 63.703222656249999 ], [ -68.141259765624994, 63.172314453124997 ], [ -67.675976562499997, 63.093554687500003 ], [ -67.736962890624994, 63.009570312500003 ], [ -66.644873046874991, 62.60205078125 ], [ -66.28125, 62.302685546874997 ], [ -65.980175781249997, 62.208886718749994 ], [ -66.133154296874991, 62.102392578124999 ], [ -66.058886718749989, 61.913867187500003 ], [ -66.32373046875, 61.870263671874994 ], [ -67.440136718749997, 62.151269531249994 ], [ -68.633642578124991, 62.281298828125003 ], [ -69.125585937499991, 62.423974609374994 ], [ -69.604736328125, 62.767724609374994 ], [ -70.236132812499989, 62.763378906249997 ], [ -71.105761718749989, 63.002246093750003 ], [ -70.946044921875, 63.120703125 ], [ -71.347265625, 63.066113281249997 ], [ -71.992236328124989, 63.416162109374994 ], [ -71.6142578125, 63.444091796875 ], [ -71.380859375, 63.580322265625 ], [ -71.837548828124994, 63.724951171874999 ], [ -72.290136718749991, 63.727978515624997 ], [ -72.174267578124997, 63.893408203124999 ], [ -72.4984375, 63.823486328125 ], [ -72.678076171874991, 64.02001953125 ], [ -73.454541015624997, 64.399267578125006 ], [ -73.271289062499989, 64.58251953125 ], [ -73.910351562499997, 64.578125 ], [ -73.950390625, 64.4658203125 ], [ -74.064794921874991, 64.424658203125006 ], [ -74.13046875, 64.6078125 ], [ -74.461230468749989, 64.644677734374994 ], [ -74.681396484375, 64.830664062500006 ], [ -74.91943359375, 64.765527343749994 ], [ -74.640039062499994, 64.557080078124997 ], [ -74.694726562499994, 64.49658203125 ], [ -75.0673828125, 64.456689453124994 ], [ -75.715039062499997, 64.524365234374997 ], [ -75.766699218749991, 64.391943359375006 ], [ -76.856152343749997, 64.237646484375006 ], [ -77.791162109374994, 64.367089843749994 ], [ -78.174560546875, 64.617724609375003 ], [ -78.189697265625, 64.751806640625006 ], [ -78.055273437499991, 64.98291015625 ], [ -77.360888671874989, 65.196533203125 ], [ -77.460400390624997, 65.355908203124997 ], [ -77.326708984374989, 65.453125 ], [ -75.828320312499997, 65.22705078125 ], [ -75.519921875, 65.056005859375006 ], [ -75.589111328125, 64.905029296875 ], [ -75.452099609374997, 64.841601562500003 ], [ -75.357128906249997, 65.008740234374997 ], [ -75.798681640624991, 65.297509765624994 ], [ -75.166308593749989, 65.283935546875 ], [ -74.981738281249989, 65.381445312500006 ], [ -74.494775390624994, 65.371679687500006 ], [ -73.989599609374991, 65.516992187499994 ], [ -73.55078125, 65.485253906249994 ], [ -73.74609375, 65.766699218750006 ], [ -74.276171874999989, 66.012744140625003 ], [ -74.41640625, 66.167089843750006 ], [ -73.033251953124989, 66.728173828124994 ], [ -72.788818359375, 67.030615234375006 ], [ -72.364941406249997, 67.133398437500006 ], [ -72.220019531249989, 67.254296875 ], [ -72.725292968749997, 67.811621093750006 ], [ -73.328222656249991, 68.266748046874994 ], [ -73.284472656249989, 68.356982421875003 ], [ -73.644482421874997, 68.29453125 ], [ -73.820507812499997, 68.362939453124994 ], [ -73.879345703124997, 68.429394531249997 ], [ -73.780615234374991, 68.619287109374994 ], [ -73.8515625, 68.701367187499997 ], [ -74.117968749999989, 68.700927734375 ], [ -73.9892578125, 68.548632812500003 ], [ -74.422412109374989, 68.579931640625006 ], [ -74.699951171875, 68.808349609375 ], [ -74.910400390625, 68.823144531249994 ], [ -74.743261718749991, 68.913378906250003 ], [ -74.954003906249994, 68.961083984374994 ], [ -74.716699218749994, 69.045507812500006 ], [ -74.854882812499994, 69.065820312499994 ], [ -75.21328125, 68.909375 ], [ -75.52265625, 68.952734375 ], [ -76.234716796874991, 68.72802734375 ], [ -76.585058593749991, 68.69873046875 ], [ -76.557226562499991, 69.009472656249997 ], [ -75.953710937499991, 69.030810546875003 ], [ -75.647753906249989, 69.212548828124994 ], [ -75.787158203124989, 69.318652343750003 ], [ -76.520361328124991, 69.5166015625 ], [ -76.46328125, 69.619970703125006 ], [ -76.234082031249997, 69.662109375 ], [ -76.51328125, 69.683935546875006 ], [ -76.742333984374994, 69.572900390624994 ], [ -77.089941406249991, 69.635107421875006 ], [ -76.85859375, 69.775390625 ], [ -77.591650390624991, 69.845605468749994 ], [ -77.774023437499991, 70.238525390625 ], [ -78.2828125, 70.229150390624994 ], [ -79.06640625, 70.603564453125003 ], [ -79.405224609374997, 70.400732421875006 ], [ -79.017529296874997, 70.3251953125 ], [ -78.809814453125, 70.178564453125006 ], [ -78.818798828124997, 70.010449218749997 ], [ -79.092871093749991, 69.925341796875003 ], [ -79.515429687499989, 69.887597656249994 ], [ -80.6703125, 70.052099609375006 ], [ -81.651953125, 70.094628906249994 ], [ -81.023730468749989, 69.9 ], [ -80.842871093749991, 69.791650390624994 ], [ -80.921728515624991, 69.730908203124997 ], [ -81.564697265625, 69.942724609375006 ], [ -82.293847656249994, 69.8369140625 ], [ -83.149951171874989, 70.009082031250003 ], [ -83.859082031249997, 69.962744140625006 ], [ -85.432373046875, 70.111376953125003 ], [ -85.780029296875, 70.036669921875003 ], [ -86.322021484375, 70.145410156249994 ], [ -86.499804687499989, 70.350390625 ], [ -86.396875, 70.46533203125 ], [ -87.900683593749989, 70.251904296874997 ], [ -88.848437499999989, 70.522900390624997 ], [ -89.208300781249989, 70.759716796874997 ], [ -89.455908203124991, 71.06171875 ], [ -87.844921875, 70.944384765625003 ], [ -87.140087890624997, 71.011621093749994 ], [ -87.872460937499994, 71.208544921875003 ], [ -89.079345703125, 71.287939453125006 ], [ -89.693310546874997, 71.423486328124994 ], [ -89.845751953124989, 71.492285156250006 ], [ -90.025195312499989, 71.948779296875003 ], [ -89.663818359375, 72.157958984375 ], [ -89.858691406249989, 72.248339843750003 ], [ -89.816845703124997, 72.467724609374997 ], [ -89.357714843749989, 72.804150390624997 ], [ -89.225341796875, 73.108056640624994 ], [ -88.7609375, 73.312402343749994 ], [ -88.705175781249991, 73.403271484374997 ], [ -87.719775390624989, 73.722900390625 ], [ -86.76875, 73.833984375 ], [ -85.009326171874989, 73.778613281250003 ], [ -84.974511718749994, 73.694775390624997 ], [ -86.086474609374989, 73.26025390625 ], [ -86.629345703124997, 72.870800781249997 ], [ -86.667773437499989, 72.762548828125006 ], [ -86.322558593749989, 72.460839843749994 ], [ -86.341357421874989, 72.123193359374994 ], [ -86.218457031249997, 71.899121093749997 ], [ -85.023388671874997, 71.353222656249997 ], [ -86.58935546875, 71.010791015625003 ] ] ], [ [ [ -61.696142578124991, 49.139013671874999 ], [ -62.219531249999989, 49.0791015625 ], [ -63.04150390625, 49.224951171874999 ], [ -63.565869140624997, 49.399316406249994 ], [ -63.776611328125, 49.602001953124997 ], [ -64.485205078124991, 49.886962890625 ], [ -64.131445312499991, 49.941650390625 ], [ -62.858544921874994, 49.70546875 ], [ -61.817138671875, 49.283544921874999 ], [ -61.696142578124991, 49.139013671874999 ] ] ], [ [ [ -63.811279296875, 46.468701171874997 ], [ -63.681445312499989, 46.561914062499994 ], [ -63.12939453125, 46.422216796874999 ], [ -62.16357421875, 46.487207031249994 ], [ -62.023730468749989, 46.421582031249997 ], [ -62.526074218749997, 46.202880859375 ], [ -62.543261718749989, 46.028662109374999 ], [ -62.478076171874989, 45.999707031249997 ], [ -62.804882812499997, 45.973193359374996 ], [ -63.022070312499991, 46.066601562499997 ], [ -62.89453125, 46.123583984374996 ], [ -63.056347656249997, 46.223925781249996 ], [ -62.978466796874997, 46.316357421874997 ], [ -63.270800781249989, 46.2 ], [ -63.152783203124997, 46.188330078124999 ], [ -63.213476562499991, 46.159863281249997 ], [ -63.568896484374989, 46.209228515625 ], [ -63.731787109374991, 46.2890625 ], [ -63.758642578124991, 46.397607421874994 ], [ -64.11083984375, 46.425439453124994 ], [ -64.136035156249989, 46.599707031249999 ], [ -64.403125, 46.691601562499997 ], [ -63.993554687499994, 47.061572265624996 ], [ -63.981494140624989, 46.912988281249994 ], [ -64.087890625, 46.775439453124996 ], [ -63.811279296875, 46.468701171874997 ] ] ], [ [ [ -82.00048828125, 62.954199218749999 ], [ -81.964404296874989, 62.82763671875 ], [ -82.113720703124997, 62.652246093749994 ], [ -83.015820312499997, 62.209912109374997 ], [ -83.376806640624991, 62.238134765624999 ], [ -83.698876953124994, 62.160253906249999 ], [ -83.912402343749989, 62.425537109375 ], [ -83.376416015624997, 62.904931640624994 ], [ -82.00048828125, 62.954199218749999 ] ] ], [ [ [ -79.5453125, 62.41171875 ], [ -79.272021484374989, 62.185986328124997 ], [ -79.323925781249997, 62.026074218749997 ], [ -79.66875, 61.644433593749994 ], [ -79.816113281249997, 61.594628906249994 ], [ -80.265185546874989, 61.818212890624999 ], [ -80.260058593749989, 62.109033203124994 ], [ -80.021582031249991, 62.34296875 ], [ -79.5453125, 62.41171875 ] ] ], [ [ [ -75.675878906249991, 68.322509765625 ], [ -75.078125, 68.173144531250003 ], [ -75.090527343749997, 67.634765625 ], [ -75.201953124999989, 67.459179687499997 ], [ -75.780078124999989, 67.283544921875006 ], [ -76.693945312499991, 67.23583984375 ], [ -77.0048828125, 67.266943359375006 ], [ -77.22421875, 67.508203125 ], [ -77.305908203125, 67.706103515625003 ], [ -77.228564453124989, 67.85009765625 ], [ -76.740234375, 68.23125 ], [ -76.364453125, 68.318701171875006 ], [ -75.675878906249991, 68.322509765625 ] ] ], [ [ [ -79.537304687499997, 73.654492187499997 ], [ -78.286523437499994, 73.665820312500003 ], [ -77.20654296875, 73.499560546875003 ], [ -76.28955078125, 73.081005859374997 ], [ -76.3095703125, 72.997900390625006 ], [ -76.089990234374994, 72.881201171875006 ], [ -76.400537109374994, 72.820654296875006 ], [ -78.314208984375, 72.8818359375 ], [ -79.500537109374989, 72.755957031250006 ], [ -79.936865234374991, 72.863623046875006 ], [ -80.183300781249997, 73.224658203125003 ], [ -80.776416015624989, 73.334179687499997 ], [ -80.822949218749997, 73.428955078125 ], [ -80.73583984375, 73.483105468749997 ], [ -80.860742187499994, 73.670556640624994 ], [ -80.762744140624989, 73.757763671874997 ], [ -80.412304687499997, 73.765429687500003 ], [ -79.537304687499997, 73.654492187499997 ] ] ], [ [ [ -80.731689453125, 52.747265625 ], [ -81.096582031249994, 52.779882812499999 ], [ -82.039257812499997, 53.049902343749999 ], [ -81.847314453124994, 53.186279296875 ], [ -81.135595703124991, 53.205810546875 ], [ -80.765332031249997, 52.923242187500001 ], [ -80.731689453125, 52.747265625 ] ] ], [ [ [ -78.672802734374997, 56.260498046875 ], [ -78.913818359375, 56.1328125 ], [ -78.799414062499991, 56.38330078125 ], [ -78.66875, 56.438623046875001 ], [ -78.672802734374997, 56.260498046875 ] ] ], [ [ [ -78.935595703124989, 56.266064453124997 ], [ -79.175488281249997, 55.885058593749996 ], [ -79.273632812499997, 55.922460937499999 ], [ -79.142285156249997, 56.136425781249997 ], [ -79.18212890625, 56.212158203125 ], [ -79.4951171875, 55.874755859375 ], [ -79.764746093749991, 55.806787109375001 ], [ -79.497460937499994, 56.093164062500001 ], [ -79.544726562499989, 56.128369140624997 ], [ -79.904589843749989, 55.871044921874997 ], [ -80.008251953124997, 55.911035156250001 ], [ -79.515283203124994, 56.326513671874999 ], [ -79.458886718749994, 56.539746093749997 ], [ -79.536328125, 56.180078125 ], [ -79.392626953124989, 56.276464843749999 ], [ -79.272412109374997, 56.600439453124999 ], [ -78.963183593749989, 56.421728515624999 ], [ -78.935595703124989, 56.266064453124997 ] ] ], [ [ [ -79.687939453124997, 56.326806640625001 ], [ -80.0888671875, 56.2138671875 ], [ -80.057470703124991, 56.287353515625 ], [ -79.579736328124994, 56.466357421874996 ], [ -79.687939453124997, 56.326806640625001 ] ] ], [ [ [ -89.712011718749991, 77.310400390625006 ], [ -90.228271484375, 77.212451171875003 ], [ -90.993212890624989, 77.329492187499994 ], [ -91.147265624999989, 77.387304687500006 ], [ -91.182666015624989, 77.557177734375003 ], [ -90.842578124999989, 77.654980468749997 ], [ -90.171923828124989, 77.594677734374997 ], [ -89.719482421875, 77.442138671875 ], [ -89.712011718749991, 77.310400390625006 ] ] ], [ [ [ -104.558154296875003, 77.141748046874994 ], [ -105.215087890625, 77.182080078124997 ], [ -106.066113281249997, 77.725390625 ], [ -105.587890625, 77.735986328124994 ], [ -105.289648437499991, 77.64208984375 ], [ -104.955322265625, 77.418701171875 ], [ -104.542236328125, 77.337744140625006 ], [ -104.453710937499991, 77.249121093750006 ], [ -104.558154296875003, 77.141748046874994 ] ] ], [ [ [ -98.791601562499991, 79.981103515624994 ], [ -98.789794921875, 79.785400390625 ], [ -98.945214843749994, 79.724072265624997 ], [ -99.515625, 79.887158203124997 ], [ -99.999902343749994, 79.884033203125 ], [ -100.126025390624989, 80.001269531250003 ], [ -100.053271484374989, 80.093359375 ], [ -99.731201171875, 80.144091796875003 ], [ -99.0166015625, 80.111132812500003 ], [ -98.791601562499991, 79.981103515624994 ] ] ], [ [ [ -105.288916015624991, 72.919921875 ], [ -106.071044921875, 73.196386718750006 ], [ -106.180029296874991, 73.304101562499994 ], [ -106.949658203124997, 73.510351562500006 ], [ -106.613964843749997, 73.695605468750003 ], [ -105.512304687499991, 73.765771484374994 ], [ -105.114453125, 73.744433593750003 ], [ -104.5875, 73.578076171874997 ], [ -104.621728515624994, 73.311132812500006 ], [ -105.288916015624991, 72.919921875 ] ] ], [ [ [ -102.490039062499989, 76.095068359375006 ], [ -102.008007812499997, 75.939404296874997 ], [ -102.57958984375, 75.780224609374997 ], [ -103.314746093750003, 75.764208984375003 ], [ -103.04150390625, 75.918847656249994 ], [ -103.769775390625, 75.892382812500003 ], [ -103.985253906249994, 75.93310546875 ], [ -103.80078125, 76.037011718749994 ], [ -104.406054687500003, 76.108496093750006 ], [ -104.350634765625003, 76.182324218749997 ], [ -104.012060546874991, 76.222998046875006 ], [ -102.72802734375, 76.30703125 ], [ -102.584082031249991, 76.281640625 ], [ -102.490039062499989, 76.095068359375006 ] ] ], [ [ [ -104.022851562499994, 76.583105468750006 ], [ -103.722753906249991, 76.60107421875 ], [ -103.033544921874991, 76.431494140625006 ], [ -103.472216796875003, 76.329052734374997 ], [ -104.357519531249991, 76.334619140624994 ], [ -104.60302734375, 76.582714843749997 ], [ -103.959082031249991, 76.638769531250006 ], [ -104.022851562499994, 76.583105468750006 ] ] ], [ [ [ -118.328125, 75.5796875 ], [ -118.817138671875, 75.522119140624994 ], [ -119.394580078124989, 75.617333984374994 ], [ -118.626074218750006, 75.90625 ], [ -117.752490234374989, 76.112451171874994 ], [ -117.512597656249994, 76.099414062500003 ], [ -117.626367187499994, 75.965966796874994 ], [ -118.328125, 75.5796875 ] ] ], [ [ [ -113.832470703124997, 77.754638671875 ], [ -114.608349609374997, 77.769335937500003 ], [ -115.029345703125003, 77.967529296875 ], [ -114.330371093750003, 78.077539062499994 ], [ -114.279833984375003, 78.004296875 ], [ -113.617919921875, 77.832421875 ], [ -113.832470703124997, 77.754638671875 ] ] ], [ [ [ -130.927148437499994, 54.479052734374996 ], [ -130.906835937500006, 54.631787109374997 ], [ -130.758007812500011, 54.61376953125 ], [ -130.763378906250011, 54.576708984374996 ], [ -130.927148437499994, 54.479052734374996 ] ] ], [ [ [ -131.029296875, 51.961621093749997 ], [ -131.103417968749994, 52.013867187499997 ], [ -131.098095703125011, 52.150634765625 ], [ -131.010644531249994, 52.095263671874996 ], [ -131.029296875, 51.961621093749997 ] ] ], [ [ [ -130.236279296875011, 53.958544921874996 ], [ -130.384228515625011, 53.843945312499997 ], [ -130.624609375, 53.94140625 ], [ -130.66357421875, 53.847558593750001 ], [ -130.707275390625, 53.921484375 ], [ -130.447998046875, 54.089013671875001 ], [ -130.236279296875011, 53.958544921874996 ] ] ], [ [ [ -129.754833984375011, 53.244775390625001 ], [ -129.934375, 53.176660156250001 ], [ -130.517578125, 53.544238281249996 ], [ -130.394824218749989, 53.620410156249996 ], [ -129.944726562499994, 53.436376953124999 ], [ -129.754833984375011, 53.244775390625001 ] ] ], [ [ [ -130.575341796874994, 54.769677734375001 ], [ -130.312548828124989, 54.945947265625001 ], [ -130.214062500000011, 55.02587890625 ], [ -130.203906249999989, 54.947021484375 ], [ -130.349414062499989, 54.814550781249999 ], [ -130.575341796874994, 54.769677734375001 ] ] ], [ [ [ -128.632666015625006, 53.1125 ], [ -128.509912109374994, 52.518603515624996 ], [ -128.678955078125, 52.289648437499999 ], [ -128.746337890625, 52.763378906249997 ], [ -128.899804687499994, 52.673828125 ], [ -129.184326171875, 52.990673828124997 ], [ -129.033251953124989, 53.279931640625001 ], [ -128.632666015625006, 53.1125 ] ] ], [ [ [ -126.092089843749989, 49.35400390625 ], [ -126.064013671874989, 49.263623046874997 ], [ -126.229638671874994, 49.295654296875 ], [ -126.208544921874989, 49.379785156249994 ], [ -126.092089843749989, 49.35400390625 ] ] ], [ [ [ -124.153662109375006, 49.531152343749994 ], [ -124.3623046875, 49.588183593749996 ], [ -124.649853515624997, 49.758349609374996 ], [ -124.421484375, 49.727783203125 ], [ -124.153662109375006, 49.531152343749994 ] ] ], [ [ [ -126.641210937500006, 49.605810546874999 ], [ -126.938574218750006, 49.718457031249997 ], [ -126.925830078124989, 49.837744140624999 ], [ -126.738134765625006, 49.843652343749994 ], [ -126.641210937500006, 49.605810546874999 ] ] ], [ [ [ -125.09140625, 50.267773437499997 ], [ -125.195117187499989, 50.044335937499994 ], [ -125.358447265624989, 50.3115234375 ], [ -125.301171875, 50.4140625 ], [ -125.09140625, 50.267773437499997 ] ] ], [ [ [ -128.993994140625006, 52.66171875 ], [ -128.968701171875011, 52.464257812500001 ], [ -129.151025390624994, 52.605322265624999 ], [ -129.263525390625006, 52.80078125 ], [ -128.993994140625006, 52.66171875 ] ] ], [ [ [ -127.924658203125006, 51.473876953125 ], [ -128.091796875, 51.511132812499994 ], [ -128.142382812499989, 51.646582031249999 ], [ -127.998681640624994, 51.703808593749997 ], [ -127.924658203125006, 51.473876953125 ] ] ], [ [ [ -128.36875, 52.40087890625 ], [ -128.445410156250006, 52.3875 ], [ -128.439794921875006, 52.696386718749999 ], [ -128.247265625000011, 52.784375 ], [ -128.36875, 52.40087890625 ] ] ], [ [ [ -129.313720703125, 52.9921875 ], [ -129.409716796874989, 53.023730468749996 ], [ -129.514746093750006, 53.179394531249997 ], [ -129.450732421874989, 53.174707031250001 ], [ -129.313720703125, 52.9921875 ] ] ], [ [ [ -129.167724609375, 53.117871093749997 ], [ -129.323876953124994, 53.142138671874996 ], [ -129.238183593749994, 53.330078125 ], [ -129.177001953125, 53.259130859374999 ], [ -129.167724609375, 53.117871093749997 ] ] ], [ [ [ -123.435400390625006, 48.754443359374996 ], [ -123.517529296874997, 48.750146484374994 ], [ -123.582324218749989, 48.92578125 ], [ -123.467871093750006, 48.867382812499997 ], [ -123.435400390625006, 48.754443359374996 ] ] ], [ [ [ -59.727148437499991, 44.002832031249994 ], [ -60.037744140624994, 43.906640625 ], [ -60.117480468749989, 43.953369140625 ], [ -59.727148437499991, 44.002832031249994 ] ] ], [ [ [ -60.912451171874991, 45.567285156249994 ], [ -61.002880859374997, 45.481738281249996 ], [ -61.081738281249997, 45.5578125 ], [ -60.912451171874991, 45.567285156249994 ] ] ], [ [ [ -61.914111328124989, 47.284521484374999 ], [ -61.772558593749991, 47.259814453124996 ], [ -62.00830078125, 47.234277343749994 ], [ -61.924707031249994, 47.425146484374999 ], [ -61.548046875, 47.631787109374997 ], [ -61.3955078125, 47.637646484374997 ], [ -61.914111328124989, 47.284521484374999 ] ] ], [ [ [ -64.508593749999989, 47.88671875 ], [ -64.533886718749997, 47.813769531249996 ], [ -64.6845703125, 47.753613281249997 ], [ -64.66328125, 47.863037109375 ], [ -64.508593749999989, 47.88671875 ] ] ], [ [ [ -64.47607421875, 47.958886718749994 ], [ -64.59130859375, 47.9072265625 ], [ -64.500195312499997, 48.013769531249999 ], [ -64.47607421875, 47.958886718749994 ] ] ], [ [ [ -66.273779296874991, 44.292285156249996 ], [ -66.324121093749994, 44.25732421875 ], [ -66.210351562499994, 44.392041015624997 ], [ -66.273779296874991, 44.292285156249996 ] ] ], [ [ [ -66.7625, 44.681787109374994 ], [ -66.897070312499991, 44.62890625 ], [ -66.802148437499994, 44.805371093749997 ], [ -66.7625, 44.681787109374994 ] ] ], [ [ [ -73.566503906249991, 45.469091796874999 ], [ -73.6435546875, 45.449121093749994 ], [ -73.960546875, 45.44140625 ], [ -73.687451171874997, 45.561425781249994 ], [ -73.47607421875, 45.704736328124994 ], [ -73.566503906249991, 45.469091796874999 ] ] ], [ [ [ -73.6953125, 45.585498046874996 ], [ -73.857714843749989, 45.573583984374999 ], [ -73.572363281249991, 45.694482421874994 ], [ -73.6953125, 45.585498046874996 ] ] ], [ [ [ -70.913476562499994, 46.91953125 ], [ -71.116650390624997, 46.86484375 ], [ -70.82578125, 46.995361328125 ], [ -70.913476562499994, 46.91953125 ] ] ], [ [ [ -55.472753906249991, 50.775927734374996 ], [ -55.633886718749991, 50.740185546874997 ], [ -55.469287109374989, 50.79638671875 ], [ -55.472753906249991, 50.775927734374996 ] ] ], [ [ [ -54.559179687499991, 49.631494140624994 ], [ -54.786523437499994, 49.496142578124996 ], [ -54.863574218749989, 49.576074218749994 ], [ -54.559179687499991, 49.631494140624994 ] ] ], [ [ [ -55.293554687499991, 51.929980468749996 ], [ -55.399804687499994, 51.9384765625 ], [ -55.274072265624994, 51.995166015624996 ], [ -55.293554687499991, 51.929980468749996 ] ] ], [ [ [ -54.093701171874997, 49.744433593749996 ], [ -53.980664062499997, 49.661962890624999 ], [ -54.2861328125, 49.595361328124994 ], [ -54.277636718749989, 49.711474609374996 ], [ -54.093701171874997, 49.744433593749996 ] ] ], [ [ [ -54.147558593749991, 47.573095703124999 ], [ -54.325976562499989, 47.408105468749994 ], [ -54.128173828125, 47.646826171874999 ], [ -54.147558593749991, 47.573095703124999 ] ] ], [ [ [ -64.823828125, 62.558740234374994 ], [ -64.515332031249997, 62.551806640625003 ], [ -64.418066406249991, 62.487402343749999 ], [ -64.657421875, 62.38359375 ], [ -64.956494140624997, 62.458349609374999 ], [ -64.823828125, 62.558740234374994 ] ] ], [ [ [ -67.922314453124997, 60.339892578125003 ], [ -68.365234375, 60.254052734374994 ], [ -68.367871093749997, 60.314746093750003 ], [ -68.141894531249989, 60.56201171875 ], [ -67.97802734375, 60.570410156249999 ], [ -67.81884765625, 60.449511718750003 ], [ -67.922314453124997, 60.339892578125003 ] ] ], [ [ [ -70.268847656249989, 62.578076171874997 ], [ -70.766064453124997, 62.596875 ], [ -71.220117187499994, 62.873925781249994 ], [ -70.442626953125, 62.733789062499994 ], [ -70.268847656249989, 62.578076171874997 ] ] ], [ [ [ -64.832617187499991, 61.366064453124999 ], [ -65.393896484374991, 61.562841796874999 ], [ -65.43212890625, 61.649511718749999 ], [ -64.789648437499991, 61.662207031249999 ], [ -64.669580078124994, 61.593017578125 ], [ -64.832617187499991, 61.366064453124999 ] ] ], [ [ [ -65.125634765624994, 61.942236328124999 ], [ -64.960546875, 61.871679687499999 ], [ -64.847070312499994, 61.761523437500003 ], [ -65.165917968749994, 61.79765625 ], [ -65.2353515625, 61.897705078125 ], [ -65.125634765624994, 61.942236328124999 ] ] ], [ [ [ -69.195166015624991, 59.146142578124994 ], [ -69.220849609374994, 58.967578125 ], [ -69.352832031249989, 58.960742187500003 ], [ -69.30322265625, 59.144873046874999 ], [ -69.195166015624991, 59.146142578124994 ] ] ], [ [ [ -64.407031249999989, 60.367089843749994 ], [ -64.441943359374989, 60.2978515625 ], [ -64.737939453124994, 60.375634765624994 ], [ -64.83642578125, 60.501025390625003 ], [ -64.646289062499989, 60.514599609374997 ], [ -64.407031249999989, 60.367089843749994 ] ] ], [ [ [ -60.96640625, 56.098828125 ], [ -60.982714843749989, 56.01513671875 ], [ -61.195849609374989, 56.063916015624997 ], [ -61.0869140625, 56.140820312499997 ], [ -60.96640625, 56.098828125 ] ] ], [ [ [ -61.848339843749997, 57.579345703125 ], [ -61.6375, 57.416064453124996 ], [ -62.01123046875, 57.548486328125001 ], [ -61.848339843749997, 57.579345703125 ] ] ], [ [ [ -67.914697265624994, 69.540966796874997 ], [ -68.20234375, 69.580419921875006 ], [ -68.221386718749997, 69.616748046875003 ], [ -67.908837890624994, 69.681835937499997 ], [ -67.754589843749997, 69.631445312500006 ], [ -67.914697265624994, 69.540966796874997 ] ] ], [ [ [ -62.681542968749994, 67.056298828124994 ], [ -62.871630859374989, 67.062597656250006 ], [ -62.625292968749989, 67.176953125 ], [ -62.396337890624991, 67.178320312500006 ], [ -62.681542968749994, 67.056298828124994 ] ] ], [ [ [ -78.845166015624997, 76.106298828125006 ], [ -79.0517578125, 75.866992187500003 ], [ -79.355664062499997, 75.831152343750006 ], [ -79.69873046875, 75.883251953124997 ], [ -79.009326171874989, 76.145898437499994 ], [ -78.845166015624997, 76.106298828125006 ] ] ], [ [ [ -79.82666015625, 56.843115234374999 ], [ -79.943652343749989, 56.776757812500001 ], [ -79.898144531249997, 56.865283203124996 ], [ -79.82666015625, 56.843115234374999 ] ] ], [ [ [ -79.716503906249997, 57.515527343750001 ], [ -79.808447265624991, 57.442431640624996 ], [ -79.838232421874991, 57.483007812499999 ], [ -79.742578125, 57.607958984374996 ], [ -79.716503906249997, 57.515527343750001 ] ] ], [ [ [ -79.491064453124991, 56.74267578125 ], [ -79.577392578125, 56.644921875 ], [ -79.570117187499989, 56.795703125 ], [ -79.491064453124991, 56.74267578125 ] ] ], [ [ [ -79.938232421875, 53.304150390624997 ], [ -80.004101562499997, 53.280078125 ], [ -80.074023437499989, 53.344287109374996 ], [ -79.974560546874997, 53.352246093749997 ], [ -79.938232421875, 53.304150390624997 ] ] ], [ [ [ -79.38427734375, 51.951953125 ], [ -79.520605468749991, 51.952929687499996 ], [ -79.64375, 52.010058593749996 ], [ -79.271289062499989, 52.086816406250001 ], [ -79.38427734375, 51.951953125 ] ] ], [ [ [ -123.3779296875, 48.908251953124996 ], [ -123.541015625, 48.945947265624994 ], [ -123.689257812499989, 49.095117187499994 ], [ -123.3779296875, 48.908251953124996 ] ] ], [ [ [ -124.977734375, 50.029589843749996 ], [ -125.025976562500006, 50.134082031249996 ], [ -124.990820312500006, 50.217138671874999 ], [ -124.907470703125, 50.083984375 ], [ -124.977734375, 50.029589843749996 ] ] ], [ [ [ -73.407177734374997, 67.793066406250006 ], [ -74.480712890625, 67.804882812499997 ], [ -74.749267578125, 68.018457031249994 ], [ -74.37939453125, 68.093457031249997 ], [ -73.435253906249997, 67.970019531250003 ], [ -73.407177734374997, 67.793066406250006 ] ] ], [ [ [ -78.536767578124994, 63.423730468749994 ], [ -77.703710937499991, 63.430859375 ], [ -77.53271484375, 63.233642578125 ], [ -77.942431640624989, 63.114404296874994 ], [ -78.536767578124994, 63.423730468749994 ] ] ], [ [ [ -94.296289062499994, 75.7880859375 ], [ -94.75146484375, 75.769677734374994 ], [ -94.901220703124991, 75.930761718750006 ], [ -94.498681640624994, 75.9921875 ], [ -94.296289062499994, 75.7880859375 ] ] ], [ [ [ -80.285253906249991, 59.624121093749999 ], [ -80.298974609374994, 59.674169921874999 ], [ -80.167236328125, 59.708886718749994 ], [ -80.183056640624997, 59.683496093749994 ], [ -80.285253906249991, 59.624121093749999 ] ] ], [ [ [ -79.898632812499997, 59.853125 ], [ -80.167089843749991, 59.763867187499997 ], [ -80.041162109374994, 59.870166015625003 ], [ -79.898632812499997, 59.853125 ] ] ], [ [ [ -96.782324218749991, 72.936621093750006 ], [ -97.0927734375, 72.996923828125006 ], [ -97.069238281249994, 73.130175781250003 ], [ -96.862402343749991, 73.188818359375006 ], [ -96.598486328124991, 73.073828125 ], [ -96.782324218749991, 72.936621093750006 ] ] ], [ [ [ -97.291308593749989, 74.576367187499997 ], [ -97.656103515624991, 74.465673828125006 ], [ -97.75, 74.510546875 ], [ -97.41650390625, 74.6265625 ], [ -97.291308593749989, 74.576367187499997 ] ] ], [ [ [ -98.270361328124991, 73.868505859375006 ], [ -98.973925781249989, 73.812060546875003 ], [ -99.4169921875, 73.895410156249994 ], [ -98.06103515625, 74.1046875 ], [ -97.659130859374997, 74.071630859375006 ], [ -98.270361328124991, 73.868505859375006 ] ] ], [ [ [ -90.199804687499991, 69.419091796874994 ], [ -90.177392578124994, 69.357080078124994 ], [ -90.295458984374989, 69.2578125 ], [ -90.492041015624991, 69.369873046875 ], [ -90.199804687499991, 69.419091796874994 ] ] ], [ [ [ -90.492578125, 69.22109375 ], [ -90.574414062499997, 69.209423828124997 ], [ -90.765673828124989, 69.335986328125003 ], [ -90.599707031249991, 69.367822265624994 ], [ -90.492578125, 69.22109375 ] ] ], [ [ [ -74.000439453124997, 62.618408203125 ], [ -74.253515625, 62.621972656249994 ], [ -74.62646484375, 62.712744140624999 ], [ -74.108935546874989, 62.680322265624994 ], [ -74.000439453124997, 62.618408203125 ] ] ], [ [ [ -74.880859375, 68.348681640625003 ], [ -75.31015625, 68.474462890625006 ], [ -75.396191406249997, 68.588818359374997 ], [ -75.287402343749989, 68.687744140625 ], [ -74.983642578125, 68.647607421874994 ], [ -74.798242187499994, 68.457958984374997 ], [ -74.880859375, 68.348681640625003 ] ] ], [ [ [ -78.278857421874989, 60.783886718749997 ], [ -78.668896484374997, 60.716894531249999 ], [ -78.24169921875, 60.818652343750003 ], [ -78.278857421874989, 60.783886718749997 ] ] ], [ [ [ -78.982714843749989, 68.192822265624997 ], [ -79.174023437499997, 68.234960937500006 ], [ -79.153466796874994, 68.335253906250003 ], [ -78.952587890624997, 68.35302734375 ], [ -78.828515625, 68.268164062500006 ], [ -78.982714843749989, 68.192822265624997 ] ] ], [ [ [ -76.677587890624991, 63.393945312499994 ], [ -76.921875, 63.406347656249999 ], [ -77.36474609375, 63.588330078124997 ], [ -77.133691406249994, 63.68203125 ], [ -76.652441406249991, 63.503564453124994 ], [ -76.677587890624991, 63.393945312499994 ] ] ], [ [ [ -79.4306640625, 69.787792968749997 ], [ -79.364990234375, 69.712353515624997 ], [ -79.552832031249991, 69.630859375 ], [ -80.047509765624994, 69.634326171875003 ], [ -79.977832031249989, 69.509667968749994 ], [ -80.794775390624991, 69.689257812500003 ], [ -80.42421875, 69.797607421875 ], [ -80.124609375, 69.737255859374997 ], [ -79.4306640625, 69.787792968749997 ] ] ], [ [ [ -78.029101562499989, 69.714892578125003 ], [ -77.969140625, 69.638964843750003 ], [ -78.039990234374997, 69.6083984375 ], [ -78.848193359374989, 69.4828125 ], [ -78.578564453124997, 69.638818359374994 ], [ -78.029101562499989, 69.714892578125003 ] ] ], [ [ [ -77.563623046874994, 64.022070312500006 ], [ -77.7140625, 63.945703125 ], [ -77.965966796874994, 63.992919921875 ], [ -77.563623046874994, 64.022070312500006 ] ] ], [ [ [ -83.237841796874989, 66.33154296875 ], [ -82.948144531249994, 66.271923828124997 ], [ -82.931347656249997, 66.25732421875 ], [ -83.059863281249989, 66.199267578125003 ], [ -83.237841796874989, 66.33154296875 ] ] ], [ [ [ -79.210644531249997, 68.845458984375 ], [ -79.40576171875, 68.923046875 ], [ -78.662011718749994, 69.262353515624994 ], [ -78.650195312499989, 69.351220703124994 ], [ -78.332568359374989, 69.386035156250003 ], [ -78.228955078124997, 69.304003906250003 ], [ -78.852685546874994, 68.915673828124994 ], [ -79.210644531249997, 68.845458984375 ] ] ], [ [ [ -76.995361328125, 69.14375 ], [ -77.321923828124994, 69.193603515625 ], [ -77.37939453125, 69.274023437500006 ], [ -77.340917968749991, 69.403857421875003 ], [ -76.668847656249994, 69.366162109374997 ], [ -76.995361328125, 69.14375 ] ] ], [ [ [ -87.3232421875, 70.080126953125003 ], [ -86.612744140624997, 70.105712890625 ], [ -86.515234375, 70.017041015624997 ], [ -87.043798828124991, 69.999853515625006 ], [ -87.3232421875, 70.080126953125003 ] ] ], [ [ [ -83.725976562499994, 65.796728515625006 ], [ -83.233935546874989, 65.696582031250003 ], [ -83.381445312499991, 65.629980468750006 ], [ -83.787548828124997, 65.668896484374997 ], [ -83.701904296875, 65.756201171875006 ], [ -83.813574218749991, 65.7875 ], [ -84.118261718749991, 65.771777343750003 ], [ -84.143212890624994, 65.915966796874997 ], [ -84.467382812499991, 66.08828125 ], [ -84.407177734374997, 66.131005859374994 ], [ -83.786962890624991, 65.965771484374997 ], [ -83.701367187499997, 65.920117187499997 ], [ -83.725976562499994, 65.796728515625006 ] ] ], [ [ [ -86.595556640624991, 67.7359375 ], [ -86.892529296874997, 67.836572265624994 ], [ -86.847070312499994, 68.01025390625 ], [ -86.959814453124991, 68.100244140624994 ], [ -86.702099609374997, 68.305615234374997 ], [ -86.421142578125, 68.183447265625006 ], [ -86.396435546874997, 67.888964843750003 ], [ -86.595556640624991, 67.7359375 ] ] ], [ [ [ -84.674755859374997, 65.575 ], [ -85.096337890624994, 65.756201171875006 ], [ -85.149609375, 66.015380859375 ], [ -84.938574218749991, 66.008544921875 ], [ -84.757373046874989, 65.858935546875003 ], [ -84.602636718749991, 65.657373046874994 ], [ -84.674755859374997, 65.575 ] ] ], [ [ [ -92.993017578124991, 61.889697265625003 ], [ -93.084814453124991, 61.841699218749994 ], [ -93.196679687499994, 61.918554687499999 ], [ -92.993017578124991, 61.889697265625003 ] ] ], [ [ [ -101.226123046874989, 76.579345703125 ], [ -101.613085937499989, 76.604589843750006 ], [ -100.886474609375, 76.74267578125 ], [ -100.269140625, 76.734130859375 ], [ -101.226123046874989, 76.579345703125 ] ] ], [ [ [ -102.78828125, 78.218164062499994 ], [ -103.118212890624989, 78.126367187499994 ], [ -103.273583984374994, 78.165771484375 ], [ -102.973291015624994, 78.267236328124994 ], [ -102.78828125, 78.218164062499994 ] ] ], [ [ [ -101.002050781249991, 77.735107421875 ], [ -102.377832031249994, 77.728125 ], [ -102.471533203124991, 77.873486328124997 ], [ -101.639404296875, 77.89208984375 ], [ -101.002050781249991, 77.735107421875 ] ] ], [ [ [ -89.726464843749994, 76.507421875 ], [ -90.16455078125, 76.523583984374994 ], [ -90.5625, 76.754296875 ], [ -89.948779296874989, 76.836230468750003 ], [ -89.695410156249991, 76.741162109374997 ], [ -89.822119140624991, 76.630615234375 ], [ -89.726464843749994, 76.507421875 ] ] ], [ [ [ -95.959863281249994, 75.554345703124994 ], [ -96.461621093749997, 75.494238281250006 ], [ -96.857128906249997, 75.369140625 ], [ -97.020654296874994, 75.468066406250003 ], [ -96.367822265624994, 75.654638671875006 ], [ -95.959863281249994, 75.554345703124994 ] ] ], [ [ [ -95.306640625, 74.505419921875003 ], [ -95.777197265624991, 74.550732421874997 ], [ -95.850732421874994, 74.582470703124997 ], [ -95.510205078124997, 74.636767578125003 ], [ -95.306640625, 74.505419921875003 ] ] ], [ [ [ -120.921240234375006, 75.814453125 ], [ -121.240917968749997, 75.751855468749994 ], [ -120.887792968750006, 75.927978515625 ], [ -120.921240234375006, 75.814453125 ] ] ], [ [ [ -113.516503906249994, 76.825048828125006 ], [ -113.712451171875003, 76.710546875 ], [ -114.835253906250003, 76.794677734375 ], [ -113.891650390625003, 76.894873046875006 ], [ -113.516503906249994, 76.825048828125006 ] ] ], [ [ [ -103.813916015624997, 75.079736328124994 ], [ -104.634326171875003, 75.061279296875 ], [ -104.887402343749997, 75.147753906250003 ], [ -104.648828125, 75.349755859374994 ], [ -104.34619140625, 75.429931640625 ], [ -103.851171875, 75.370800781249997 ], [ -103.643505859374997, 75.186572265625003 ], [ -103.813916015624997, 75.079736328124994 ] ] ], [ [ [ -100.217236328124997, 68.806689453125003 ], [ -100.397314453124991, 68.723828125 ], [ -100.596533203124991, 68.76640625 ], [ -100.611572265625, 68.990185546874997 ], [ -100.329931640624991, 68.99755859375 ], [ -100.178466796875, 68.90390625 ], [ -100.217236328124997, 68.806689453125003 ] ] ], [ [ [ -99.994677734374989, 69.013525390625006 ], [ -100.018017578124997, 68.954003906249994 ], [ -100.141308593749997, 68.969921875 ], [ -100.247363281249989, 69.052783203125003 ], [ -100.153125, 69.129492187500006 ], [ -99.994677734374989, 69.013525390625006 ] ] ], [ [ [ -100.308349609375, 70.495800781249997 ], [ -100.620654296874989, 70.546923828125003 ], [ -100.678320312499991, 70.646191406249997 ], [ -100.276123046875, 70.594628906249994 ], [ -100.308349609375, 70.495800781249997 ] ] ], [ [ [ -95.875830078124991, 69.606005859375003 ], [ -95.380908203124989, 69.506591796875 ], [ -95.496240234374994, 69.35009765625 ], [ -95.730126953124994, 69.347558593749994 ], [ -95.665820312499989, 69.43896484375 ], [ -95.763623046874997, 69.559619140625003 ], [ -95.893457031249994, 69.351757812499997 ], [ -95.9859375, 69.391894531250003 ], [ -95.875830078124991, 69.606005859375003 ] ] ], [ [ [ -101.000634765624994, 69.4619140625 ], [ -101.268505859374997, 69.390576171874997 ], [ -101.207324218749989, 69.479833984375006 ], [ -101.351318359375, 69.559228515624994 ], [ -101.000634765624994, 69.4619140625 ] ] ], [ [ [ -101.721630859374997, 68.72412109375 ], [ -101.88720703125, 68.5849609375 ], [ -102.308154296874989, 68.681982421875006 ], [ -102.013378906249997, 68.825390625 ], [ -101.828369140625, 68.798974609374994 ], [ -101.721630859374997, 68.72412109375 ] ] ], [ [ [ -104.540673828124994, 68.405908203124994 ], [ -104.851123046875003, 68.453955078125006 ], [ -105.051367187499991, 68.559033203124997 ], [ -104.602001953124997, 68.5615234375 ], [ -104.44453125, 68.470703125 ], [ -104.540673828124994, 68.405908203124994 ] ] ], [ [ [ -107.899853515624997, 67.401806640624997 ], [ -107.950244140625003, 67.318212890625006 ], [ -108.152246093749994, 67.429443359375 ], [ -108.127539062499991, 67.628564453124994 ], [ -107.990869140624994, 67.622119140625003 ], [ -107.899853515624997, 67.401806640624997 ] ] ], [ [ [ -109.16640625, 67.982373046874997 ], [ -108.970507812500003, 67.979736328125 ], [ -108.886035156250003, 67.898535156250006 ], [ -109.096240234375003, 67.924023437499997 ], [ -109.16640625, 67.982373046874997 ] ] ], [ [ [ -108.092724609374997, 67.005175781250003 ], [ -107.966455078124994, 66.997265625 ], [ -107.805517578124991, 66.998583984375003 ], [ -107.943945312499991, 66.8578125 ], [ -108.092724609374997, 67.005175781250003 ] ] ], [ [ [ -109.469140625, 68.097998046875006 ], [ -109.36083984375, 67.987597656250003 ], [ -109.497949218749994, 68.047021484374994 ], [ -109.469140625, 68.097998046875006 ] ] ], [ [ [ -138.878857421875011, 69.589697265625006 ], [ -139.125732421875, 69.539306640625 ], [ -139.29140625, 69.597851562499997 ], [ -139.139599609375011, 69.649609375 ], [ -138.878857421875011, 69.589697265625006 ] ] ] ] } },
{ "type": "Feature", "properties": { "name": "Brazil", "continent": "South America" }, "geometry": { "type": "MultiPolygon", "coordinates": [ [ [ [ -66.876025390624989, 1.223046875 ], [ -66.347119140624997, 0.7671875 ], [ -66.06005859375, 0.785351562499997 ], [ -65.681445312499989, 0.983447265624989 ], [ -65.522998046874989, 0.843408203124994 ], [ -65.556054687499994, 0.68798828125 ], [ -65.473388671875, 0.691259765624991 ], [ -65.103759765625, 1.108105468749997 ], [ -64.205029296874997, 1.529492187499997 ], [ -64.008496093749997, 1.931591796874997 ], [ -63.432519531249994, 2.155566406249989 ], [ -63.389257812499991, 2.411914062499989 ], [ -64.046582031249997, 2.502392578124997 ], [ -64.009033203125, 2.671875 ], [ -64.218847656249991, 3.2046875 ], [ -64.22109375, 3.58740234375 ], [ -64.668994140624989, 4.011816406249991 ], [ -64.788671875, 4.276025390624994 ], [ -64.576367187499997, 4.139892578125 ], [ -64.192480468749991, 4.126855468749994 ], [ -64.021484375, 3.929101562499994 ], [ -63.338671874999989, 3.943896484374989 ], [ -62.968652343749994, 3.593945312499997 ], [ -62.856982421874989, 3.593457031249997 ], [ -62.764599609374997, 3.672949218749991 ], [ -62.712109375, 4.017919921874991 ], [ -62.41064453125, 4.15673828125 ], [ -62.153125, 4.098388671875 ], [ -61.820849609374989, 4.197021484375 ], [ -61.554248046874989, 4.287792968749997 ], [ -61.280078124999989, 4.516894531249989 ], [ -61.002832031249994, 4.535253906249991 ], [ -60.627587890624994, 4.892529296874997 ], [ -60.635009765625, 5.081982421874997 ], [ -60.742138671874997, 5.202050781249994 ], [ -60.6513671875, 5.221142578124997 ], [ -60.142041015624997, 5.238818359374989 ], [ -59.990673828124997, 5.082861328124991 ], [ -60.031787109374989, 4.740527343749989 ], [ -60.148632812499997, 4.533251953124989 ], [ -59.703271484374994, 4.381103515625 ], [ -59.738574218749989, 4.226757812499997 ], [ -59.551123046874991, 3.933544921874997 ], [ -59.679003906249989, 3.699804687499991 ], [ -59.854394531249994, 3.5875 ], [ -59.831152343749991, 3.34921875 ], [ -59.972314453124994, 2.990478515625 ], [ -59.994335937499997, 2.689990234374989 ], [ -59.8896484375, 2.362939453124994 ], [ -59.755224609374991, 2.274121093749997 ], [ -59.756201171874991, 1.900634765625 ], [ -59.666601562499991, 1.746289062499997 ], [ -59.231201171875, 1.376025390624989 ], [ -58.8625, 1.20361328125 ], [ -58.511865234374994, 1.28466796875 ], [ -58.506054687499997, 1.438671875 ], [ -58.340673828124991, 1.587548828124994 ], [ -58.03466796875, 1.520263671875 ], [ -57.9828125, 1.6484375 ], [ -57.594433593749997, 1.7041015625 ], [ -57.366796875, 1.940136718749997 ], [ -57.118896484375, 2.013964843749989 ], [ -56.836718749999989, 1.88125 ], [ -56.4828125, 1.942138671875 ], [ -55.963330078124997, 1.857080078124994 ], [ -55.915332031249989, 2.03955078125 ], [ -56.1376953125, 2.259033203125 ], [ -55.957470703124997, 2.520458984374997 ], [ -55.730566406249991, 2.406152343749994 ], [ -55.385351562499991, 2.440625 ], [ -54.978662109374994, 2.59765625 ], [ -54.661865234375, 2.327539062499994 ], [ -54.130078125, 2.121044921874997 ], [ -53.767773437499997, 2.354833984374991 ], [ -53.508984375, 2.253125 ], [ -53.334423828124997, 2.339746093749994 ], [ -53.229785156249989, 2.204882812499989 ], [ -52.96484375, 2.183544921874997 ], [ -52.653173828124991, 2.425732421874997 ], [ -52.327880859375, 3.181738281249991 ], [ -51.652539062499983, 4.061279296875 ], [ -51.547070312499983, 4.310888671874991 ], [ -51.461523437500006, 4.313769531249989 ], [ -51.219921874999983, 4.093603515624991 ], [ -50.994140625, 3.077539062499994 ], [ -50.678759765624989, 2.210351562499994 ], [ -50.714404296874989, 2.134033203125 ], [ -50.608691406249989, 2.104101562499991 ], [ -50.458886718749994, 1.82958984375 ], [ -49.957128906250006, 1.659863281249997 ], [ -49.898876953124983, 1.162988281249994 ], [ -50.29443359375, 0.835742187499989 ], [ -50.755078124999983, 0.222558593749994 ], [ -51.282910156249983, -0.085205078125 ], [ -51.404150390625006, -0.392675781250006 ], [ -51.70263671875, -0.762304687500006 ], [ -51.720605468749994, -1.018457031250009 ], [ -51.921630859375, -1.180859375000011 ], [ -51.980810546875006, -1.36796875 ], [ -52.229248046875, -1.3625 ], [ -52.664160156249991, -1.5517578125 ], [ -52.310302734375, -1.5595703125 ], [ -52.196679687499994, -1.64013671875 ], [ -51.947558593749989, -1.58671875 ], [ -50.894921875, -0.937597656250006 ], [ -50.838183593749989, -1.038867187500003 ], [ -50.917871093749994, -1.115234375 ], [ -50.690039062500006, -1.76171875 ], [ -50.403222656249994, -2.015527343750009 ], [ -49.999218749999983, -1.831835937500003 ], [ -49.719531249999989, -1.926367187500006 ], [ -49.313671874999983, -1.731738281250003 ], [ -49.636523437499989, -2.656933593750011 ], [ -49.45751953125, -2.504589843750011 ], [ -49.211035156250006, -1.91650390625 ], [ -48.991308593750006, -1.829785156250011 ], [ -48.710009765624989, -1.487695312500009 ], [ -48.462939453124989, -1.613964843750011 ], [ -48.349804687499983, -1.482128906250011 ], [ -48.468066406249989, -1.393847656250003 ], [ -48.449804687500006, -1.1455078125 ], [ -48.115087890625006, -0.7375 ], [ -47.9609375, -0.769628906250006 ], [ -47.807666015624989, -0.663476562500009 ], [ -47.687109375, -0.724804687500011 ], [ -47.557324218749983, -0.669921875 ], [ -47.418652343749983, -0.765917968750003 ], [ -47.4390625, -0.647656250000011 ], [ -47.268603515624989, -0.645410156250009 ], [ -47.126904296874983, -0.745410156250003 ], [ -46.811230468749983, -0.7796875 ], [ -46.617236328124989, -0.970605468750009 ], [ -46.219140625, -1.03125 ], [ -46.214990234374994, -1.099804687500011 ], [ -46.044628906249983, -1.10302734375 ], [ -45.644775390625, -1.347851562500011 ], [ -45.45859375, -1.35625 ], [ -45.329150390624989, -1.71728515625 ], [ -45.076367187499983, -1.46640625 ], [ -44.721142578124983, -1.733496093750006 ], [ -44.778515624999983, -1.798828125 ], [ -44.651269531249994, -1.745800781250011 ], [ -44.537792968749983, -2.052734375 ], [ -44.75634765625, -2.265527343750009 ], [ -44.662402343749989, -2.373242187500011 ], [ -44.435449218749994, -2.168066406250006 ], [ -44.3818359375, -2.365527343750003 ], [ -44.520117187500006, -2.405468750000011 ], [ -44.589013671874994, -2.573437500000011 ], [ -44.723046875, -3.204785156250011 ], [ -44.437548828124989, -2.944433593750006 ], [ -44.228613281250006, -2.471289062500006 ], [ -44.105566406250006, -2.493457031250003 ], [ -44.192675781249989, -2.8095703125 ], [ -43.932910156249989, -2.58349609375 ], [ -43.455126953124989, -2.502050781250006 ], [ -43.380078124999983, -2.376074218750006 ], [ -42.936718749999983, -2.465039062500011 ], [ -42.249609375, -2.7919921875 ], [ -41.876171874999983, -2.74658203125 ], [ -41.479931640624983, -2.91650390625 ], [ -40.474560546874983, -2.795605468750011 ], [ -39.964697265625006, -2.861523437500011 ], [ -38.475781249999983, -3.717480468750011 ], [ -38.048828125, -4.21640625 ], [ -37.626318359375006, -4.592089843750003 ], [ -37.301464843749983, -4.713085937500011 ], [ -37.174658203125006, -4.912402343750003 ], [ -36.590722656249994, -5.097558593750009 ], [ -35.979882812499994, -5.054394531250011 ], [ -35.549414062500006, -5.12939453125 ], [ -35.392578125, -5.250878906250009 ], [ -35.235449218750006, -5.566699218750003 ], [ -34.805468749999989, -7.288378906250003 ], [ -34.878613281249983, -7.747460937500009 ], [ -34.834667968749983, -7.971484375 ], [ -34.966650390625006, -8.407617187500009 ], [ -35.157763671874989, -8.930566406250009 ], [ -35.597070312499994, -9.540625 ], [ -35.763964843749989, -9.702539062500009 ], [ -35.890820312499983, -9.68701171875 ], [ -35.885449218749983, -9.84765625 ], [ -36.398339843749994, -10.484082031250011 ], [ -36.937792968749989, -10.820410156250006 ], [ -37.093359375, -11.054785156250006 ], [ -37.182812499999983, -11.068457031250006 ], [ -37.181201171874989, -11.1875 ], [ -37.356005859374989, -11.40390625 ], [ -37.32177734375, -11.215136718750003 ], [ -37.359228515625006, -11.252539062500006 ], [ -37.688720703125, -12.1 ], [ -38.23974609375, -12.84423828125 ], [ -38.498925781249994, -12.956640625 ], [ -38.52490234375, -12.762304687500006 ], [ -38.690966796874989, -12.623925781250009 ], [ -38.851757812499983, -12.790136718750006 ], [ -38.763720703124989, -12.9072265625 ], [ -38.835302734375006, -13.147167968750011 ], [ -39.030908203124994, -13.365136718750009 ], [ -39.08935546875, -13.588183593750003 ], [ -38.988623046875006, -13.615039062500003 ], [ -39.048144531249989, -14.0439453125 ], [ -39.008496093749983, -14.101171875 ], [ -38.942333984374983, -14.030664062500009 ], [ -39.0595703125, -14.65478515625 ], [ -38.880615234375, -15.8642578125 ], [ -39.202880859375, -17.178125 ], [ -39.154003906249983, -17.70390625 ], [ -39.486767578124983, -17.990136718750009 ], [ -39.65078125, -18.25234375 ], [ -39.739794921874989, -18.639843750000011 ], [ -39.699853515624994, -19.27783203125 ], [ -39.783300781250006, -19.57177734375 ], [ -40.001367187499994, -19.741992187500003 ], [ -40.395947265624983, -20.569433593750006 ], [ -40.789257812499983, -20.906054687500003 ], [ -40.954541015624983, -21.237890625 ], [ -41.047265625, -21.505664062500003 ], [ -41.000292968749989, -21.9990234375 ], [ -41.705517578124983, -22.309667968750006 ], [ -41.980419921874983, -22.580664062500006 ], [ -41.94091796875, -22.788281250000011 ], [ -42.042382812499994, -22.947070312500003 ], [ -42.958300781249989, -22.967089843750003 ], [ -43.081152343750006, -22.902539062500011 ], [ -43.0654296875, -22.770703125000011 ], [ -43.154296875, -22.725195312500006 ], [ -43.241943359375, -22.795117187500011 ], [ -43.224169921874989, -22.9912109375 ], [ -43.898828125, -23.101464843750009 ], [ -43.973828124999983, -23.057324218750011 ], [ -43.675976562499983, -23.009472656250011 ], [ -43.866162109374983, -22.910546875 ], [ -44.637255859374989, -23.05546875 ], [ -44.673828125, -23.206640625 ], [ -44.569677734375006, -23.274023437500006 ], [ -44.95166015625, -23.381445312500006 ], [ -45.325390624999983, -23.599707031250006 ], [ -45.464306640624983, -23.802539062500003 ], [ -45.972070312499994, -23.795507812500006 ], [ -46.867285156250006, -24.236328125 ], [ -47.13720703125, -24.4931640625 ], [ -47.989160156249994, -25.035742187500006 ], [ -47.908349609374994, -25.068164062500003 ], [ -47.929394531249983, -25.168261718750003 ], [ -48.202734375, -25.41650390625 ], [ -48.1859375, -25.309863281250003 ], [ -48.402490234374994, -25.272070312500006 ], [ -48.476123046874989, -25.44296875 ], [ -48.731738281249989, -25.36875 ], [ -48.692187499999989, -25.491503906250003 ], [ -48.401171874999989, -25.597363281250011 ], [ -48.545166015625, -25.81591796875 ], [ -48.665771484375, -25.844335937500006 ], [ -48.576318359374994, -25.935449218750009 ], [ -48.619433593749989, -26.179394531250011 ], [ -48.748291015625, -26.268652343750006 ], [ -48.651611328125, -26.406445312500011 ], [ -48.677734375, -26.702929687500003 ], [ -48.554150390624983, -27.195996093750011 ], [ -48.642578125, -27.557910156250003 ], [ -48.620800781249983, -28.075585937500009 ], [ -48.799658203125006, -28.575292968750006 ], [ -49.271289062499989, -28.871191406250006 ], [ -49.745996093749994, -29.363183593750009 ], [ -50.033349609374994, -29.800976562500011 ], [ -50.299511718749983, -30.42578125 ], [ -50.92138671875, -31.258398437500006 ], [ -52.039208984374994, -32.11484375 ], [ -52.063232421875, -31.830371093750003 ], [ -51.893164062500006, -31.867773437500006 ], [ -51.6806640625, -31.774609375000011 ], [ -51.272167968749983, -31.476953125 ], [ -51.17431640625, -31.339746093750009 ], [ -51.161425781249989, -31.118847656250011 ], [ -50.980078125, -31.09423828125 ], [ -50.940820312499994, -30.903710937500009 ], [ -50.689306640625006, -30.704199218750006 ], [ -50.71630859375, -30.425976562500011 ], [ -50.581933593749994, -30.438867187500009 ], [ -50.563525390624989, -30.253613281250011 ], [ -51.024951171874989, -30.36865234375 ], [ -51.040380859375006, -30.260644531250009 ], [ -51.179296875, -30.211035156250006 ], [ -51.298046874999983, -30.034863281250011 ], [ -51.281787109374989, -30.244140625 ], [ -51.157275390624989, -30.3642578125 ], [ -51.287695312500006, -30.591210937500009 ], [ -51.283056640625006, -30.7515625 ], [ -51.359082031249983, -30.674511718750011 ], [ -51.506298828124983, -31.1044921875 ], [ -51.972460937499989, -31.3837890625 ], [ -52.193554687499997, -31.885546875 ], [ -52.127392578124997, -32.167773437500003 ], [ -52.341650390624991, -32.439746093750003 ], [ -52.652246093749994, -33.137792968750006 ], [ -53.37060546875, -33.7421875 ], [ -53.531347656249991, -33.655468750000011 ], [ -53.531347656249991, -33.1708984375 ], [ -53.125585937499991, -32.73671875 ], [ -53.601708984374994, -32.403027343750011 ], [ -53.76171875, -32.056835937500011 ], [ -54.220556640624991, -31.855175781250011 ], [ -54.587646484375, -31.48515625 ], [ -55.173535156249997, -31.279589843750003 ], [ -55.60302734375, -30.850781250000011 ], [ -55.807763671874994, -31.03671875 ], [ -56.004687499999989, -31.079199218750006 ], [ -56.044824218749994, -30.777636718750003 ], [ -56.832714843749997, -30.107226562500003 ], [ -57.120507812499994, -30.144433593750009 ], [ -57.214453125, -30.283398437500011 ], [ -57.552294921874989, -30.26123046875 ], [ -57.60888671875, -30.187792968750003 ], [ -56.938623046874994, -29.594824218750006 ], [ -55.890527343749994, -28.370019531250009 ], [ -55.687255859375, -28.381640625 ], [ -55.725488281249994, -28.2041015625 ], [ -55.101513671874997, -27.866796875 ], [ -54.8291015625, -27.550585937500003 ], [ -54.327001953124991, -27.423535156250011 ], [ -54.156445312499997, -27.253808593750009 ], [ -53.838183593749989, -27.12109375 ], [ -53.71728515625, -26.8828125 ], [ -53.671289062499994, -26.22509765625 ], [ -53.891162109374989, -25.668847656250009 ], [ -54.012304687499991, -25.577929687500003 ], [ -54.154589843749989, -25.523046875 ], [ -54.443945312499991, -25.625 ], [ -54.615869140624994, -25.576074218750009 ], [ -54.436230468749997, -25.121289062500011 ], [ -54.281005859375, -24.306054687500009 ], [ -54.318261718749994, -24.128125 ], [ -54.241796875, -24.047265625 ], [ -54.62548828125, -23.8125 ], [ -55.1943359375, -24.017480468750009 ], [ -55.415917968749994, -23.951367187500011 ], [ -55.650732421874991, -22.886425781250011 ], [ -55.61767578125, -22.671484375 ], [ -55.799560546875, -22.35390625 ], [ -56.246044921874997, -22.2646484375 ], [ -56.447802734374989, -22.076171875 ], [ -56.633007812499997, -22.23486328125 ], [ -56.937255859375, -22.271289062500003 ], [ -57.72109375, -22.09921875 ], [ -57.879833984374997, -22.135644531250009 ], [ -57.985693359374991, -22.04638671875 ], [ -57.830224609374994, -20.997949218750009 ], [ -58.159765625, -20.164648437500006 ], [ -57.860742187499994, -19.979589843750006 ], [ -58.131494140624994, -19.74453125 ], [ -57.800390625, -19.080957031250009 ], [ -57.716796875, -19.044042968750006 ], [ -57.783105468749994, -18.914257812500011 ], [ -57.495654296874989, -18.214648437500003 ], [ -57.832470703124997, -17.512109375 ], [ -57.990917968749997, -17.512890625000011 ], [ -58.39599609375, -17.234277343750009 ], [ -58.478125, -16.70068359375 ], [ -58.350390624999989, -16.490820312500006 ], [ -58.345605468749994, -16.284375 ], [ -60.175585937499989, -16.269335937500003 ], [ -60.242333984374994, -15.479589843750006 ], [ -60.583203125, -15.098339843750011 ], [ -60.273339843749994, -15.088769531250009 ], [ -60.298876953124989, -14.618554687500009 ], [ -60.474658203124989, -14.184765625000011 ], [ -60.404980468749997, -14.019238281250011 ], [ -60.506591796875, -13.78984375 ], [ -61.077001953124991, -13.48974609375 ], [ -61.789941406249994, -13.525585937500011 ], [ -62.118017578124991, -13.159765625 ], [ -62.765478515624991, -12.997265625000011 ], [ -63.015185546874989, -12.805566406250009 ], [ -63.067480468749991, -12.669140625000011 ], [ -63.3466796875, -12.680078125 ], [ -63.688574218749991, -12.47802734375 ], [ -63.938574218749991, -12.5296875 ], [ -64.420507812499991, -12.439746093750003 ], [ -64.513427734375, -12.2509765625 ], [ -64.992529296874991, -11.975195312500006 ], [ -65.090283203124997, -11.7412109375 ], [ -65.185742187499997, -11.74951171875 ], [ -65.389892578125, -11.246289062500011 ], [ -65.323779296874989, -11.024804687500009 ], [ -65.447119140624991, -10.507421875 ], [ -65.298583984375, -10.146777343750003 ], [ -65.396142578124994, -9.71240234375 ], [ -65.558691406249991, -9.797460937500006 ], [ -66.575341796874994, -9.89990234375 ], [ -67.416943359374997, -10.389843750000011 ], [ -67.721777343749991, -10.68310546875 ], [ -68.071679687499994, -10.703125 ], [ -68.311132812499991, -10.975195312500006 ], [ -68.62265625, -11.109179687500003 ], [ -69.228515625, -10.955664062500006 ], [ -69.960351562499994, -10.929882812500011 ], [ -70.341992187499997, -11.066699218750003 ], [ -70.533251953124989, -10.946875 ], [ -70.642333984375, -11.01025390625 ], [ -70.636914062499997, -9.82373046875 ], [ -70.541113281249991, -9.4375 ], [ -71.237939453124994, -9.966015625000011 ], [ -72.181591796874997, -10.003710937500003 ], [ -72.1728515625, -9.844042968750003 ], [ -72.379052734374994, -9.51015625 ], [ -73.209423828124997, -9.411425781250003 ], [ -72.970361328124994, -9.1201171875 ], [ -72.974023437499994, -8.9931640625 ], [ -73.302441406249997, -8.654003906250011 ], [ -73.360400390624989, -8.479296875 ], [ -73.549121093749989, -8.345800781250006 ], [ -73.775585937499997, -7.936425781250009 ], [ -73.720410156249997, -7.782519531250003 ], [ -74.002050781249991, -7.556054687500009 ], [ -73.964306640624997, -7.37890625 ], [ -73.720410156249997, -7.309277343750011 ], [ -73.804638671874997, -7.079882812500003 ], [ -73.758105468749989, -6.90576171875 ], [ -73.137353515624994, -6.4658203125 ], [ -73.235546875, -6.0984375 ], [ -72.979882812499994, -5.634863281250006 ], [ -72.887060546874991, -5.122753906250011 ], [ -71.8447265625, -4.50439453125 ], [ -70.973681640624989, -4.350488281250009 ], [ -70.799511718749997, -4.17333984375 ], [ -70.404638671874991, -4.150097656250011 ], [ -70.239160156249994, -4.301171875 ], [ -69.972021484374991, -4.301171875 ], [ -69.400244140624991, -1.194921875 ], [ -69.611914062499991, -0.762792968750006 ], [ -69.633984375, -0.50927734375 ], [ -70.070507812499997, -0.138867187500011 ], [ -70.05390625, 0.57861328125 ], [ -69.472119140624997, 0.729931640624997 ], [ -69.283007812499989, 0.627246093749989 ], [ -69.1533203125, 0.658789062499991 ], [ -69.163232421874994, 0.864062499999989 ], [ -69.311816406249989, 1.050488281249997 ], [ -69.852148437499991, 1.059521484374997 ], [ -69.848583984374997, 1.708740234375 ], [ -69.542919921874997, 1.773242187499989 ], [ -68.176562499999989, 1.719824218749991 ], [ -68.255957031249991, 1.845507812499989 ], [ -68.193798828124997, 1.987011718749997 ], [ -67.936230468749997, 1.748486328124997 ], [ -67.556054687499994, 2.072998046875 ], [ -67.400439453124989, 2.11669921875 ], [ -67.119238281249991, 1.70361328125 ], [ -67.082275390625, 1.185400390624991 ], [ -66.876025390624989, 1.223046875 ] ] ], [ [ [ -49.628662109375, -0.229199218750011 ], [ -49.116992187499989, -0.16357421875 ], [ -48.392675781250006, -0.29736328125 ], [ -48.497460937499994, -0.664941406250009 ], [ -48.566650390625, -0.684472656250009 ], [ -48.570947265624994, -0.892871093750003 ], [ -48.839697265625006, -1.2265625 ], [ -48.83359375, -1.390039062500009 ], [ -49.038476562499994, -1.5140625 ], [ -49.172705078125006, -1.41259765625 ], [ -49.233984375, -1.599511718750009 ], [ -49.506640624999989, -1.511621093750009 ], [ -49.587890625, -1.71240234375 ], [ -49.805126953124983, -1.790234375000011 ], [ -50.065722656249989, -1.703808593750011 ], [ -50.507617187499989, -1.787988281250009 ], [ -50.759765625, -1.240234375 ], [ -50.7294921875, -1.126757812500003 ], [ -50.576953124999989, -1.103125 ], [ -50.709619140624994, -1.077734375 ], [ -50.796093749999983, -0.90625 ], [ -50.6455078125, -0.272851562500009 ], [ -50.248242187499983, -0.116406250000011 ], [ -49.628662109375, -0.229199218750011 ] ] ], [ [ [ -44.129296875, -23.141894531250003 ], [ -44.320068359375, -23.212304687500009 ], [ -44.360156249999989, -23.172070312500011 ], [ -44.242871093749983, -23.074121093750009 ], [ -44.129296875, -23.141894531250003 ] ] ], [ [ [ -48.584423828124983, -26.401562500000011 ], [ -48.665771484375, -26.289648437500006 ], [ -48.539746093749983, -26.1703125 ], [ -48.497607421874989, -26.21875 ], [ -48.584423828124983, -26.401562500000011 ] ] ], [ [ [ -45.30234375, -23.7275390625 ], [ -45.260888671874994, -23.941308593750009 ], [ -45.451416015625, -23.895605468750006 ], [ -45.30234375, -23.7275390625 ] ] ], [ [ [ -44.499316406249989, -2.939648437500011 ], [ -44.597753906250006, -3.03759765625 ], [ -44.569091796875, -2.784960937500003 ], [ -44.4814453125, -2.717578125 ], [ -44.499316406249989, -2.939648437500011 ] ] ], [ [ [ -38.743847656249983, -13.097070312500009 ], [ -38.786962890625006, -13.055078125 ], [ -38.668115234374994, -12.880175781250003 ], [ -38.601171875, -12.992578125 ], [ -38.743847656249983, -13.097070312500009 ] ] ], [ [ [ -38.907128906249994, -13.401074218750011 ], [ -38.977587890624989, -13.523535156250006 ], [ -39.022167968749983, -13.445605468750003 ], [ -38.907128906249994, -13.401074218750011 ] ] ], [ [ [ -44.883105468749989, -1.31787109375 ], [ -44.967871093750006, -1.390820312500011 ], [ -45.020849609375006, -1.372363281250003 ], [ -44.978662109374994, -1.267285156250011 ], [ -44.883105468749989, -1.31787109375 ] ] ], [ [ [ -49.738232421874983, 0.268164062499991 ], [ -49.697265625, 0.215966796874994 ], [ -49.917089843750006, -0.023193359375 ], [ -50.339453125, 0.043359375 ], [ -50.272656249999983, 0.231738281249989 ], [ -49.738232421874983, 0.268164062499991 ] ] ], [ [ [ -50.298974609374994, 1.938525390624989 ], [ -50.456103515624989, 1.910498046874991 ], [ -50.491015624999989, 2.128613281249997 ], [ -50.341992187499983, 2.141748046874994 ], [ -50.298974609374994, 1.938525390624989 ] ] ], [ [ [ -50.652880859374989, -0.131640625 ], [ -50.926367187500006, -0.327343750000011 ], [ -51.0380859375, -0.225878906250003 ], [ -50.995068359374983, -0.105273437500003 ], [ -50.8421875, -0.050195312500009 ], [ -50.6669921875, -0.058007812500009 ], [ -50.652880859374989, -0.131640625 ] ] ], [ [ [ -49.443896484374989, -0.112402343750006 ], [ -49.708837890625006, -0.14375 ], [ -49.830078125, -0.093896484375009 ], [ -49.503466796874989, 0.083691406249997 ], [ -49.372314453125, 0.001074218749991 ], [ -49.443896484374989, -0.112402343750006 ] ] ], [ [ [ -50.332275390625, 0.259033203125 ], [ -50.443945312500006, -0.007666015625006 ], [ -50.623925781249994, 0.054394531249997 ], [ -50.610449218750006, 0.204785156249997 ], [ -50.4515625, 0.326904296875 ], [ -50.372753906249983, 0.590869140624989 ], [ -50.332275390625, 0.259033203125 ] ] ], [ [ [ -50.0400390625, 0.522802734374991 ], [ -50.261328125, 0.359179687499989 ], [ -50.281689453124983, 0.516503906249994 ], [ -50.058837890625, 0.638037109374991 ], [ -50.0400390625, 0.522802734374991 ] ] ], [ [ [ -51.276318359374983, -1.021777343750003 ], [ -51.938378906249994, -1.45263671875 ], [ -51.680029296875006, -1.086132812500011 ], [ -51.678271484374989, -0.855078125 ], [ -51.546044921874994, -0.649609375000011 ], [ -51.254003906250006, -0.54140625 ], [ -51.160742187500006, -0.666699218750011 ], [ -51.276318359374983, -1.021777343750003 ] ] ], [ [ [ -48.485888671874989, -27.766992187500009 ], [ -48.554589843749994, -27.812207031250011 ], [ -48.542187499999983, -27.574804687500006 ], [ -48.414892578125006, -27.399609375000011 ], [ -48.485888671874989, -27.766992187500009 ] ] ] ] } },
{ "type": "Feature", "properties": { "name": "Bolivia", "continent": "South America" }, "geometry": { "type": "Polygon", "coordinates": [ [ [ -69.313378906249994, -17.943164062500003 ], [ -69.624853515624991, -17.2001953125 ], [ -69.020703125, -16.6421875 ], [ -69.032910156249997, -16.475976562500009 ], [ -68.8427734375, -16.337890625 ], [ -69.217578124999989, -16.149121093750011 ], [ -69.4208984375, -15.640625 ], [ -69.172460937499991, -15.236621093750003 ], [ -69.374707031249997, -14.962988281250006 ], [ -69.359472656249991, -14.7953125 ], [ -68.870898437499989, -14.169726562500003 ], [ -69.074121093749994, -13.682812500000011 ], [ -68.983447265624989, -13.496386718750003 ], [ -68.978613281249991, -12.880078125000011 ], [ -68.759082031249989, -12.687207031250011 ], [ -68.685253906249997, -12.501953125 ], [ -69.57861328125, -10.951757812500006 ], [ -68.848339843749997, -11.011132812500009 ], [ -68.727490234374997, -11.122460937500009 ], [ -68.62265625, -11.109179687500003 ], [ -68.311132812499991, -10.975195312500006 ], [ -68.071679687499994, -10.703125 ], [ -67.721777343749991, -10.68310546875 ], [ -67.416943359374997, -10.389843750000011 ], [ -66.575341796874994, -9.89990234375 ], [ -65.558691406249991, -9.797460937500006 ], [ -65.396142578124994, -9.71240234375 ], [ -65.298583984375, -10.146777343750003 ], [ -65.447119140624991, -10.507421875 ], [ -65.323779296874989, -11.024804687500009 ], [ -65.389892578125, -11.246289062500011 ], [ -65.185742187499997, -11.74951171875 ], [ -65.090283203124997, -11.7412109375 ], [ -64.992529296874991, -11.975195312500006 ], [ -64.513427734375, -12.2509765625 ], [ -64.420507812499991, -12.439746093750003 ], [ -63.938574218749991, -12.5296875 ], [ -63.688574218749991, -12.47802734375 ], [ -63.3466796875, -12.680078125 ], [ -63.067480468749991, -12.669140625000011 ], [ -63.015185546874989, -12.805566406250009 ], [ -62.765478515624991, -12.997265625000011 ], [ -62.118017578124991, -13.159765625 ], [ -61.789941406249994, -13.525585937500011 ], [ -61.077001953124991, -13.48974609375 ], [ -60.506591796875, -13.78984375 ], [ -60.404980468749997, -14.019238281250011 ], [ -60.474658203124989, -14.184765625000011 ], [ -60.298876953124989, -14.618554687500009 ], [ -60.273339843749994, -15.088769531250009 ], [ -60.583203125, -15.098339843750011 ], [ -60.242333984374994, -15.479589843750006 ], [ -60.175585937499989, -16.269335937500003 ], [ -58.345605468749994, -16.284375 ], [ -58.350390624999989, -16.490820312500006 ], [ -58.478125, -16.70068359375 ], [ -58.39599609375, -17.234277343750009 ], [ -57.990917968749997, -17.512890625000011 ], [ -57.832470703124997, -17.512109375 ], [ -57.495654296874989, -18.214648437500003 ], [ -57.783105468749994, -18.914257812500011 ], [ -57.716796875, -19.044042968750006 ], [ -57.800390625, -19.080957031250009 ], [ -58.131494140624994, -19.74453125 ], [ -57.860742187499994, -19.979589843750006 ], [ -58.09375, -20.151074218750011 ], [ -58.159765625, -20.164648437500006 ], [ -58.18017578125, -19.81787109375 ], [ -59.090527343749997, -19.286230468750006 ], [ -60.007373046874989, -19.297558593750011 ], [ -61.7568359375, -19.6453125 ], [ -61.916943359374997, -20.055371093750011 ], [ -62.276318359374997, -20.5625 ], [ -62.276660156249989, -21.066015625 ], [ -62.650976562499991, -22.233691406250003 ], [ -62.843359375, -21.997265625000011 ], [ -63.921679687499989, -22.028613281250003 ], [ -64.325292968749991, -22.82763671875 ], [ -64.605517578124989, -22.228808593750003 ], [ -64.992626953124997, -22.109667968750003 ], [ -65.771044921874989, -22.099609375 ], [ -66.220166015624997, -21.802539062500003 ], [ -66.365185546874997, -22.11376953125 ], [ -66.711718749999989, -22.21630859375 ], [ -66.80029296875, -22.40966796875 ], [ -67.033544921874991, -22.55224609375 ], [ -67.194873046874989, -22.821679687500009 ], [ -67.707324218749989, -22.88916015625 ], [ -67.879443359374989, -22.822949218750011 ], [ -67.881738281249994, -22.493359375000011 ], [ -68.186425781249994, -21.618554687500009 ], [ -68.197021484375, -21.30029296875 ], [ -68.435498046874997, -20.9482421875 ], [ -68.558251953124994, -20.901953125 ], [ -68.563183593749997, -20.720117187500009 ], [ -68.484326171874997, -20.62841796875 ], [ -68.760546874999989, -20.416210937500011 ], [ -68.688574218749991, -20.31005859375 ], [ -68.755810546874997, -20.0908203125 ], [ -68.560693359374994, -19.967089843750003 ], [ -68.698291015624989, -19.72109375 ], [ -68.470166015624997, -19.409960937500003 ], [ -68.968310546874989, -18.967968750000011 ], [ -69.145458984374997, -18.14404296875 ], [ -69.093945312499997, -18.050488281250011 ], [ -69.313378906249994, -17.943164062500003 ] ] ] } },
{ "type": "Feature", "properties": { "name": "Belize", "continent": "North America" }, "geometry": { "type": "MultiPolygon", "coordinates": [ [ [ [ -89.2375, 15.894433593749994 ], [ -89.133544921875, 17.970800781249991 ], [ -88.897802734374991, 17.91455078125 ], [ -88.806347656249997, 17.965527343749997 ], [ -88.522998046874989, 18.445898437499991 ], [ -88.295654296875, 18.472412109375 ], [ -88.349267578124994, 18.358837890624997 ], [ -88.130273437499994, 18.350732421874994 ], [ -88.097216796874989, 18.121630859375003 ], [ -88.271728515625, 17.60986328125 ], [ -88.203466796874991, 17.5166015625 ], [ -88.288818359375, 17.312695312499997 ], [ -88.313427734374997, 16.632763671874997 ], [ -88.879101562499997, 16.016650390625003 ], [ -88.89404296875, 15.890625 ], [ -89.2375, 15.894433593749994 ] ] ], [ [ [ -87.848535156249994, 18.140380859375 ], [ -87.998095703124989, 17.906347656249991 ], [ -87.858935546874989, 18.154052734375 ], [ -87.848535156249994, 18.140380859375 ] ] ], [ [ [ -87.852929687499994, 17.4228515625 ], [ -87.929980468749989, 17.283007812500003 ], [ -87.826416015625, 17.546289062499994 ], [ -87.852929687499994, 17.4228515625 ] ] ] ] } },
{ "type": "Feature", "properties": { "name": "Barbados", "continent": "North America" }, "geometry": { "type": "Polygon", "coordinates": [ [ [ -59.493310546874994, 13.081982421874997 ], [ -59.611328125, 13.102099609374989 ], [ -59.646679687499997, 13.303125 ], [ -59.427636718749994, 13.152783203124997 ], [ -59.493310546874994, 13.081982421874997 ] ] ] } },
{ "type": "Feature", "properties": { "name": "Bahamas", "continent": "North America" }, "geometry": { "type": "MultiPolygon", "coordinates": [ [ [ [ -77.65771484375, 24.249462890624997 ], [ -77.755273437499994, 24.163476562499994 ], [ -77.683251953124994, 24.118457031250003 ], [ -77.615380859374994, 24.216357421875003 ], [ -77.5615234375, 24.136816406249991 ], [ -77.51875, 23.869433593750003 ], [ -77.57373046875, 23.739160156249994 ], [ -77.771289062499989, 23.752539062499991 ], [ -77.852246093749997, 24.040380859374991 ], [ -77.999902343749994, 24.219824218749991 ], [ -77.65771484375, 24.249462890624997 ] ] ], [ [ [ -77.225634765624989, 25.904199218749994 ], [ -77.403173828124991, 26.024707031249996 ], [ -77.246777343749997, 26.156347656249999 ], [ -77.238623046874991, 26.561132812499999 ], [ -77.510595703124991, 26.845996093749996 ], [ -77.94375, 26.903564453125 ], [ -77.533886718749997, 26.903417968749999 ], [ -77.066357421874997, 26.530175781249994 ], [ -77.03828125, 26.333447265624997 ], [ -77.167285156249989, 26.240332031249999 ], [ -77.225634765624989, 25.904199218749994 ] ] ], [ [ [ -73.02685546875, 21.1923828125 ], [ -73.16455078125, 20.979150390624994 ], [ -73.68115234375, 20.9755859375 ], [ -73.680371093749997, 21.103320312500003 ], [ -73.523095703124994, 21.190820312499994 ], [ -73.2353515625, 21.154492187499997 ], [ -73.058496093749994, 21.313378906249994 ], [ -73.02685546875, 21.1923828125 ] ] ], [ [ [ -77.743847656249997, 24.707421875 ], [ -77.745214843749991, 24.463476562499991 ], [ -78.044921875, 24.287451171874991 ], [ -78.145800781249989, 24.493457031250003 ], [ -78.257617187499989, 24.482763671874991 ], [ -78.435302734375, 24.627587890624994 ], [ -78.318994140624994, 24.590234375 ], [ -78.242724609374989, 24.65380859375 ], [ -78.298828125, 24.75390625 ], [ -78.18408203125, 24.917089843749991 ], [ -78.162792968749997, 25.20234375 ], [ -77.975292968749997, 25.084814453124991 ], [ -77.743847656249997, 24.707421875 ] ] ], [ [ [ -78.492871093749997, 26.729052734374996 ], [ -77.943945312499991, 26.744238281249999 ], [ -77.922460937499991, 26.691113281249997 ], [ -78.74365234375, 26.500683593749997 ], [ -78.985644531249989, 26.689501953124996 ], [ -78.798046875, 26.582421875 ], [ -78.633251953124997, 26.6591796875 ], [ -78.597119140624997, 26.797949218749999 ], [ -78.492871093749997, 26.729052734374996 ] ] ], [ [ [ -77.269140625, 25.043847656249994 ], [ -77.460498046874989, 24.993115234374997 ], [ -77.561914062499994, 25.030029296875 ], [ -77.269140625, 25.043847656249994 ] ] ], [ [ [ -74.057519531249994, 22.723486328124991 ], [ -74.098583984374997, 22.665429687499994 ], [ -74.274609375, 22.711669921875 ], [ -74.30703125, 22.839599609375 ], [ -74.057519531249994, 22.723486328124991 ] ] ], [ [ [ -74.429443359375, 24.068066406249997 ], [ -74.508691406249994, 23.959716796875 ], [ -74.550927734374994, 23.968945312499997 ], [ -74.526904296874989, 24.105078125 ], [ -74.429443359375, 24.068066406249997 ] ] ], [ [ [ -73.836523437499991, 22.538427734374991 ], [ -74.276904296874989, 22.183691406249991 ], [ -73.906396484374994, 22.527441406249991 ], [ -73.954199218749991, 22.715527343749997 ], [ -73.849951171874991, 22.731054687499991 ], [ -73.836523437499991, 22.538427734374991 ] ] ], [ [ [ -76.710839843749994, 25.564892578124997 ], [ -76.343798828124989, 25.33203125 ], [ -76.126611328124994, 25.140527343749994 ], [ -76.16953125, 24.6494140625 ], [ -76.319970703124994, 24.817675781250003 ], [ -76.213769531249994, 24.822460937499997 ], [ -76.160400390625, 25.119335937499997 ], [ -76.369287109374994, 25.312597656249991 ], [ -76.780664062499994, 25.426855468749991 ], [ -76.710839843749994, 25.564892578124997 ] ] ], [ [ [ -75.66455078125, 23.450146484374997 ], [ -76.037109375, 23.602783203125 ], [ -76.010449218749997, 23.67138671875 ], [ -75.754248046874991, 23.489990234375 ], [ -75.66455078125, 23.450146484374997 ] ] ], [ [ [ -74.840478515624994, 22.894335937500003 ], [ -74.973339843749997, 23.068554687499997 ], [ -75.223339843749997, 23.165332031250003 ], [ -75.130566406249997, 23.267919921874991 ], [ -75.315966796874989, 23.668359375 ], [ -75.064208984375, 23.150195312500003 ], [ -74.845605468749994, 22.999902343749994 ], [ -74.840478515624994, 22.894335937500003 ] ] ], [ [ [ -75.653515625, 24.680859375 ], [ -75.3017578125, 24.149169921875 ], [ -75.503222656249989, 24.1390625 ], [ -75.408935546875, 24.265771484374994 ], [ -75.726660156249991, 24.689355468749994 ], [ -75.653515625, 24.680859375 ] ] ], [ [ [ -73.127392578124997, 22.455322265625 ], [ -72.830761718749997, 22.385595703124991 ], [ -72.747265625, 22.327392578125 ], [ -73.161914062499989, 22.380712890624991 ], [ -73.127392578124997, 22.455322265625 ] ] ], [ [ [ -72.916113281249991, 21.506689453124991 ], [ -73.04931640625, 21.457617187499991 ], [ -73.062695312499997, 21.515332031249997 ], [ -72.994775390624994, 21.561621093749991 ], [ -72.916113281249991, 21.506689453124991 ] ] ] ] } },
{ "type": "Feature", "properties": { "name": "Argentina", "continent": "South America" }, "geometry": { "type": "MultiPolygon", "coordinates": [ [ [ [ -57.60888671875, -30.187792968750003 ], [ -57.872509765624997, -30.591015625000011 ], [ -57.810595703124989, -30.858593750000011 ], [ -58.053857421874994, -31.494921875 ], [ -57.988867187499991, -31.62060546875 ], [ -58.189013671874989, -31.92421875 ], [ -58.119726562499991, -32.248925781250009 ], [ -58.219970703125, -32.56396484375 ], [ -58.170996093749991, -32.959277343750003 ], [ -58.250390625, -33.078320312500011 ], [ -58.424462890624994, -33.111523437500011 ], [ -58.547216796874991, -33.663476562500009 ], [ -58.392480468749994, -34.19296875 ], [ -58.525488281249991, -34.296191406250003 ], [ -58.283349609374994, -34.683496093750009 ], [ -57.5478515625, -35.018945312500009 ], [ -57.170654296875, -35.3625 ], [ -57.158886718749997, -35.505957031250006 ], [ -57.35390625, -35.7203125 ], [ -57.37548828125, -35.900292968750009 ], [ -57.264990234374991, -36.144140625 ], [ -57.076171875, -36.296777343750009 ], [ -56.717382812499991, -36.3890625 ], [ -56.668261718749989, -36.735253906250009 ], [ -56.727148437499991, -36.957714843750011 ], [ -57.395751953125, -37.74462890625 ], [ -57.546972656249991, -38.085644531250011 ], [ -58.17919921875, -38.435839843750017 ], [ -59.828320312499997, -38.838183593750017 ], [ -61.112207031249994, -38.992968750000017 ], [ -61.847900390625, -38.961816406249994 ], [ -62.334765624999989, -38.800097656250017 ], [ -62.295068359374994, -39.243261718750006 ], [ -62.053662109374997, -39.373828125000017 ], [ -62.179345703124994, -39.38046875 ], [ -62.076806640624994, -39.461523437500006 ], [ -62.131542968749997, -39.825390625000011 ], [ -62.286914062499989, -39.895312500000017 ], [ -62.40185546875, -40.196582031250017 ], [ -62.393603515624989, -40.458789062500017 ], [ -62.246337890625, -40.674609375000017 ], [ -62.39501953125, -40.890820312500011 ], [ -62.959033203124989, -41.109667968750017 ], [ -63.621777343749997, -41.159765625 ], [ -64.852978515624997, -40.813769531250017 ], [ -64.804394531249997, -40.756542968750011 ], [ -64.869482421874991, -40.73583984375 ], [ -65.069433593749991, -40.805273437500006 ], [ -65.154980468749997, -41.105664062500011 ], [ -65.018261718749997, -41.56689453125 ], [ -65.05908203125, -41.969921875000011 ], [ -64.986376953124989, -42.10205078125 ], [ -64.537744140624994, -42.254589843750011 ], [ -64.570996093749997, -42.416015625 ], [ -64.42041015625, -42.433789062500011 ], [ -64.100878906249989, -42.395117187500006 ], [ -64.061181640624994, -42.26611328125 ], [ -64.228515625, -42.21826171875 ], [ -63.795556640624994, -42.113867187500006 ], [ -63.6298828125, -42.28271484375 ], [ -63.617333984374994, -42.69580078125 ], [ -63.692480468749991, -42.805273437500006 ], [ -64.034765625, -42.88125 ], [ -64.130664062499989, -42.861425781250006 ], [ -64.324267578124989, -42.572265625 ], [ -64.487841796874989, -42.513476562500017 ], [ -64.970703125, -42.666308593750017 ], [ -65.026904296874989, -42.758886718750006 ], [ -64.319140624999989, -42.968945312500011 ], [ -64.839941406249991, -43.188867187499994 ], [ -65.25234375, -43.571875 ], [ -65.265527343749994, -44.2796875 ], [ -65.361279296874997, -44.477343750000017 ], [ -65.647607421874994, -44.661425781250017 ], [ -65.698339843749991, -44.796191406250017 ], [ -65.59912109375, -44.875585937500006 ], [ -65.638769531249991, -45.0078125 ], [ -66.190136718749997, -44.964746093749994 ], [ -66.585058593749991, -45.182910156250017 ], [ -66.94140625, -45.25732421875 ], [ -67.599560546874997, -46.052539062500017 ], [ -67.506445312499991, -46.442773437499994 ], [ -66.77685546875, -47.005859375 ], [ -65.853662109374994, -47.15673828125 ], [ -65.738085937499989, -47.344921875000011 ], [ -65.775390625, -47.568359375 ], [ -65.886328125, -47.7015625 ], [ -66.225244140624994, -47.826757812500006 ], [ -65.934228515624994, -47.826757812500006 ], [ -65.81005859375, -47.941113281250011 ], [ -66.393359374999989, -48.342382812500006 ], [ -67.033105468749994, -48.627734375000017 ], [ -67.46630859375, -48.951757812500006 ], [ -67.684863281249989, -49.246679687500006 ], [ -67.783496093749989, -49.85888671875 ], [ -67.913964843749994, -49.984472656250006 ], [ -68.257226562499994, -50.104589843750006 ], [ -68.487890625, -49.977929687499994 ], [ -68.667578125, -49.752539062500006 ], [ -68.66162109375, -49.935742187500011 ], [ -68.979589843749991, -50.003027343750006 ], [ -68.597949218749989, -50.009472656250011 ], [ -68.421875, -50.157910156250011 ], [ -68.939453125, -50.38232421875 ], [ -69.090185546874991, -50.583105468750006 ], [ -69.154980468749997, -50.864453125000011 ], [ -69.35859375, -51.028125 ], [ -69.201025390624991, -50.99365234375 ], [ -69.065722656249989, -51.303515625000017 ], [ -69.058300781249997, -51.547167968750017 ], [ -69.465429687499991, -51.58447265625 ], [ -68.96533203125, -51.677148437499994 ], [ -68.39375, -52.30703125 ], [ -68.443359375, -52.356640625000011 ], [ -68.460986328124989, -52.290429687499994 ], [ -69.960253906249989, -52.008203125 ], [ -71.97109375, -51.964160156250017 ], [ -71.953466796874991, -51.88037109375 ], [ -72.407666015624997, -51.540820312500017 ], [ -72.30322265625, -51.298925781250006 ], [ -72.376806640624991, -51.095410156250011 ], [ -72.276318359374997, -50.910253906250006 ], [ -72.340234375, -50.681835937500011 ], [ -72.509814453124989, -50.607519531250006 ], [ -73.152929687499991, -50.73828125 ], [ -73.501269531249989, -50.125292968750017 ], [ -73.470410156249997, -49.79453125 ], [ -73.576269531249991, -49.582910156249994 ], [ -73.461572265624994, -49.313867187499994 ], [ -73.13525390625, -49.300683593749994 ], [ -73.148876953124997, -49.18798828125 ], [ -73.033642578124997, -49.014355468750011 ], [ -72.614404296874994, -48.792871093749994 ], [ -72.6083984375, -48.519335937500017 ], [ -72.354736328125, -48.365820312500006 ], [ -72.293017578124989, -48.229101562500006 ], [ -72.517919921874991, -47.876367187499994 ], [ -72.345947265625, -47.49267578125 ], [ -71.904980468749997, -47.20166015625 ], [ -71.940234374999989, -46.83125 ], [ -71.699658203124997, -46.6513671875 ], [ -71.762109375, -46.31982421875 ], [ -71.875683593749997, -46.160546875 ], [ -71.631542968749997, -45.953710937500006 ], [ -71.750634765624994, -45.839062500000011 ], [ -71.746191406249991, -45.578906250000017 ], [ -71.508105468749989, -45.5126953125 ], [ -71.349316406249997, -45.331933593749994 ], [ -71.353759765625, -45.23046875 ], [ -71.596289062499991, -44.979199218750011 ], [ -72.041699218749997, -44.904199218749994 ], [ -72.063720703125, -44.771875 ], [ -71.261132812499994, -44.763085937499994 ], [ -71.159716796874989, -44.560253906250011 ], [ -71.212597656249997, -44.441210937500017 ], [ -71.820019531249997, -44.383105468750017 ], [ -71.812353515624991, -44.106054687500006 ], [ -71.680078125, -43.929589843749994 ], [ -71.794726562499989, -43.753222656250017 ], [ -71.750634765624994, -43.590136718750017 ], [ -71.904980468749997, -43.347558593749994 ], [ -71.750634765624994, -43.2373046875 ], [ -72.146435546874997, -42.990039062500017 ], [ -72.143701171874994, -42.5771484375 ], [ -72.053466796875, -42.473242187500006 ], [ -72.108203124999989, -42.251855468749994 ], [ -71.75, -42.046777343749994 ], [ -71.911279296874994, -41.650390625 ], [ -71.873046875, -40.89296875 ], [ -71.93212890625, -40.691699218750017 ], [ -71.708984375, -40.381738281249994 ], [ -71.818310546874997, -40.176660156249994 ], [ -71.659765625, -40.020800781250017 ], [ -71.719921875, -39.63525390625 ], [ -71.539453125, -39.602441406249994 ], [ -71.420019531249991, -39.287207031250006 ], [ -71.4015625, -38.93505859375 ], [ -70.951611328124997, -38.738476562500011 ], [ -70.858642578125, -38.6044921875 ], [ -71.167578125, -37.762304687500006 ], [ -71.134814453124989, -37.445117187500003 ], [ -71.200390625, -37.30029296875 ], [ -71.118408203125, -37.114355468750006 ], [ -71.192187499999989, -36.843652343750009 ], [ -71.055517578124991, -36.523730468750003 ], [ -70.749267578125, -36.392578125 ], [ -70.721923828125, -36.283203125 ], [ -70.40478515625, -36.061718750000011 ], [ -70.415722656249997, -35.523046875 ], [ -70.55517578125, -35.246875 ], [ -70.393164062499991, -35.146875 ], [ -70.289941406249994, -34.7328125 ], [ -70.052050781249989, -34.30078125 ], [ -69.852441406249994, -34.224316406250011 ], [ -69.894335937499989, -33.731347656250009 ], [ -69.819628906249989, -33.283789062500006 ], [ -70.084863281249994, -33.201757812500006 ], [ -70.02197265625, -32.884570312500003 ], [ -70.116162109374997, -32.807421875 ], [ -70.169628906249997, -32.4716796875 ], [ -70.344628906249994, -32.176464843750011 ], [ -70.355566406249991, -32.042382812500009 ], [ -70.25439453125, -31.957714843750011 ], [ -70.450146484374997, -31.841894531250006 ], [ -70.585205078125, -31.569433593750006 ], [ -70.5546875, -31.3173828125 ], [ -70.519580078124989, -31.1484375 ], [ -70.30908203125, -31.022656250000011 ], [ -70.34814453125, -30.90234375 ], [ -70.169628906249997, -30.385546875 ], [ -69.956347656249989, -30.358203125 ], [ -69.844287109374989, -30.175 ], [ -69.9599609375, -30.078320312500011 ], [ -69.927636718749994, -29.769140625 ], [ -70.026806640624997, -29.324023437500003 ], [ -69.827880859375, -29.103222656250011 ], [ -69.656933593749997, -28.41357421875 ], [ -69.174414062499991, -27.924707031250009 ], [ -68.846337890624994, -27.153710937500009 ], [ -68.592089843749989, -27.140039062500009 ], [ -68.318652343749989, -26.973242187500006 ], [ -68.591601562499989, -26.470410156250011 ], [ -68.414501953124997, -26.153710937500009 ], [ -68.600292968749997, -25.485644531250003 ], [ -68.540820312499989, -25.23671875 ], [ -68.384228515624997, -25.091894531250006 ], [ -68.56201171875, -24.837695312500003 ], [ -68.507275390624997, -24.629785156250009 ], [ -68.250292968749989, -24.391992187500009 ], [ -67.356201171875, -24.033789062500006 ], [ -67.0087890625, -23.001367187500009 ], [ -67.194873046874989, -22.821679687500009 ], [ -67.033544921874991, -22.55224609375 ], [ -66.80029296875, -22.40966796875 ], [ -66.711718749999989, -22.21630859375 ], [ -66.365185546874997, -22.11376953125 ], [ -66.220166015624997, -21.802539062500003 ], [ -65.771044921874989, -22.099609375 ], [ -64.992626953124997, -22.109667968750003 ], [ -64.605517578124989, -22.228808593750003 ], [ -64.325292968749991, -22.82763671875 ], [ -63.921679687499989, -22.028613281250003 ], [ -62.843359375, -21.997265625000011 ], [ -62.6259765625, -22.290429687500009 ], [ -62.214160156249989, -22.612402343750006 ], [ -61.928027343749989, -23.059277343750011 ], [ -61.032910156249997, -23.755664062500003 ], [ -59.892480468749994, -24.093554687500003 ], [ -59.187255859375, -24.562304687500003 ], [ -58.365380859374994, -24.959277343750003 ], [ -57.959814453124991, -25.04921875 ], [ -57.643896484374991, -25.328417968750003 ], [ -57.571679687499994, -25.5341796875 ], [ -57.754785156249994, -25.697070312500003 ], [ -57.890625, -26.006542968750011 ], [ -58.111132812499989, -26.18017578125 ], [ -58.203027343749994, -26.381445312500006 ], [ -58.191308593749994, -26.629980468750006 ], [ -58.618603515624997, -27.132128906250003 ], [ -58.604833984374991, -27.314355468750009 ], [ -58.168261718749989, -27.2734375 ], [ -57.11181640625, -27.470117187500009 ], [ -56.603369140624991, -27.467871093750006 ], [ -56.437158203124994, -27.553808593750006 ], [ -56.1640625, -27.321484375000011 ], [ -55.714648437499989, -27.41484375 ], [ -55.426660156249994, -27.00927734375 ], [ -55.1359375, -26.93115234375 ], [ -54.825488281249989, -26.652246093750009 ], [ -54.677734375, -26.308789062500011 ], [ -54.615869140624994, -25.576074218750009 ], [ -54.443945312499991, -25.625 ], [ -54.154589843749989, -25.523046875 ], [ -53.891162109374989, -25.668847656250009 ], [ -53.668554687499991, -26.288183593750006 ], [ -53.71728515625, -26.8828125 ], [ -53.838183593749989, -27.12109375 ], [ -54.156445312499997, -27.253808593750009 ], [ -54.327001953124991, -27.423535156250011 ], [ -54.8291015625, -27.550585937500003 ], [ -55.101513671874997, -27.866796875 ], [ -55.725488281249994, -28.2041015625 ], [ -55.687255859375, -28.381640625 ], [ -55.890527343749994, -28.370019531250009 ], [ -56.938623046874994, -29.594824218750006 ], [ -57.60888671875, -30.187792968750003 ] ] ], [ [ [ -68.653222656249994, -54.853613281250006 ], [ -68.629931640624989, -52.652636718750017 ], [ -68.240136718749994, -53.081835937500017 ], [ -68.43115234375, -53.055273437500006 ], [ -68.520800781249989, -53.17724609375 ], [ -68.488525390625, -53.260937500000011 ], [ -68.1611328125, -53.306445312500017 ], [ -68.008496093749997, -53.5640625 ], [ -67.294238281249989, -54.0498046875 ], [ -66.235644531249989, -54.533496093750017 ], [ -65.7470703125, -54.653417968750006 ], [ -65.179003906249989, -54.678125 ], [ -65.345996093749989, -54.8779296875 ], [ -65.471142578124997, -54.914648437500006 ], [ -66.511132812499994, -55.032128906249994 ], [ -67.127099609374994, -54.90380859375 ], [ -68.220117187499994, -54.817578125000011 ], [ -68.653222656249994, -54.853613281250006 ] ] ], [ [ [ -64.549169921874991, -54.716210937499994 ], [ -64.438818359374991, -54.739355468750006 ], [ -63.8154296875, -54.72509765625 ], [ -63.971240234374989, -54.810644531250006 ], [ -64.322900390624994, -54.796484375 ], [ -64.637353515624994, -54.902539062500011 ], [ -64.75732421875, -54.8265625 ], [ -64.549169921874991, -54.716210937499994 ] ] ], [ [ [ -61.907128906249994, -39.135644531249994 ], [ -61.918017578124989, -39.227441406249994 ], [ -62.093017578125, -39.086230468750017 ], [ -61.907128906249994, -39.135644531249994 ] ] ] ] } },
{ "type": "Feature", "properties": { "name": "Antigua and Barb.", "continent": "North America" }, "geometry": { "type": "MultiPolygon", "coordinates": [ [ [ [ -61.68603515625, 17.0984375 ], [ -61.859667968749989, 17.013330078124994 ], [ -61.887109375, 17.09814453125 ], [ -61.817285156249994, 17.1689453125 ], [ -61.68603515625, 17.0984375 ] ] ], [ [ [ -61.747119140624989, 17.574951171875 ], [ -61.843798828124989, 17.596142578124997 ], [ -61.866162109374997, 17.704296875 ], [ -61.749609375, 17.661328125 ], [ -61.747119140624989, 17.574951171875 ] ] ] ] } },
{ "type": "Feature", "properties": { "name": "Sint Maarten", "continent": "North America" }, "geometry": { "type": "Polygon", "coordinates": [ [ [ -63.123046875, 18.068945312499991 ], [ -63.011181640624997, 18.068945312499991 ], [ -63.012304687499991, 18.04541015625 ], [ -63.023046875, 18.019189453124994 ], [ -63.123046875, 18.068945312499991 ] ] ] } }
]
}
