user_id,stage_order,stage
cfa7562d8642,0,Arrived
cfa7562d8642,1,Sent a message
cfa7562d8642,2,Sent 2 or more messages
cfa7562d8642,3,Sent 7 or more messages
0b98d3009cee,0,Arrived
0b98d3009cee,1,Sent a message
0b98d3009cee,2,Sent 2 or more messages
0b98d3009cee,3,Sent 7 or more messages
a4038b45998a,0,Arrived
a4038b45998a,1,Sent a message
a4038b45998a,2,Sent 2 or more messages
f19c866c9fd5,0,Arrived
f19c866c9fd5,1,Sent a message
f19c866c9fd5,2,Sent 2 or more messages
58003bf0152d,0,Arrived
58003bf0152d,1,Sent a message
58003bf0152d,2,Sent 2 or more messages
58003bf0152d,3,Sent 7 or more messages
5e65b3f3ebf6,0,Arrived
5e65b3f3ebf6,1,Sent a message
5e65b3f3ebf6,2,Sent 2 or more messages
5e65b3f3ebf6,3,Sent 7 or more messages
96cae25a3eb7,0,Arrived
96cae25a3eb7,1,Sent a message
96cae25a3eb7,2,Sent 2 or more messages
96cae25a3eb7,3,Sent 7 or more messages
0bc4e4d3140a,0,Arrived
178c78255064,0,Arrived
178c78255064,1,Sent a message
178c78255064,2,Sent 2 or more messages
178c78255064,3,Sent 7 or more messages
a5def76f53e2,0,Arrived
a5def76f53e2,1,Sent a message
a5def76f53e2,2,Sent 2 or more messages
64e5fa345723,0,Arrived
64e5fa345723,1,Sent a message
4f10e7ccb693,0,Arrived
4f10e7ccb693,1,Sent a message
e4bb3d69fa67,0,Arrived
e4bb3d69fa67,1,Sent a message
e4bb3d69fa67,2,Sent 2 or more messages
e4bb3d69fa67,3,Sent 7 or more messages
0d396bbbe637,0,Arrived
0d396bbbe637,1,Sent a message
0d396bbbe637,2,Sent 2 or more messages
6d3883ec2cac,0,Arrived
6d3883ec2cac,1,Sent a message
6d3883ec2cac,2,Sent 2 or more messages
425a85d298f2,0,Arrived
425a85d298f2,1,Sent a message
72fd8e1853ee,0,Arrived
72fd8e1853ee,1,Sent a message
72fd8e1853ee,2,Sent 2 or more messages
8d99fc65f5d8,0,Arrived
8d99fc65f5d8,1,Sent a message
d8453c52ba60,0,Arrived
f3141ba1bdbf,0,Arrived
f3141ba1bdbf,1,Sent a message
7dcca471d88b,0,Arrived
7dcca471d88b,1,Sent a message
7dcca471d88b,2,Sent 2 or more messages
7dcca471d88b,3,Sent 7 or more messages
2f1d63920637,0,Arrived
2f1d63920637,1,Sent a message
452c08220fe8,0,Arrived
452c08220fe8,1,Sent a message
452c08220fe8,2,Sent 2 or more messages
c6b6dd92e42a,0,Arrived
c6b6dd92e42a,1,Sent a message
c6b6dd92e42a,2,Sent 2 or more messages
c6b6dd92e42a,3,Sent 7 or more messages
0982baceacfa,0,Arrived
0982baceacfa,1,Sent a message
0982baceacfa,2,Sent 2 or more messages
0982baceacfa,3,Sent 7 or more messages
0bdeeab02ee1,0,Arrived
0bdeeab02ee1,1,Sent a message
0bdeeab02ee1,2,Sent 2 or more messages
0a225e949939,0,Arrived
0a225e949939,1,Sent a message
57564566869e,0,Arrived
92d93d16ccf9,0,Arrived
92d93d16ccf9,1,Sent a message
5616952a922d,0,Arrived
5616952a922d,1,Sent a message
f182c9674a6f,0,Arrived
8d35e97c8a4a,0,Arrived
221fa9dcfc72,0,Arrived
221fa9dcfc72,1,Sent a message
221fa9dcfc72,2,Sent 2 or more messages
221fa9dcfc72,3,Sent 7 or more messages
4d1e482c7da6,0,Arrived
e321fc2db3fa,0,Arrived
e321fc2db3fa,1,Sent a message
e321fc2db3fa,2,Sent 2 or more messages
025cac964aaa,0,Arrived
025cac964aaa,1,Sent a message
258089dc336d,0,Arrived
258089dc336d,1,Sent a message
258089dc336d,2,Sent 2 or more messages
13c2983256df,0,Arrived
13c2983256df,1,Sent a message
b259227734f4,0,Arrived
b259227734f4,1,Sent a message
b259227734f4,2,Sent 2 or more messages
6ae6862863cc,0,Arrived
6ae6862863cc,1,Sent a message
6ae6862863cc,2,Sent 2 or more messages
288002336e77,0,Arrived
288002336e77,1,Sent a message
288002336e77,2,Sent 2 or more messages
48b29e9b74b3,0,Arrived
48b29e9b74b3,1,Sent a message
74a39c4f60d3,0,Arrived
a5b8a3cf6303,0,Arrived
a5b8a3cf6303,1,Sent a message
e86e2bb226cd,0,Arrived
c44634a0d0af,0,Arrived
c44634a0d0af,1,Sent a message
c44634a0d0af,2,Sent 2 or more messages
702f81b87973,0,Arrived
702f81b87973,1,Sent a message
702f81b87973,2,Sent 2 or more messages
8c76ab127eda,0,Arrived
28cfc1df937a,0,Arrived
28cfc1df937a,1,Sent a message
28cfc1df937a,2,Sent 2 or more messages
54987b876f2a,0,Arrived
54987b876f2a,1,Sent a message
54987b876f2a,2,Sent 2 or more messages
58bd15dd3b17,0,Arrived
1c5abb23d689,0,Arrived
1c5abb23d689,1,Sent a message
1c5abb23d689,2,Sent 2 or more messages
953e3cf164e2,0,Arrived
92c906ae713f,0,Arrived
92c906ae713f,1,Sent a message
92c906ae713f,2,Sent 2 or more messages
46f5acd38250,0,Arrived
46f5acd38250,1,Sent a message
46f5acd38250,2,Sent 2 or more messages
46f5acd38250,3,Sent 7 or more messages
2b5a6c0d5350,0,Arrived
ed77d995c4dd,0,Arrived
406a00fa0c7d,0,Arrived
111ad7eb4be6,0,Arrived
111ad7eb4be6,1,Sent a message
111ad7eb4be6,2,Sent 2 or more messages
342348fe0966,0,Arrived
e0698cb52450,0,Arrived
e0698cb52450,1,Sent a message
a5dadd4e8d83,0,Arrived
a5dadd4e8d83,1,Sent a message
a5dadd4e8d83,2,Sent 2 or more messages
a5dadd4e8d83,3,Sent 7 or more messages
8bf06bcd9b8d,0,Arrived
e61e18e8a539,0,Arrived
fdecf58bbd1b,0,Arrived
e9007fba3801,0,Arrived
e9007fba3801,1,Sent a message
5342526ca7e7,0,Arrived
5342526ca7e7,1,Sent a message
5342526ca7e7,2,Sent 2 or more messages
5342526ca7e7,3,Sent 7 or more messages
e51aa2d7b4dc,0,Arrived
e51aa2d7b4dc,1,Sent a message
e51aa2d7b4dc,2,Sent 2 or more messages
4fd0ea8a5508,0,Arrived
4fd0ea8a5508,1,Sent a message
3fb5c8b2ceba,0,Arrived
b05d491de4b3,0,Arrived
b05d491de4b3,1,Sent a message
a21a9f65fe4f,0,Arrived
a21a9f65fe4f,1,Sent a message
64ad655a920c,0,Arrived
64ad655a920c,1,Sent a message
8c0dd341c5ed,0,Arrived
91ff28da6cfe,0,Arrived
91ff28da6cfe,1,Sent a message
d26cb0cae7f8,0,Arrived
c360da905665,0,Arrived
3599f0b9b4e9,0,Arrived
3599f0b9b4e9,1,Sent a message
3599f0b9b4e9,2,Sent 2 or more messages
adc62f73647f,0,Arrived
adc62f73647f,1,Sent a message
adc62f73647f,2,Sent 2 or more messages
5f86a3974516,0,Arrived
5f86a3974516,1,Sent a message
5f86a3974516,2,Sent 2 or more messages
3a57ba4e56f1,0,Arrived
3a57ba4e56f1,1,Sent a message
3a57ba4e56f1,2,Sent 2 or more messages
b97b1f3ab1ee,0,Arrived
b97b1f3ab1ee,1,Sent a message
b97b1f3ab1ee,2,Sent 2 or more messages
b5eb6b5a548a,0,Arrived
b5eb6b5a548a,1,Sent a message
b5eb6b5a548a,2,Sent 2 or more messages
ec87239959ff,0,Arrived
ec87239959ff,1,Sent a message
ec87239959ff,2,Sent 2 or more messages
e846935965c0,0,Arrived
e846935965c0,1,Sent a message
e846935965c0,2,Sent 2 or more messages
e846935965c0,3,Sent 7 or more messages
1195052a2705,0,Arrived
1195052a2705,1,Sent a message
1195052a2705,2,Sent 2 or more messages
1195052a2705,3,Sent 7 or more messages
a37a284274ee,0,Arrived
a37a284274ee,1,Sent a message
a37a284274ee,2,Sent 2 or more messages
f11283a6845d,0,Arrived
f11283a6845d,1,Sent a message
f11283a6845d,2,Sent 2 or more messages
f11283a6845d,3,Sent 7 or more messages
d290da81e8e7,0,Arrived
0de98070fca2,0,Arrived
0de98070fca2,1,Sent a message
0de98070fca2,2,Sent 2 or more messages
2624c4c019ec,0,Arrived
8f22a38fba39,0,Arrived
8f22a38fba39,1,Sent a message
8515b9337673,0,Arrived
8515b9337673,1,Sent a message
8515b9337673,2,Sent 2 or more messages
6650942ea6ea,0,Arrived
6650942ea6ea,1,Sent a message
6650942ea6ea,2,Sent 2 or more messages
8c55a7380118,0,Arrived
8c55a7380118,1,Sent a message
8c55a7380118,2,Sent 2 or more messages
8c55a7380118,3,Sent 7 or more messages
8f8014dd3ca2,0,Arrived
8f8014dd3ca2,1,Sent a message
8f8014dd3ca2,2,Sent 2 or more messages
782bc1dc9626,0,Arrived
782bc1dc9626,1,Sent a message
782bc1dc9626,2,Sent 2 or more messages
d198e5adc768,0,Arrived
d198e5adc768,1,Sent a message
c17649e72675,0,Arrived
c4d5bca077ba,0,Arrived
a6642232899b,0,Arrived
a6642232899b,1,Sent a message
a6642232899b,2,Sent 2 or more messages
46030f16eeeb,0,Arrived
46030f16eeeb,1,Sent a message
46030f16eeeb,2,Sent 2 or more messages
02764a615e66,0,Arrived
02764a615e66,1,Sent a message
851cf3b82b01,0,Arrived
851cf3b82b01,1,Sent a message
851cf3b82b01,2,Sent 2 or more messages
2b0c382722d0,0,Arrived
2b0c382722d0,1,Sent a message
2b0c382722d0,2,Sent 2 or more messages
4a9224ec0d8e,0,Arrived
4a9224ec0d8e,1,Sent a message
4a9224ec0d8e,2,Sent 2 or more messages
4a9224ec0d8e,3,Sent 7 or more messages
1c4cccd51f1e,0,Arrived
1c4cccd51f1e,1,Sent a message
25f72e684000,0,Arrived
25f72e684000,1,Sent a message
6863d38c2d07,0,Arrived
6863d38c2d07,1,Sent a message
6863d38c2d07,2,Sent 2 or more messages
e80a36af12e5,0,Arrived
e80a36af12e5,1,Sent a message
e80a36af12e5,2,Sent 2 or more messages
bcb32a25466f,0,Arrived
bcb32a25466f,1,Sent a message
573843e5bd1e,0,Arrived
573843e5bd1e,1,Sent a message
573843e5bd1e,2,Sent 2 or more messages
a26eecc89b56,0,Arrived
a26eecc89b56,1,Sent a message
a26eecc89b56,2,Sent 2 or more messages
a26eecc89b56,3,Sent 7 or more messages
4c27be02ace9,0,Arrived
4c27be02ace9,1,Sent a message
4c27be02ace9,2,Sent 2 or more messages
a5a1de8d5d8f,0,Arrived
a5a1de8d5d8f,1,Sent a message
a5a1de8d5d8f,2,Sent 2 or more messages
a5a1de8d5d8f,3,Sent 7 or more messages
9c79fc78d797,0,Arrived
9c79fc78d797,1,Sent a message
9c79fc78d797,2,Sent 2 or more messages
bc23c504be66,0,Arrived
bc23c504be66,1,Sent a message
40cbebbd504b,0,Arrived
40cbebbd504b,1,Sent a message
40cbebbd504b,2,Sent 2 or more messages
0fb335dc5958,0,Arrived
0fb335dc5958,1,Sent a message
0fb335dc5958,2,Sent 2 or more messages
5804605991cf,0,Arrived
5804605991cf,1,Sent a message
5804605991cf,2,Sent 2 or more messages
8e5b3257d1da,0,Arrived
8e5b3257d1da,1,Sent a message
8e5b3257d1da,2,Sent 2 or more messages
8e5b3257d1da,3,Sent 7 or more messages
ebf63a1e9924,0,Arrived
ebf63a1e9924,1,Sent a message
ebf63a1e9924,2,Sent 2 or more messages
67137155144d,0,Arrived
67137155144d,1,Sent a message
67137155144d,2,Sent 2 or more messages
67137155144d,3,Sent 7 or more messages
d34943bfdf8b,0,Arrived
d34943bfdf8b,1,Sent a message
d34943bfdf8b,2,Sent 2 or more messages
f90a785a914c,0,Arrived
f90a785a914c,1,Sent a message
df79cf3d1d84,0,Arrived
df79cf3d1d84,1,Sent a message
cf1e2d9e5c95,0,Arrived
cf1e2d9e5c95,1,Sent a message
cf1e2d9e5c95,2,Sent 2 or more messages
cf1e2d9e5c95,3,Sent 7 or more messages
2be96f37218b,0,Arrived
2be96f37218b,1,Sent a message
7205b06dde9e,0,Arrived
7205b06dde9e,1,Sent a message
5cd4dbfb17c4,0,Arrived
691fe5ddb951,0,Arrived
691fe5ddb951,1,Sent a message
d3ddd0715e63,0,Arrived
923ea915bfb1,0,Arrived
90f9b9d9f534,0,Arrived
f35294957acf,0,Arrived
6491eceed718,0,Arrived
e53901a426b6,0,Arrived
b742052b3783,0,Arrived
b742052b3783,1,Sent a message
b742052b3783,2,Sent 2 or more messages
acf5c6560459,0,Arrived
acf5c6560459,1,Sent a message
4b8af1d9e6e6,0,Arrived
4b8af1d9e6e6,1,Sent a message
4b8af1d9e6e6,2,Sent 2 or more messages
4dbeb691b609,0,Arrived
4dbeb691b609,1,Sent a message
4dbeb691b609,2,Sent 2 or more messages
0556605b2d5c,0,Arrived
0556605b2d5c,1,Sent a message
0556605b2d5c,2,Sent 2 or more messages
0556605b2d5c,3,Sent 7 or more messages
970c5e6500df,0,Arrived
970c5e6500df,1,Sent a message
970c5e6500df,2,Sent 2 or more messages
456b1a830844,0,Arrived
456b1a830844,1,Sent a message
456b1a830844,2,Sent 2 or more messages
c30ddc5d3f63,0,Arrived
c30ddc5d3f63,1,Sent a message
c30ddc5d3f63,2,Sent 2 or more messages
41662a74fa3e,0,Arrived
41662a74fa3e,1,Sent a message
41662a74fa3e,2,Sent 2 or more messages
41662a74fa3e,3,Sent 7 or more messages
aa5cfb011785,0,Arrived
aa5cfb011785,1,Sent a message
aa5cfb011785,2,Sent 2 or more messages
07fdee5981cb,0,Arrived
07fdee5981cb,1,Sent a message
07fdee5981cb,2,Sent 2 or more messages
618f68ebe821,0,Arrived
baeaf1552f27,0,Arrived
ae3786c10d54,0,Arrived
ae3786c10d54,1,Sent a message
ae3786c10d54,2,Sent 2 or more messages
f2d9ee2f480b,0,Arrived
f2d9ee2f480b,1,Sent a message
f2d9ee2f480b,2,Sent 2 or more messages
719105037cd3,0,Arrived
719105037cd3,1,Sent a message
719105037cd3,2,Sent 2 or more messages
719105037cd3,3,Sent 7 or more messages
205f6c912237,0,Arrived
205f6c912237,1,Sent a message
50fdccfb1891,0,Arrived
50fdccfb1891,1,Sent a message
50fdccfb1891,2,Sent 2 or more messages
50fdccfb1891,3,Sent 7 or more messages
33d504e8d4d9,0,Arrived
33d504e8d4d9,1,Sent a message
a2e7a4a72fef,0,Arrived
a2e7a4a72fef,1,Sent a message
cc350246cf6e,0,Arrived
32fdecd17449,0,Arrived
32fdecd17449,1,Sent a message
32fdecd17449,2,Sent 2 or more messages
591ef6450265,0,Arrived
591ef6450265,1,Sent a message
c0ebc8b6e977,0,Arrived
c0ebc8b6e977,1,Sent a message
11e3b5c0ff75,0,Arrived
11e3b5c0ff75,1,Sent a message
4462fcbb3406,0,Arrived
f8df33a0bed7,0,Arrived
f8df33a0bed7,1,Sent a message
f8df33a0bed7,2,Sent 2 or more messages
f8df33a0bed7,3,Sent 7 or more messages
ad0d0436a635,0,Arrived
ad0d0436a635,1,Sent a message
9ec54a2a09b9,0,Arrived
9ec54a2a09b9,1,Sent a message
9ec54a2a09b9,2,Sent 2 or more messages
a741d3529eec,0,Arrived
a741d3529eec,1,Sent a message
b4ee5ceb484c,0,Arrived
b4ee5ceb484c,1,Sent a message
b4ee5ceb484c,2,Sent 2 or more messages
f551cd0b668e,0,Arrived
d1ca95b614c6,0,Arrived
d1ca95b614c6,1,Sent a message
d1ca95b614c6,2,Sent 2 or more messages
50609b181614,0,Arrived
c70fc546cae1,0,Arrived
c70fc546cae1,1,Sent a message
c70fc546cae1,2,Sent 2 or more messages
c70fc546cae1,3,Sent 7 or more messages
26c37c7c3dcf,0,Arrived
26c37c7c3dcf,1,Sent a message
26c37c7c3dcf,2,Sent 2 or more messages
e1e54a1ff1f5,0,Arrived
e1e54a1ff1f5,1,Sent a message
e1e54a1ff1f5,2,Sent 2 or more messages
bd72935f5518,0,Arrived
bd72935f5518,1,Sent a message
24e2b3678d0d,0,Arrived
24e2b3678d0d,1,Sent a message
24e2b3678d0d,2,Sent 2 or more messages
7f5783a9735d,0,Arrived
7f5783a9735d,1,Sent a message
21d253a16688,0,Arrived
21d253a16688,1,Sent a message
21d253a16688,2,Sent 2 or more messages
6695107cea34,0,Arrived
6695107cea34,1,Sent a message
6695107cea34,2,Sent 2 or more messages
f9c69cf01445,0,Arrived
f9c69cf01445,1,Sent a message
f9c69cf01445,2,Sent 2 or more messages
4c5d5996085f,0,Arrived
4c5d5996085f,1,Sent a message
4c5d5996085f,2,Sent 2 or more messages
def3e194afc8,0,Arrived
0a2869cfe664,0,Arrived
0a2869cfe664,1,Sent a message
0a2869cfe664,2,Sent 2 or more messages
9fc2d4ba36e4,0,Arrived
9fc2d4ba36e4,1,Sent a message
9fc2d4ba36e4,2,Sent 2 or more messages
9fc2d4ba36e4,3,Sent 7 or more messages
f4b1d91c8719,0,Arrived
4dc5923f9d21,0,Arrived
4dc5923f9d21,1,Sent a message
4dc5923f9d21,2,Sent 2 or more messages
b71b48b68419,0,Arrived
b71b48b68419,1,Sent a message
b71b48b68419,2,Sent 2 or more messages
046a939f1579,0,Arrived
046a939f1579,1,Sent a message
046a939f1579,2,Sent 2 or more messages
046a939f1579,3,Sent 7 or more messages
16dd8b39b4ea,0,Arrived
16dd8b39b4ea,1,Sent a message
16dd8b39b4ea,2,Sent 2 or more messages
d3b7d49f9133,0,Arrived
d3b7d49f9133,1,Sent a message
d3b7d49f9133,2,Sent 2 or more messages
43f2bfa84b23,0,Arrived
43f2bfa84b23,1,Sent a message
43f2bfa84b23,2,Sent 2 or more messages
43f2bfa84b23,3,Sent 7 or more messages
9495fff13123,0,Arrived
9495fff13123,1,Sent a message
9495fff13123,2,Sent 2 or more messages
1209a0c44415,0,Arrived
1209a0c44415,1,Sent a message
1209a0c44415,2,Sent 2 or more messages
6a69fced0269,0,Arrived
6a69fced0269,1,Sent a message
6a69fced0269,2,Sent 2 or more messages
6a69fced0269,3,Sent 7 or more messages
e9900c755cc8,0,Arrived
e9900c755cc8,1,Sent a message
e9900c755cc8,2,Sent 2 or more messages
1e01c7d59f5c,0,Arrived
1e01c7d59f5c,1,Sent a message
1e01c7d59f5c,2,Sent 2 or more messages
771f85a17fcb,0,Arrived
771f85a17fcb,1,Sent a message
771f85a17fcb,2,Sent 2 or more messages
e719d43df055,0,Arrived
e719d43df055,1,Sent a message
e719d43df055,2,Sent 2 or more messages
730e17119e5d,0,Arrived
730e17119e5d,1,Sent a message
204861de9f07,0,Arrived
204861de9f07,1,Sent a message
932b8454df7d,0,Arrived
932b8454df7d,1,Sent a message
932b8454df7d,2,Sent 2 or more messages
e6f409ef9b75,0,Arrived
e6f409ef9b75,1,Sent a message
e6f409ef9b75,2,Sent 2 or more messages
3405af2b0ae0,0,Arrived
3405af2b0ae0,1,Sent a message
3405af2b0ae0,2,Sent 2 or more messages
c779e342fd14,0,Arrived
c779e342fd14,1,Sent a message
c779e342fd14,2,Sent 2 or more messages
2d0025fbee46,0,Arrived
406b3e9a1228,0,Arrived
406b3e9a1228,1,Sent a message
406b3e9a1228,2,Sent 2 or more messages
8a74e17e6243,0,Arrived
8a74e17e6243,1,Sent a message
8a74e17e6243,2,Sent 2 or more messages
e5edc9cb3a93,0,Arrived
e5edc9cb3a93,1,Sent a message
e5edc9cb3a93,2,Sent 2 or more messages
e5edc9cb3a93,3,Sent 7 or more messages
bc1dee482f04,0,Arrived
bc1dee482f04,1,Sent a message
bc1dee482f04,2,Sent 2 or more messages
ec1a34a77cca,0,Arrived
ec1a34a77cca,1,Sent a message
ec1a34a77cca,2,Sent 2 or more messages
a5b1e565a5b6,0,Arrived
a5b1e565a5b6,1,Sent a message
a5b1e565a5b6,2,Sent 2 or more messages
5cb012353434,0,Arrived
5cb012353434,1,Sent a message
5cb012353434,2,Sent 2 or more messages
0809661b0bc4,0,Arrived
0809661b0bc4,1,Sent a message
0809661b0bc4,2,Sent 2 or more messages
cf027211d091,0,Arrived
cf027211d091,1,Sent a message
cf027211d091,2,Sent 2 or more messages
d7dd07913041,0,Arrived
d7dd07913041,1,Sent a message
d7dd07913041,2,Sent 2 or more messages
88d62e8e059f,0,Arrived
88d62e8e059f,1,Sent a message
88d62e8e059f,2,Sent 2 or more messages
77aaa1392818,0,Arrived
77aaa1392818,1,Sent a message
77aaa1392818,2,Sent 2 or more messages
057777824af7,0,Arrived
057777824af7,1,Sent a message
0a19abe64c8f,0,Arrived
685101263c25,0,Arrived
ae274c7b9001,0,Arrived
ae274c7b9001,1,Sent a message
72481892be9f,0,Arrived
72481892be9f,1,Sent a message
72481892be9f,2,Sent 2 or more messages
4d0d805f41f7,0,Arrived
4d0d805f41f7,1,Sent a message
4d0d805f41f7,2,Sent 2 or more messages
4d0d805f41f7,3,Sent 7 or more messages
ec0808a120ca,0,Arrived
ec0808a120ca,1,Sent a message
ec0808a120ca,2,Sent 2 or more messages
ec0808a120ca,3,Sent 7 or more messages
1848f211e243,0,Arrived
1848f211e243,1,Sent a message
1848f211e243,2,Sent 2 or more messages
b411ca13f4a1,0,Arrived
b411ca13f4a1,1,Sent a message
b411ca13f4a1,2,Sent 2 or more messages
11d359d29a07,0,Arrived
11d359d29a07,1,Sent a message
11d359d29a07,2,Sent 2 or more messages
5858420214d9,0,Arrived
5858420214d9,1,Sent a message
6b65c7c3b3ef,0,Arrived
6b65c7c3b3ef,1,Sent a message
6b65c7c3b3ef,2,Sent 2 or more messages
ab8260e04552,0,Arrived
ab8260e04552,1,Sent a message
ab8260e04552,2,Sent 2 or more messages
ebd77a80a358,0,Arrived
ebd77a80a358,1,Sent a message
ebd77a80a358,2,Sent 2 or more messages
7ff12400b9f6,0,Arrived
7ff12400b9f6,1,Sent a message
7ff12400b9f6,2,Sent 2 or more messages
fd66527a6032,0,Arrived
fd66527a6032,1,Sent a message
fd66527a6032,2,Sent 2 or more messages
fd66527a6032,3,Sent 7 or more messages
c07a41679f4b,0,Arrived
c07a41679f4b,1,Sent a message
c07a41679f4b,2,Sent 2 or more messages
106f48ba07b7,0,Arrived
106f48ba07b7,1,Sent a message
106f48ba07b7,2,Sent 2 or more messages
32be206e53e4,0,Arrived
32be206e53e4,1,Sent a message
32be206e53e4,2,Sent 2 or more messages
32be206e53e4,3,Sent 7 or more messages
40909d385fd7,0,Arrived
40909d385fd7,1,Sent a message
cafa8a84785e,0,Arrived
cafa8a84785e,1,Sent a message
cafa8a84785e,2,Sent 2 or more messages
7db0f19f99c4,0,Arrived
7db0f19f99c4,1,Sent a message
f61075c58c43,0,Arrived
f61075c58c43,1,Sent a message
9d13da642c1d,0,Arrived
a3ac0cb9e730,0,Arrived
a3ac0cb9e730,1,Sent a message
e7a36fffd249,0,Arrived
e7a36fffd249,1,Sent a message
e7a36fffd249,2,Sent 2 or more messages
0af1b20e629c,0,Arrived
0af1b20e629c,1,Sent a message
0af1b20e629c,2,Sent 2 or more messages
0af1b20e629c,3,Sent 7 or more messages
6935b7fc6aef,0,Arrived
6935b7fc6aef,1,Sent a message
ee9d47c348b7,0,Arrived
ee9d47c348b7,1,Sent a message
ee9d47c348b7,2,Sent 2 or more messages
af2bff13e52d,0,Arrived
af2bff13e52d,1,Sent a message
af2bff13e52d,2,Sent 2 or more messages
aee16c067335,0,Arrived
aee16c067335,1,Sent a message
aee16c067335,2,Sent 2 or more messages
598560d91722,0,Arrived
598560d91722,1,Sent a message
598560d91722,2,Sent 2 or more messages
d881a73f0891,0,Arrived
d881a73f0891,1,Sent a message
d881a73f0891,2,Sent 2 or more messages
d881a73f0891,3,Sent 7 or more messages
6921ec0847ed,0,Arrived
6921ec0847ed,1,Sent a message
6921ec0847ed,2,Sent 2 or more messages
c5850b168b1b,0,Arrived
c5850b168b1b,1,Sent a message
753a1bd5c882,0,Arrived
753a1bd5c882,1,Sent a message
753a1bd5c882,2,Sent 2 or more messages
360b473dd1ec,0,Arrived
360b473dd1ec,1,Sent a message
360b473dd1ec,2,Sent 2 or more messages
5ea0c636563a,0,Arrived
5ea0c636563a,1,Sent a message
e1e56ec111f7,0,Arrived
e1e56ec111f7,1,Sent a message
e1e56ec111f7,2,Sent 2 or more messages
e1e56ec111f7,3,Sent 7 or more messages
7d9e9ebb75e8,0,Arrived
7d9e9ebb75e8,1,Sent a message
7d9e9ebb75e8,2,Sent 2 or more messages
276a55f67a77,0,Arrived
276a55f67a77,1,Sent a message
276a55f67a77,2,Sent 2 or more messages
276a55f67a77,3,Sent 7 or more messages
90b569f486eb,0,Arrived
90b569f486eb,1,Sent a message
90b569f486eb,2,Sent 2 or more messages
0acb321354fe,0,Arrived
0acb321354fe,1,Sent a message
0acb321354fe,2,Sent 2 or more messages
2984a7622736,0,Arrived
2984a7622736,1,Sent a message
2984a7622736,2,Sent 2 or more messages
17c22ca81d52,0,Arrived
7b41c71f72b3,0,Arrived
7b41c71f72b3,1,Sent a message
7b41c71f72b3,2,Sent 2 or more messages
f4f453dc0b6d,0,Arrived
f4f453dc0b6d,1,Sent a message
0014ad7a21e3,0,Arrived
0014ad7a21e3,1,Sent a message
0014ad7a21e3,2,Sent 2 or more messages
9d8a3f92a7aa,0,Arrived
9d8a3f92a7aa,1,Sent a message
9d8a3f92a7aa,2,Sent 2 or more messages
9d8a3f92a7aa,3,Sent 7 or more messages
680eb65432dc,0,Arrived
680eb65432dc,1,Sent a message
680eb65432dc,2,Sent 2 or more messages
2a7c52a956d9,0,Arrived
7a0081c16d9f,0,Arrived
fb0e60c91527,0,Arrived
fb0e60c91527,1,Sent a message
17db1913fc63,0,Arrived
17db1913fc63,1,Sent a message
17db1913fc63,2,Sent 2 or more messages
6046a01863f9,0,Arrived
6046a01863f9,1,Sent a message
6046a01863f9,2,Sent 2 or more messages
242d9ac9e268,0,Arrived
6091610a4330,0,Arrived
6091610a4330,1,Sent a message
309d5f4bdad6,0,Arrived
309d5f4bdad6,1,Sent a message
1fa40aefa1ca,0,Arrived
1fa40aefa1ca,1,Sent a message
1fa40aefa1ca,2,Sent 2 or more messages
1fa40aefa1ca,3,Sent 7 or more messages
d90b2bb09217,0,Arrived
d90b2bb09217,1,Sent a message
d90b2bb09217,2,Sent 2 or more messages
eb4807a8774d,0,Arrived
eb4807a8774d,1,Sent a message
eb4807a8774d,2,Sent 2 or more messages
9073c17379d1,0,Arrived
9073c17379d1,1,Sent a message
9073c17379d1,2,Sent 2 or more messages
613314d063bd,0,Arrived
5f8aae4275b4,0,Arrived
5f8aae4275b4,1,Sent a message
5f8aae4275b4,2,Sent 2 or more messages
5f8aae4275b4,3,Sent 7 or more messages
b141a6d1398e,0,Arrived
b141a6d1398e,1,Sent a message
342ad1d06b28,0,Arrived
342ad1d06b28,1,Sent a message
342ad1d06b28,2,Sent 2 or more messages
864848d53820,0,Arrived
4c7490179e9b,0,Arrived
4c7490179e9b,1,Sent a message
4c7490179e9b,2,Sent 2 or more messages
4c7490179e9b,3,Sent 7 or more messages
1a83a3c7f37a,0,Arrived
1a83a3c7f37a,1,Sent a message
1a83a3c7f37a,2,Sent 2 or more messages
8cc3e6296d4b,0,Arrived
8cc3e6296d4b,1,Sent a message
8cc3e6296d4b,2,Sent 2 or more messages
a3974ac773a5,0,Arrived
dbe581eaf411,0,Arrived
dbe581eaf411,1,Sent a message
dbe581eaf411,2,Sent 2 or more messages
176ac8a2f9fb,0,Arrived
176ac8a2f9fb,1,Sent a message
f6ffa029142b,0,Arrived
f6ffa029142b,1,Sent a message
25c717fcfcf0,0,Arrived
25c717fcfcf0,1,Sent a message
25c717fcfcf0,2,Sent 2 or more messages
befd38dd27f0,0,Arrived
befd38dd27f0,1,Sent a message
befd38dd27f0,2,Sent 2 or more messages
db6e189427d5,0,Arrived
abc4a73d789d,0,Arrived
abc4a73d789d,1,Sent a message
bae2bd10c40f,0,Arrived
bae2bd10c40f,1,Sent a message
bae2bd10c40f,2,Sent 2 or more messages
874ab9c8c13c,0,Arrived
874ab9c8c13c,1,Sent a message
4eed8489d04f,0,Arrived
4eed8489d04f,1,Sent a message
4eed8489d04f,2,Sent 2 or more messages
ed4f4f6f3045,0,Arrived
ed4f4f6f3045,1,Sent a message
ed4f4f6f3045,2,Sent 2 or more messages
01a55f6e2bfc,0,Arrived
01a55f6e2bfc,1,Sent a message
4d1089abd65a,0,Arrived
4d1089abd65a,1,Sent a message
4d1089abd65a,2,Sent 2 or more messages
58e3ec0e8efa,0,Arrived
58e3ec0e8efa,1,Sent a message
58e3ec0e8efa,2,Sent 2 or more messages
58e3ec0e8efa,3,Sent 7 or more messages
548d34245649,0,Arrived
aafc94db1e25,0,Arrived
aafc94db1e25,1,Sent a message
aafc94db1e25,2,Sent 2 or more messages
061eed24d599,0,Arrived
061eed24d599,1,Sent a message
061eed24d599,2,Sent 2 or more messages
267d167f5c8d,0,Arrived
267d167f5c8d,1,Sent a message
13a0b790d57c,0,Arrived
13a0b790d57c,1,Sent a message
3b182d800abd,0,Arrived
3b182d800abd,1,Sent a message
3b182d800abd,2,Sent 2 or more messages
7e6d7186811b,0,Arrived
7e6d7186811b,1,Sent a message
7e6d7186811b,2,Sent 2 or more messages
7d102248f6ed,0,Arrived
0216c17c32b9,0,Arrived
0216c17c32b9,1,Sent a message
70c15978d565,0,Arrived
70c15978d565,1,Sent a message
70c15978d565,2,Sent 2 or more messages
e1d352c8b6dc,0,Arrived
e1d352c8b6dc,1,Sent a message
e1d352c8b6dc,2,Sent 2 or more messages
e1d352c8b6dc,3,Sent 7 or more messages
434494785677,0,Arrived
434494785677,1,Sent a message
434494785677,2,Sent 2 or more messages
7a1cfeff21d5,0,Arrived
7a1cfeff21d5,1,Sent a message
7a1cfeff21d5,2,Sent 2 or more messages
4799299fa12d,0,Arrived
4799299fa12d,1,Sent a message
07dc6748f76d,0,Arrived
87f5ad4d1e03,0,Arrived
87f5ad4d1e03,1,Sent a message
87f5ad4d1e03,2,Sent 2 or more messages
5044f351c01f,0,Arrived
5044f351c01f,1,Sent a message
5044f351c01f,2,Sent 2 or more messages
5044f351c01f,3,Sent 7 or more messages
3935544d11dc,0,Arrived
3935544d11dc,1,Sent a message
3935544d11dc,2,Sent 2 or more messages
88e3815baa87,0,Arrived
88e3815baa87,1,Sent a message
88e3815baa87,2,Sent 2 or more messages
2eebe3247bca,0,Arrived
2eebe3247bca,1,Sent a message
2eebe3247bca,2,Sent 2 or more messages
622409064ef4,0,Arrived
f98279ef0fbb,0,Arrived
f98279ef0fbb,1,Sent a message
f98279ef0fbb,2,Sent 2 or more messages
565848d424b6,0,Arrived
565848d424b6,1,Sent a message
565848d424b6,2,Sent 2 or more messages
d395c2b6bb31,0,Arrived
d395c2b6bb31,1,Sent a message
c4b3d829b70c,0,Arrived
c4b3d829b70c,1,Sent a message
c4b3d829b70c,2,Sent 2 or more messages
c4b3d829b70c,3,Sent 7 or more messages
0d1a2ab1cda3,0,Arrived
0d1a2ab1cda3,1,Sent a message
0d1a2ab1cda3,2,Sent 2 or more messages
0d1a2ab1cda3,3,Sent 7 or more messages
1c6098ca81dd,0,Arrived
1c6098ca81dd,1,Sent a message
1c6098ca81dd,2,Sent 2 or more messages
1c6098ca81dd,3,Sent 7 or more messages
9d06a9320c10,0,Arrived
9d06a9320c10,1,Sent a message
9d06a9320c10,2,Sent 2 or more messages
0c2e8dcba2eb,0,Arrived
0c2e8dcba2eb,1,Sent a message
0c2e8dcba2eb,2,Sent 2 or more messages
7f6183ceb4db,0,Arrived
7f6183ceb4db,1,Sent a message
7f6183ceb4db,2,Sent 2 or more messages
6009b77e7f5b,0,Arrived
6009b77e7f5b,1,Sent a message
6009b77e7f5b,2,Sent 2 or more messages
486f594ec494,0,Arrived
6c9cb7899305,0,Arrived
6c9cb7899305,1,Sent a message
6c9cb7899305,2,Sent 2 or more messages
33d15dadcc97,0,Arrived
33d15dadcc97,1,Sent a message
33d15dadcc97,2,Sent 2 or more messages
33d15dadcc97,3,Sent 7 or more messages
f483ae131fa8,0,Arrived
f483ae131fa8,1,Sent a message
f483ae131fa8,2,Sent 2 or more messages
e900ff1f2554,0,Arrived
e900ff1f2554,1,Sent a message
e900ff1f2554,2,Sent 2 or more messages
f4ea24417e86,0,Arrived
f4ea24417e86,1,Sent a message
f4ea24417e86,2,Sent 2 or more messages
ecc635d4b0e2,0,Arrived
ecc635d4b0e2,1,Sent a message
ecc635d4b0e2,2,Sent 2 or more messages
3fc23677ed59,0,Arrived
3fc23677ed59,1,Sent a message
3fc23677ed59,2,Sent 2 or more messages
9f55b7f98d0c,0,Arrived
9f55b7f98d0c,1,Sent a message
9f55b7f98d0c,2,Sent 2 or more messages
9f55b7f98d0c,3,Sent 7 or more messages
38ca49bafc59,0,Arrived
38ca49bafc59,1,Sent a message
38ca49bafc59,2,Sent 2 or more messages
38ca49bafc59,3,Sent 7 or more messages
f655c3640a9c,0,Arrived
f655c3640a9c,1,Sent a message
91098e83c5d9,0,Arrived
91098e83c5d9,1,Sent a message
91098e83c5d9,2,Sent 2 or more messages
3d3b0981d2f7,0,Arrived
3d3b0981d2f7,1,Sent a message
5f3b1a98a0c9,0,Arrived
5f3b1a98a0c9,1,Sent a message
5f3b1a98a0c9,2,Sent 2 or more messages
9802841c02ed,0,Arrived
9802841c02ed,1,Sent a message
566014fe1472,0,Arrived
566014fe1472,1,Sent a message
566014fe1472,2,Sent 2 or more messages
566014fe1472,3,Sent 7 or more messages
8cadaabfc46b,0,Arrived
8cadaabfc46b,1,Sent a message
8cadaabfc46b,2,Sent 2 or more messages
d2b935343ccf,0,Arrived
d2b935343ccf,1,Sent a message
c57891ad82ed,0,Arrived
c57891ad82ed,1,Sent a message
c57891ad82ed,2,Sent 2 or more messages
c57891ad82ed,3,Sent 7 or more messages
7eb0525767e1,0,Arrived
7eb0525767e1,1,Sent a message
7eb0525767e1,2,Sent 2 or more messages
f8915ce811fa,0,Arrived
f8915ce811fa,1,Sent a message
924d9c35fc08,0,Arrived
924d9c35fc08,1,Sent a message
924d9c35fc08,2,Sent 2 or more messages
924d9c35fc08,3,Sent 7 or more messages
29d93a2f169e,0,Arrived
29d93a2f169e,1,Sent a message
29d93a2f169e,2,Sent 2 or more messages
157aec2253fd,0,Arrived
157aec2253fd,1,Sent a message
157aec2253fd,2,Sent 2 or more messages
b214fc588e5a,0,Arrived
b214fc588e5a,1,Sent a message
b214fc588e5a,2,Sent 2 or more messages
de1ded63645a,0,Arrived
de1ded63645a,1,Sent a message
de1ded63645a,2,Sent 2 or more messages
c37c0528b4bd,0,Arrived
67bc1b1311b4,0,Arrived
67bc1b1311b4,1,Sent a message
67bc1b1311b4,2,Sent 2 or more messages
67bc1b1311b4,3,Sent 7 or more messages
839f912ebc05,0,Arrived
839f912ebc05,1,Sent a message
839f912ebc05,2,Sent 2 or more messages
839f912ebc05,3,Sent 7 or more messages
6729a0cd9307,0,Arrived
6729a0cd9307,1,Sent a message
6729a0cd9307,2,Sent 2 or more messages
c24b23e10ab0,0,Arrived
c24b23e10ab0,1,Sent a message
c24b23e10ab0,2,Sent 2 or more messages
de4012f900cf,0,Arrived
de4012f900cf,1,Sent a message
de4012f900cf,2,Sent 2 or more messages
01e874a94ef6,0,Arrived
01e874a94ef6,1,Sent a message
01e874a94ef6,2,Sent 2 or more messages
8adfd0f355e9,0,Arrived
8adfd0f355e9,1,Sent a message
8adfd0f355e9,2,Sent 2 or more messages
faaca385eab7,0,Arrived
c1d4b4c60b81,0,Arrived
c1d4b4c60b81,1,Sent a message
c1d4b4c60b81,2,Sent 2 or more messages
e1f13dfde3bc,0,Arrived
e1f13dfde3bc,1,Sent a message
e1f13dfde3bc,2,Sent 2 or more messages
6cf9e8114e66,0,Arrived
6cf9e8114e66,1,Sent a message
a1115850bcb8,0,Arrived
a1115850bcb8,1,Sent a message
af73974dfb5f,0,Arrived
877f45c963ca,0,Arrived
877f45c963ca,1,Sent a message
877f45c963ca,2,Sent 2 or more messages
10bbd378898e,0,Arrived
10bbd378898e,1,Sent a message
10bbd378898e,2,Sent 2 or more messages
7d7d7dd617bf,0,Arrived
7d7d7dd617bf,1,Sent a message
7d7d7dd617bf,2,Sent 2 or more messages
58f58e00440b,0,Arrived
58f58e00440b,1,Sent a message
0728fbb71e81,0,Arrived
0728fbb71e81,1,Sent a message
2ef4b05fa3e4,0,Arrived
2ef4b05fa3e4,1,Sent a message
bb33b846c2c5,0,Arrived
bb33b846c2c5,1,Sent a message
bb33b846c2c5,2,Sent 2 or more messages
5f7ccd4c3ba5,0,Arrived
5f7ccd4c3ba5,1,Sent a message
5f7ccd4c3ba5,2,Sent 2 or more messages
0a5b92f117c1,0,Arrived
0a5b92f117c1,1,Sent a message
0a5b92f117c1,2,Sent 2 or more messages
cc44be011fc8,0,Arrived
cc44be011fc8,1,Sent a message
cc44be011fc8,2,Sent 2 or more messages
382c0027e143,0,Arrived
382c0027e143,1,Sent a message
02a905d8ae15,0,Arrived
02a905d8ae15,1,Sent a message
02a905d8ae15,2,Sent 2 or more messages
963a564234a7,0,Arrived
963a564234a7,1,Sent a message
963a564234a7,2,Sent 2 or more messages
9c6992dafeae,0,Arrived
9c6992dafeae,1,Sent a message
9c6992dafeae,2,Sent 2 or more messages
38b67f491e68,0,Arrived
38b67f491e68,1,Sent a message
38b67f491e68,2,Sent 2 or more messages
0720077ff117,0,Arrived
a2dc998af660,0,Arrived
a2dc998af660,1,Sent a message
5a525086d92f,0,Arrived
5a525086d92f,1,Sent a message
5a525086d92f,2,Sent 2 or more messages
c102a05bc7bd,0,Arrived
c102a05bc7bd,1,Sent a message
c102a05bc7bd,2,Sent 2 or more messages
7ca5b1d9e37f,0,Arrived
7ca5b1d9e37f,1,Sent a message
7ca5b1d9e37f,2,Sent 2 or more messages
ad2009457cac,0,Arrived
ad2009457cac,1,Sent a message
ad2009457cac,2,Sent 2 or more messages
ad2009457cac,3,Sent 7 or more messages
ecfe90bb1876,0,Arrived
6c99e1a0bd00,0,Arrived
6c99e1a0bd00,1,Sent a message
6c99e1a0bd00,2,Sent 2 or more messages
6c99e1a0bd00,3,Sent 7 or more messages
e685b0c1941c,0,Arrived
e685b0c1941c,1,Sent a message
e685b0c1941c,2,Sent 2 or more messages
2245d475c707,0,Arrived
2245d475c707,1,Sent a message
2245d475c707,2,Sent 2 or more messages
c1c4a8254e3e,0,Arrived
c1c4a8254e3e,1,Sent a message
ca554e8748d9,0,Arrived
ca554e8748d9,1,Sent a message
5c9ef20917c1,0,Arrived
5c9ef20917c1,1,Sent a message
9b97805bcedb,0,Arrived
9b97805bcedb,1,Sent a message
9b97805bcedb,2,Sent 2 or more messages
65d0ed23a3a4,0,Arrived
1b5222e497bf,0,Arrived
1b5222e497bf,1,Sent a message
1b5222e497bf,2,Sent 2 or more messages
1b5222e497bf,3,Sent 7 or more messages
2ad1d2577df4,0,Arrived
2ad1d2577df4,1,Sent a message
4544c32a7977,0,Arrived
4544c32a7977,1,Sent a message
4544c32a7977,2,Sent 2 or more messages
b094ff31751a,0,Arrived
b094ff31751a,1,Sent a message
b094ff31751a,2,Sent 2 or more messages
b094ff31751a,3,Sent 7 or more messages
f088ab89ff01,0,Arrived
f088ab89ff01,1,Sent a message
f088ab89ff01,2,Sent 2 or more messages
f088ab89ff01,3,Sent 7 or more messages
7298a75fed0e,0,Arrived
7298a75fed0e,1,Sent a message
7cd7675ea731,0,Arrived
7cd7675ea731,1,Sent a message
7cd7675ea731,2,Sent 2 or more messages
16a465fda40c,0,Arrived
16a465fda40c,1,Sent a message
ff48f45207bd,0,Arrived
ff48f45207bd,1,Sent a message
ff48f45207bd,2,Sent 2 or more messages
6e228243d03f,0,Arrived
6e228243d03f,1,Sent a message
6e228243d03f,2,Sent 2 or more messages
7952b8c1a3a5,0,Arrived
7952b8c1a3a5,1,Sent a message
7952b8c1a3a5,2,Sent 2 or more messages
9cd63af1ae81,0,Arrived
512018e4b670,0,Arrived
512018e4b670,1,Sent a message
512018e4b670,2,Sent 2 or more messages
1de87f03b7cb,0,Arrived
1de87f03b7cb,1,Sent a message
1de87f03b7cb,2,Sent 2 or more messages
5af71ce15ba4,0,Arrived
5af71ce15ba4,1,Sent a message
5af71ce15ba4,2,Sent 2 or more messages
5af71ce15ba4,3,Sent 7 or more messages
f6195c2e45a8,0,Arrived
f6195c2e45a8,1,Sent a message
f6195c2e45a8,2,Sent 2 or more messages
b6447f6aca25,0,Arrived
b6447f6aca25,1,Sent a message
0e4de81613cf,0,Arrived
0e4de81613cf,1,Sent a message
7646c844148c,0,Arrived
7646c844148c,1,Sent a message
7646c844148c,2,Sent 2 or more messages
d4b0a5904697,0,Arrived
d4b0a5904697,1,Sent a message
d4b0a5904697,2,Sent 2 or more messages
5969c82a3eb7,0,Arrived
5969c82a3eb7,1,Sent a message
5969c82a3eb7,2,Sent 2 or more messages
898bdb72ffa7,0,Arrived
898bdb72ffa7,1,Sent a message
898bdb72ffa7,2,Sent 2 or more messages
a2818f285f14,0,Arrived
a2818f285f14,1,Sent a message
9293ff00b6ee,0,Arrived
9293ff00b6ee,1,Sent a message
9293ff00b6ee,2,Sent 2 or more messages
5a37c2627cfe,0,Arrived
5a37c2627cfe,1,Sent a message
5a37c2627cfe,2,Sent 2 or more messages
9c7a3cc59688,0,Arrived
9c7a3cc59688,1,Sent a message
9c7a3cc59688,2,Sent 2 or more messages
6e8817a099fc,0,Arrived
6e8817a099fc,1,Sent a message
6e8817a099fc,2,Sent 2 or more messages
6b9263923d4f,0,Arrived
6b9263923d4f,1,Sent a message
6b9263923d4f,2,Sent 2 or more messages
06433e895ee5,0,Arrived
06433e895ee5,1,Sent a message
06433e895ee5,2,Sent 2 or more messages
06433e895ee5,3,Sent 7 or more messages
bebf0fad32f7,0,Arrived
bebf0fad32f7,1,Sent a message
bebf0fad32f7,2,Sent 2 or more messages
533f8aeb1f13,0,Arrived
533f8aeb1f13,1,Sent a message
533f8aeb1f13,2,Sent 2 or more messages
533f8aeb1f13,3,Sent 7 or more messages
e9c7c306fde3,0,Arrived
e9c7c306fde3,1,Sent a message
db2f6c12f2ac,0,Arrived
db2f6c12f2ac,1,Sent a message
db2f6c12f2ac,2,Sent 2 or more messages
3b8d0cd08fe2,0,Arrived
3b8d0cd08fe2,1,Sent a message
3b8d0cd08fe2,2,Sent 2 or more messages
0d79522d75ab,0,Arrived
0d79522d75ab,1,Sent a message
0d79522d75ab,2,Sent 2 or more messages
0d79522d75ab,3,Sent 7 or more messages
afd7d41bb0db,0,Arrived
afd7d41bb0db,1,Sent a message
2bda216ee06e,0,Arrived
2bda216ee06e,1,Sent a message
2bda216ee06e,2,Sent 2 or more messages
b0e5890f08d5,0,Arrived
b0e5890f08d5,1,Sent a message
b0e5890f08d5,2,Sent 2 or more messages
93ec90685c9f,0,Arrived
93ec90685c9f,1,Sent a message
93ec90685c9f,2,Sent 2 or more messages
93ec90685c9f,3,Sent 7 or more messages
f9cf071cedbb,0,Arrived
f9cf071cedbb,1,Sent a message
f9cf071cedbb,2,Sent 2 or more messages
b2b053c989b4,0,Arrived
b2b053c989b4,1,Sent a message
b2b053c989b4,2,Sent 2 or more messages
69fe1235d290,0,Arrived
69fe1235d290,1,Sent a message
69fe1235d290,2,Sent 2 or more messages
42070e3f07d1,0,Arrived
42070e3f07d1,1,Sent a message
42070e3f07d1,2,Sent 2 or more messages
2b3c5d49d7e6,0,Arrived
6881c4372f8a,0,Arrived
6881c4372f8a,1,Sent a message
6881c4372f8a,2,Sent 2 or more messages
4865387f4d2b,0,Arrived
4865387f4d2b,1,Sent a message
315b46fd8fac,0,Arrived
315b46fd8fac,1,Sent a message
a5c1cc164391,0,Arrived
a5c1cc164391,1,Sent a message
71937764deb6,0,Arrived
71937764deb6,1,Sent a message
f21321abd593,0,Arrived
f21321abd593,1,Sent a message
f21321abd593,2,Sent 2 or more messages
75c9dbc84410,0,Arrived
75c9dbc84410,1,Sent a message
75c9dbc84410,2,Sent 2 or more messages
5eb579d50f61,0,Arrived
5eb579d50f61,1,Sent a message
e1ada0b3526e,0,Arrived
e1ada0b3526e,1,Sent a message
e1ada0b3526e,2,Sent 2 or more messages
b7d2163f0f3d,0,Arrived
b7d2163f0f3d,1,Sent a message
b7d2163f0f3d,2,Sent 2 or more messages
b7d2163f0f3d,3,Sent 7 or more messages
5fe4874309e2,0,Arrived
5fe4874309e2,1,Sent a message
5fe4874309e2,2,Sent 2 or more messages
bef69be61162,0,Arrived
bef69be61162,1,Sent a message
bef69be61162,2,Sent 2 or more messages
4bb8ce99c5fd,0,Arrived
ecbabc3cee0c,0,Arrived
ecbabc3cee0c,1,Sent a message
dd16a0f184e1,0,Arrived
dd16a0f184e1,1,Sent a message
dd16a0f184e1,2,Sent 2 or more messages
dd16a0f184e1,3,Sent 7 or more messages
a59fcec78cc4,0,Arrived
a59fcec78cc4,1,Sent a message
a59fcec78cc4,2,Sent 2 or more messages
80448aa9421f,0,Arrived
80448aa9421f,1,Sent a message
80448aa9421f,2,Sent 2 or more messages
459d7e890352,0,Arrived
459d7e890352,1,Sent a message
459d7e890352,2,Sent 2 or more messages
da7d3bcb70fb,0,Arrived
2c894b94435f,0,Arrived
2c894b94435f,1,Sent a message
2c894b94435f,2,Sent 2 or more messages
6c3f6488d293,0,Arrived
6c3f6488d293,1,Sent a message
6c3f6488d293,2,Sent 2 or more messages
f6f7def545ce,0,Arrived
e908b895cfdc,0,Arrived
e908b895cfdc,1,Sent a message
e908b895cfdc,2,Sent 2 or more messages
f5863c04b88e,0,Arrived
f5863c04b88e,1,Sent a message
f5863c04b88e,2,Sent 2 or more messages
f5a245a65843,0,Arrived
f5a245a65843,1,Sent a message
f5a245a65843,2,Sent 2 or more messages
9282aea69349,0,Arrived
fe9ae764a26c,0,Arrived
fe9ae764a26c,1,Sent a message
2b4cbbc49e4e,0,Arrived
2b4cbbc49e4e,1,Sent a message
2b4cbbc49e4e,2,Sent 2 or more messages
4e549487225a,0,Arrived
4e549487225a,1,Sent a message
4e549487225a,2,Sent 2 or more messages
4e549487225a,3,Sent 7 or more messages
10403265a7b9,0,Arrived
10403265a7b9,1,Sent a message
eecee4198c0f,0,Arrived
eecee4198c0f,1,Sent a message
eecee4198c0f,2,Sent 2 or more messages
dbe2e350f093,0,Arrived
bef4069fd2da,0,Arrived
bef4069fd2da,1,Sent a message
bef4069fd2da,2,Sent 2 or more messages
40796bc37a12,0,Arrived
40796bc37a12,1,Sent a message
96bf8e4f69fa,0,Arrived
96bf8e4f69fa,1,Sent a message
f17def181492,0,Arrived
f17def181492,1,Sent a message
f17def181492,2,Sent 2 or more messages
90eb8eb3336a,0,Arrived
90eb8eb3336a,1,Sent a message
90eb8eb3336a,2,Sent 2 or more messages
7217147bd0ff,0,Arrived
7217147bd0ff,1,Sent a message
2b53dd383709,0,Arrived
2b53dd383709,1,Sent a message
f8fb272d309f,0,Arrived
5f587b32486e,0,Arrived
5f587b32486e,1,Sent a message
5f587b32486e,2,Sent 2 or more messages
a9082d58a6cb,0,Arrived
a9082d58a6cb,1,Sent a message
1d9d9f68d199,0,Arrived
1d9d9f68d199,1,Sent a message
1d9d9f68d199,2,Sent 2 or more messages
3ef43e2b6b24,0,Arrived
3ef43e2b6b24,1,Sent a message
3ef43e2b6b24,2,Sent 2 or more messages
ad94b6ca4670,0,Arrived
ad94b6ca4670,1,Sent a message
ad94b6ca4670,2,Sent 2 or more messages
0cd045787ad8,0,Arrived
0cd045787ad8,1,Sent a message
0cd045787ad8,2,Sent 2 or more messages
fbacd5d9fac6,0,Arrived
fbacd5d9fac6,1,Sent a message
cf7ef4f07578,0,Arrived
cf7ef4f07578,1,Sent a message
cf7ef4f07578,2,Sent 2 or more messages
817b33c4e195,0,Arrived
817b33c4e195,1,Sent a message
566065ba27e3,0,Arrived
566065ba27e3,1,Sent a message
e6181d811dab,0,Arrived
e6181d811dab,1,Sent a message
e6181d811dab,2,Sent 2 or more messages
453801c9089a,0,Arrived
453801c9089a,1,Sent a message
453801c9089a,2,Sent 2 or more messages
453801c9089a,3,Sent 7 or more messages
c32ff785b9e9,0,Arrived
c32ff785b9e9,1,Sent a message
02a47b073bb0,0,Arrived
ea19a9b97add,0,Arrived
ea19a9b97add,1,Sent a message
ea19a9b97add,2,Sent 2 or more messages
ea19a9b97add,3,Sent 7 or more messages
b1c6ff87f7cd,0,Arrived
b1c6ff87f7cd,1,Sent a message
b1c6ff87f7cd,2,Sent 2 or more messages
0bd2b552813a,0,Arrived
0bd2b552813a,1,Sent a message
0bd2b552813a,2,Sent 2 or more messages
9d7b24a63bc5,0,Arrived
9d7b24a63bc5,1,Sent a message
9d7b24a63bc5,2,Sent 2 or more messages
51e28189c9d0,0,Arrived
51e28189c9d0,1,Sent a message
51e28189c9d0,2,Sent 2 or more messages
e54fd550f83a,0,Arrived
e54fd550f83a,1,Sent a message
e54fd550f83a,2,Sent 2 or more messages
e86a9cdef117,0,Arrived
e86a9cdef117,1,Sent a message
e86a9cdef117,2,Sent 2 or more messages
f9e1e99d614e,0,Arrived
f9e1e99d614e,1,Sent a message
1b62f7b2e3ab,0,Arrived
1b62f7b2e3ab,1,Sent a message
1b62f7b2e3ab,2,Sent 2 or more messages
4ebb7f683407,0,Arrived
4ebb7f683407,1,Sent a message
edec792c9b50,0,Arrived
edec792c9b50,1,Sent a message
6cbe5937faf9,0,Arrived
6cbe5937faf9,1,Sent a message
6cbe5937faf9,2,Sent 2 or more messages
6cbe5937faf9,3,Sent 7 or more messages
7cbabccbbd74,0,Arrived
7cbabccbbd74,1,Sent a message
6439f990b011,0,Arrived
6439f990b011,1,Sent a message
6439f990b011,2,Sent 2 or more messages
9a9909a709cd,0,Arrived
9a9909a709cd,1,Sent a message
9a9909a709cd,2,Sent 2 or more messages
24abe8cb3a7d,0,Arrived
24abe8cb3a7d,1,Sent a message
24abe8cb3a7d,2,Sent 2 or more messages
a91744e541a0,0,Arrived
0a9de4272ae0,0,Arrived
0a9de4272ae0,1,Sent a message
0a9de4272ae0,2,Sent 2 or more messages
0a9de4272ae0,3,Sent 7 or more messages
37dbdecc155d,0,Arrived
f696796581e3,0,Arrived
f696796581e3,1,Sent a message
13d370beb64b,0,Arrived
194c0b66d618,0,Arrived
194c0b66d618,1,Sent a message
c9ea75e2113a,0,Arrived
c9ea75e2113a,1,Sent a message
c9ea75e2113a,2,Sent 2 or more messages
24210d0ef3a3,0,Arrived
24210d0ef3a3,1,Sent a message
24210d0ef3a3,2,Sent 2 or more messages
185a9a73040a,0,Arrived
185a9a73040a,1,Sent a message
185a9a73040a,2,Sent 2 or more messages
40f4d7ee7e94,0,Arrived
40f4d7ee7e94,1,Sent a message
40f4d7ee7e94,2,Sent 2 or more messages
dfed16440fa7,0,Arrived
dfed16440fa7,1,Sent a message
dfed16440fa7,2,Sent 2 or more messages
dfed16440fa7,3,Sent 7 or more messages
ec5575cda85d,0,Arrived
ec5575cda85d,1,Sent a message
ec5575cda85d,2,Sent 2 or more messages
37f1ae5951bc,0,Arrived
37f1ae5951bc,1,Sent a message
37f1ae5951bc,2,Sent 2 or more messages
37f1ae5951bc,3,Sent 7 or more messages
68fd964afd09,0,Arrived
68fd964afd09,1,Sent a message
68fd964afd09,2,Sent 2 or more messages
00e5e5188fa3,0,Arrived
00e5e5188fa3,1,Sent a message
00e5e5188fa3,2,Sent 2 or more messages
2757dc3ce28d,0,Arrived
2757dc3ce28d,1,Sent a message
2757dc3ce28d,2,Sent 2 or more messages
0d4c00f44bf5,0,Arrived
0d4c00f44bf5,1,Sent a message
0d4c00f44bf5,2,Sent 2 or more messages
d160747fc117,0,Arrived
d160747fc117,1,Sent a message
d160747fc117,2,Sent 2 or more messages
d160747fc117,3,Sent 7 or more messages
dc32814ac7fb,0,Arrived
dc32814ac7fb,1,Sent a message
47898d03e9ec,0,Arrived
47898d03e9ec,1,Sent a message
47898d03e9ec,2,Sent 2 or more messages
41bd701f2990,0,Arrived
0337f971aa05,0,Arrived
0337f971aa05,1,Sent a message
0337f971aa05,2,Sent 2 or more messages
8d209885c75b,0,Arrived
8d209885c75b,1,Sent a message
8d209885c75b,2,Sent 2 or more messages
8d209885c75b,3,Sent 7 or more messages
7809d4fe159d,0,Arrived
7809d4fe159d,1,Sent a message
7809d4fe159d,2,Sent 2 or more messages
cc831ab48d9d,0,Arrived
cc831ab48d9d,1,Sent a message
cc831ab48d9d,2,Sent 2 or more messages
cc831ab48d9d,3,Sent 7 or more messages
006dab9688be,0,Arrived
006dab9688be,1,Sent a message
006dab9688be,2,Sent 2 or more messages
326a35419541,0,Arrived
326a35419541,1,Sent a message
326a35419541,2,Sent 2 or more messages
d78b203a7cef,0,Arrived
d78b203a7cef,1,Sent a message
d78b203a7cef,2,Sent 2 or more messages
9deb9afea846,0,Arrived
4d24b1824f22,0,Arrived
4d24b1824f22,1,Sent a message
4d24b1824f22,2,Sent 2 or more messages
605cd2a13361,0,Arrived
605cd2a13361,1,Sent a message
b2e0b64be27c,0,Arrived
b2e0b64be27c,1,Sent a message
3e95e47dd7ec,0,Arrived
3e95e47dd7ec,1,Sent a message
3e95e47dd7ec,2,Sent 2 or more messages
40ac2feac7f3,0,Arrived
40ac2feac7f3,1,Sent a message
40ac2feac7f3,2,Sent 2 or more messages
a426c732d67b,0,Arrived
a426c732d67b,1,Sent a message
a426c732d67b,2,Sent 2 or more messages
2bcaf3d1f7f2,0,Arrived
2bcaf3d1f7f2,1,Sent a message
e06423c70b3e,0,Arrived
e06423c70b3e,1,Sent a message
e06423c70b3e,2,Sent 2 or more messages
e06423c70b3e,3,Sent 7 or more messages
f64d330feb5a,0,Arrived
f64d330feb5a,1,Sent a message
f64d330feb5a,2,Sent 2 or more messages
6a96577d2770,0,Arrived
6a96577d2770,1,Sent a message
6a96577d2770,2,Sent 2 or more messages
6a96577d2770,3,Sent 7 or more messages
70f88c68bbf5,0,Arrived
70f88c68bbf5,1,Sent a message
70f88c68bbf5,2,Sent 2 or more messages
def53b6a796b,0,Arrived
def53b6a796b,1,Sent a message
def53b6a796b,2,Sent 2 or more messages
fe3fb489daaa,0,Arrived
fe3fb489daaa,1,Sent a message
fe3fb489daaa,2,Sent 2 or more messages
809306d0866c,0,Arrived
809306d0866c,1,Sent a message
049ef16eb70d,0,Arrived
049ef16eb70d,1,Sent a message
049ef16eb70d,2,Sent 2 or more messages
bf11ef5edebb,0,Arrived
bf11ef5edebb,1,Sent a message
bf11ef5edebb,2,Sent 2 or more messages
a2e8cb3c1302,0,Arrived
e0759bd92787,0,Arrived
e0759bd92787,1,Sent a message
e0759bd92787,2,Sent 2 or more messages
a14634aae815,0,Arrived
a14634aae815,1,Sent a message
a14634aae815,2,Sent 2 or more messages
0d3864ce7985,0,Arrived
0d3864ce7985,1,Sent a message
0d3864ce7985,2,Sent 2 or more messages
d345c9071887,0,Arrived
d345c9071887,1,Sent a message
d345c9071887,2,Sent 2 or more messages
fcf527dbf6de,0,Arrived
fcf527dbf6de,1,Sent a message
fcf527dbf6de,2,Sent 2 or more messages
8b7b2f1ccb13,0,Arrived
fb7dfffdbe45,0,Arrived
fb7dfffdbe45,1,Sent a message
fb7dfffdbe45,2,Sent 2 or more messages
2920d7482649,0,Arrived
2920d7482649,1,Sent a message
2920d7482649,2,Sent 2 or more messages
cd29ce6cd432,0,Arrived
cd29ce6cd432,1,Sent a message
cd29ce6cd432,2,Sent 2 or more messages
1869a21f0508,0,Arrived
1869a21f0508,1,Sent a message
1869a21f0508,2,Sent 2 or more messages
ef9f4e4bdb30,0,Arrived
ef9f4e4bdb30,1,Sent a message
ef9f4e4bdb30,2,Sent 2 or more messages
19d8b6f6f965,0,Arrived
19d8b6f6f965,1,Sent a message
19d8b6f6f965,2,Sent 2 or more messages
d70599256661,0,Arrived
d70599256661,1,Sent a message
d70599256661,2,Sent 2 or more messages
d70599256661,3,Sent 7 or more messages
99d748af0cc0,0,Arrived
99d748af0cc0,1,Sent a message
012862ab9070,0,Arrived
58aa5ef80922,0,Arrived
58aa5ef80922,1,Sent a message
58aa5ef80922,2,Sent 2 or more messages
aae2ac12b8a1,0,Arrived
aae2ac12b8a1,1,Sent a message
ef060dfe6b88,0,Arrived
ef060dfe6b88,1,Sent a message
5b35eba5a9c4,0,Arrived
5b35eba5a9c4,1,Sent a message
5b35eba5a9c4,2,Sent 2 or more messages
5b35eba5a9c4,3,Sent 7 or more messages
e82096d4e3bc,0,Arrived
e82096d4e3bc,1,Sent a message
e82096d4e3bc,2,Sent 2 or more messages
63ba58c33223,0,Arrived
63ba58c33223,1,Sent a message
63ba58c33223,2,Sent 2 or more messages
79c401a5c308,0,Arrived
1ad08d444027,0,Arrived
1ad08d444027,1,Sent a message
a6249c3b6b96,0,Arrived
a6249c3b6b96,1,Sent a message
a6249c3b6b96,2,Sent 2 or more messages
de6086eb2be3,0,Arrived
de6086eb2be3,1,Sent a message
de6086eb2be3,2,Sent 2 or more messages
e63ad6b19e6a,0,Arrived
e63ad6b19e6a,1,Sent a message
e63ad6b19e6a,2,Sent 2 or more messages
bd3834c92d2b,0,Arrived
bd3834c92d2b,1,Sent a message
bd3834c92d2b,2,Sent 2 or more messages
5e8b19f7609f,0,Arrived
5e8b19f7609f,1,Sent a message
5e8b19f7609f,2,Sent 2 or more messages
0f4d0aadbeb7,0,Arrived
0f4d0aadbeb7,1,Sent a message
0f4d0aadbeb7,2,Sent 2 or more messages
eb396272d9a4,0,Arrived
eb396272d9a4,1,Sent a message
eb396272d9a4,2,Sent 2 or more messages
5f11954d95d6,0,Arrived
5f11954d95d6,1,Sent a message
5f11954d95d6,2,Sent 2 or more messages
ef3574401e61,0,Arrived
ef3574401e61,1,Sent a message
ef3574401e61,2,Sent 2 or more messages
c6eedaa8be95,0,Arrived
c6eedaa8be95,1,Sent a message
c6eedaa8be95,2,Sent 2 or more messages
c336a1971655,0,Arrived
c336a1971655,1,Sent a message
c336a1971655,2,Sent 2 or more messages
c336a1971655,3,Sent 7 or more messages
bdc0d2b7501c,0,Arrived
bdc0d2b7501c,1,Sent a message
bdc0d2b7501c,2,Sent 2 or more messages
7b1eecba6057,0,Arrived
f09b18a53d8c,0,Arrived
f09b18a53d8c,1,Sent a message
f09b18a53d8c,2,Sent 2 or more messages
f09b18a53d8c,3,Sent 7 or more messages
d40c929ddf9e,0,Arrived
d40c929ddf9e,1,Sent a message
d40c929ddf9e,2,Sent 2 or more messages
91aba0850082,0,Arrived
91aba0850082,1,Sent a message
91aba0850082,2,Sent 2 or more messages
e3ae191d4fd0,0,Arrived
e3ae191d4fd0,1,Sent a message
e3ae191d4fd0,2,Sent 2 or more messages
d17355b0878f,0,Arrived
d17355b0878f,1,Sent a message
d17355b0878f,2,Sent 2 or more messages
866fdeb1a0de,0,Arrived
866fdeb1a0de,1,Sent a message
866fdeb1a0de,2,Sent 2 or more messages
9d5222baadcf,0,Arrived
9d5222baadcf,1,Sent a message
9d5222baadcf,2,Sent 2 or more messages
b6aec3dd7f39,0,Arrived
b6aec3dd7f39,1,Sent a message
b6aec3dd7f39,2,Sent 2 or more messages
2dc38572ac12,0,Arrived
2dc38572ac12,1,Sent a message
2dc38572ac12,2,Sent 2 or more messages
f9a08781f2e1,0,Arrived
f9a08781f2e1,1,Sent a message
f9a08781f2e1,2,Sent 2 or more messages
92d7b0a9f8fc,0,Arrived
92d7b0a9f8fc,1,Sent a message
92d7b0a9f8fc,2,Sent 2 or more messages
cc43888d2b0f,0,Arrived
cc43888d2b0f,1,Sent a message
cc43888d2b0f,2,Sent 2 or more messages
cc43888d2b0f,3,Sent 7 or more messages
25d1576e420f,0,Arrived
25d1576e420f,1,Sent a message
25d1576e420f,2,Sent 2 or more messages
eb1740169607,0,Arrived
f03a13d8517f,0,Arrived
f03a13d8517f,1,Sent a message
df07b2341410,0,Arrived
df07b2341410,1,Sent a message
df07b2341410,2,Sent 2 or more messages
40d6861d8bae,0,Arrived
40d6861d8bae,1,Sent a message
40d6861d8bae,2,Sent 2 or more messages
b5f02b72f3e0,0,Arrived
b5f02b72f3e0,1,Sent a message
b5f02b72f3e0,2,Sent 2 or more messages
4973666d1861,0,Arrived
4973666d1861,1,Sent a message
d6f1371a11b5,0,Arrived
d6f1371a11b5,1,Sent a message
d6f1371a11b5,2,Sent 2 or more messages
7941b981e189,0,Arrived
7941b981e189,1,Sent a message
b3c0e6b6e9a1,0,Arrived
b3c0e6b6e9a1,1,Sent a message
b3c0e6b6e9a1,2,Sent 2 or more messages
0eceb4e2c434,0,Arrived
0eceb4e2c434,1,Sent a message
0eceb4e2c434,2,Sent 2 or more messages
e2c9eb5825cb,0,Arrived
e2c9eb5825cb,1,Sent a message
e2c9eb5825cb,2,Sent 2 or more messages
e2c9eb5825cb,3,Sent 7 or more messages
f1aa82c69e44,0,Arrived
f69be2a55113,0,Arrived
f69be2a55113,1,Sent a message
f69be2a55113,2,Sent 2 or more messages
f9303dd76a7c,0,Arrived
139c5bffa62f,0,Arrived
139c5bffa62f,1,Sent a message
cfe952f9994f,0,Arrived
cfe952f9994f,1,Sent a message
cfe952f9994f,2,Sent 2 or more messages
3b7c53152a59,0,Arrived
3b7c53152a59,1,Sent a message
3b7c53152a59,2,Sent 2 or more messages
626dfbcaff20,0,Arrived
626dfbcaff20,1,Sent a message
626dfbcaff20,2,Sent 2 or more messages
626dfbcaff20,3,Sent 7 or more messages
13c78ef9081e,0,Arrived
13c78ef9081e,1,Sent a message
13c78ef9081e,2,Sent 2 or more messages
04561f6119e9,0,Arrived
04561f6119e9,1,Sent a message
04561f6119e9,2,Sent 2 or more messages
b94a953eb128,0,Arrived
b94a953eb128,1,Sent a message
b94a953eb128,2,Sent 2 or more messages
2ba620c8e1c2,0,Arrived
2ba620c8e1c2,1,Sent a message
bb994c5bd396,0,Arrived
bb994c5bd396,1,Sent a message
bb994c5bd396,2,Sent 2 or more messages
bb994c5bd396,3,Sent 7 or more messages
649a37936305,0,Arrived
b810be78aa76,0,Arrived
b810be78aa76,1,Sent a message
b810be78aa76,2,Sent 2 or more messages
a6a51804742e,0,Arrived
a6a51804742e,1,Sent a message
a6a51804742e,2,Sent 2 or more messages
a6a51804742e,3,Sent 7 or more messages
ef6587cba0cf,0,Arrived
ef6587cba0cf,1,Sent a message
ef6587cba0cf,2,Sent 2 or more messages
555b65ff0b32,0,Arrived
555b65ff0b32,1,Sent a message
b8f4fe31551a,0,Arrived
b8f4fe31551a,1,Sent a message
b8f4fe31551a,2,Sent 2 or more messages
faf4cb082ebb,0,Arrived
bf5b084d5edd,0,Arrived
7037462b3440,0,Arrived
7037462b3440,1,Sent a message
7037462b3440,2,Sent 2 or more messages
7037462b3440,3,Sent 7 or more messages
0e7d5903f563,0,Arrived
1cb79f121916,0,Arrived
1cb79f121916,1,Sent a message
1cb79f121916,2,Sent 2 or more messages
dc24421b28d3,0,Arrived
dc24421b28d3,1,Sent a message
dc24421b28d3,2,Sent 2 or more messages
4d5aec64e21d,0,Arrived
4d5aec64e21d,1,Sent a message
4d5aec64e21d,2,Sent 2 or more messages
a47a460d4806,0,Arrived
a47a460d4806,1,Sent a message
a47a460d4806,2,Sent 2 or more messages
6d2bcdd6f526,0,Arrived
6d2bcdd6f526,1,Sent a message
6d2bcdd6f526,2,Sent 2 or more messages
afe7c6a18d07,0,Arrived
afe7c6a18d07,1,Sent a message
afe7c6a18d07,2,Sent 2 or more messages
790be084108d,0,Arrived
02e50709eb06,0,Arrived
b664096fd396,0,Arrived
7cbc83c55799,0,Arrived
a141cef8bfb9,0,Arrived
26abf7ed58c5,0,Arrived
26abf7ed58c5,1,Sent a message
26abf7ed58c5,2,Sent 2 or more messages
7a65d39df1c5,0,Arrived
b2635e9a6a7f,0,Arrived
b2635e9a6a7f,1,Sent a message
b2635e9a6a7f,2,Sent 2 or more messages
666e7971b1a5,0,Arrived
666e7971b1a5,1,Sent a message
e322ca23cf78,0,Arrived
e322ca23cf78,1,Sent a message
695a2528e0f0,0,Arrived
695a2528e0f0,1,Sent a message
94b7a86b0c3f,0,Arrived
94b7a86b0c3f,1,Sent a message
94b7a86b0c3f,2,Sent 2 or more messages
94b7a86b0c3f,3,Sent 7 or more messages
89738eae7ba7,0,Arrived
89738eae7ba7,1,Sent a message
89738eae7ba7,2,Sent 2 or more messages
535a43ed5f6c,0,Arrived
535a43ed5f6c,1,Sent a message
535a43ed5f6c,2,Sent 2 or more messages
26749af13e1e,0,Arrived
26749af13e1e,1,Sent a message
26749af13e1e,2,Sent 2 or more messages
dba0aa969b39,0,Arrived
2554be1b599e,0,Arrived
2554be1b599e,1,Sent a message
2554be1b599e,2,Sent 2 or more messages
efbbf80fd44b,0,Arrived
efbbf80fd44b,1,Sent a message
7f5a40c9c463,0,Arrived
7f5a40c9c463,1,Sent a message
7f5a40c9c463,2,Sent 2 or more messages
ca80d27637a1,0,Arrived
ca80d27637a1,1,Sent a message
ca80d27637a1,2,Sent 2 or more messages
7561a5acc372,0,Arrived
7561a5acc372,1,Sent a message
7561a5acc372,2,Sent 2 or more messages
67e2bbaedc66,0,Arrived
67e2bbaedc66,1,Sent a message
1d6d8f86b6ae,0,Arrived
1d6d8f86b6ae,1,Sent a message
c87ec7e92f39,0,Arrived
c87ec7e92f39,1,Sent a message
c87ec7e92f39,2,Sent 2 or more messages
c87ec7e92f39,3,Sent 7 or more messages
324389fa1463,0,Arrived
324389fa1463,1,Sent a message
324389fa1463,2,Sent 2 or more messages
55a546c0886d,0,Arrived
55a546c0886d,1,Sent a message
55a546c0886d,2,Sent 2 or more messages
cc1f59f41f51,0,Arrived
cc1f59f41f51,1,Sent a message
cc1f59f41f51,2,Sent 2 or more messages
91eb0e40a414,0,Arrived
91eb0e40a414,1,Sent a message
91eb0e40a414,2,Sent 2 or more messages
1550486ac76e,0,Arrived
a8bb402a432a,0,Arrived
a8bb402a432a,1,Sent a message
a8bb402a432a,2,Sent 2 or more messages
a8bb402a432a,3,Sent 7 or more messages
a88b0cc13301,0,Arrived
a88b0cc13301,1,Sent a message
a88b0cc13301,2,Sent 2 or more messages
e5cd8f93170c,0,Arrived
e5cd8f93170c,1,Sent a message
e5cd8f93170c,2,Sent 2 or more messages
1245b4e27da3,0,Arrived
1245b4e27da3,1,Sent a message
1245b4e27da3,2,Sent 2 or more messages
519c42d73b02,0,Arrived
519c42d73b02,1,Sent a message
d502ce7c5ddb,0,Arrived
d502ce7c5ddb,1,Sent a message
d502ce7c5ddb,2,Sent 2 or more messages
133cfb98c56c,0,Arrived
133cfb98c56c,1,Sent a message
133cfb98c56c,2,Sent 2 or more messages
2f99c95f0057,0,Arrived
2f99c95f0057,1,Sent a message
2f99c95f0057,2,Sent 2 or more messages
2f99c95f0057,3,Sent 7 or more messages
12a4d7d0b517,0,Arrived
12a4d7d0b517,1,Sent a message
12a4d7d0b517,2,Sent 2 or more messages
12a4d7d0b517,3,Sent 7 or more messages
f515ff1cdba3,0,Arrived
f515ff1cdba3,1,Sent a message
f515ff1cdba3,2,Sent 2 or more messages
667ce8497a5f,0,Arrived
667ce8497a5f,1,Sent a message
667ce8497a5f,2,Sent 2 or more messages
80099afc12f8,0,Arrived
80099afc12f8,1,Sent a message
80099afc12f8,2,Sent 2 or more messages
9345677b0964,0,Arrived
9345677b0964,1,Sent a message
9345677b0964,2,Sent 2 or more messages
fa61f37c486f,0,Arrived
fa61f37c486f,1,Sent a message
fa61f37c486f,2,Sent 2 or more messages
7f7d72c5ec10,0,Arrived
7f7d72c5ec10,1,Sent a message
7f7d72c5ec10,2,Sent 2 or more messages
d3318d268aa5,0,Arrived
c5e71c53cc98,0,Arrived
0c775d73f6b8,0,Arrived
0c775d73f6b8,1,Sent a message
0c775d73f6b8,2,Sent 2 or more messages
38be3f3419e5,0,Arrived
38be3f3419e5,1,Sent a message
38be3f3419e5,2,Sent 2 or more messages
fd1c4099fa6b,0,Arrived
fd1c4099fa6b,1,Sent a message
fd1c4099fa6b,2,Sent 2 or more messages
14930e78ce9a,0,Arrived
14930e78ce9a,1,Sent a message
14930e78ce9a,2,Sent 2 or more messages
cb4ac043c9a2,0,Arrived
cb4ac043c9a2,1,Sent a message
56a94c18bdd6,0,Arrived
56a94c18bdd6,1,Sent a message
56a94c18bdd6,2,Sent 2 or more messages
65d262ea31f5,0,Arrived
65d262ea31f5,1,Sent a message
5cef985e56f4,0,Arrived
5cef985e56f4,1,Sent a message
5cef985e56f4,2,Sent 2 or more messages
5cef985e56f4,3,Sent 7 or more messages
a3230ca2cb01,0,Arrived
a3230ca2cb01,1,Sent a message
a3230ca2cb01,2,Sent 2 or more messages
7ce830d64919,0,Arrived
7ce830d64919,1,Sent a message
c873b5d50419,0,Arrived
c873b5d50419,1,Sent a message
c873b5d50419,2,Sent 2 or more messages
21fc9e9b5d1c,0,Arrived
21fc9e9b5d1c,1,Sent a message
21fc9e9b5d1c,2,Sent 2 or more messages
fa38dc8de452,0,Arrived
b307cd1e0085,0,Arrived
b307cd1e0085,1,Sent a message
868583471b48,0,Arrived
868583471b48,1,Sent a message
868583471b48,2,Sent 2 or more messages
b2a81bc4bdcf,0,Arrived
b2a81bc4bdcf,1,Sent a message
b2a81bc4bdcf,2,Sent 2 or more messages
3db4f09bf26e,0,Arrived
3db4f09bf26e,1,Sent a message
3db4f09bf26e,2,Sent 2 or more messages
1d77aaf2280a,0,Arrived
1d77aaf2280a,1,Sent a message
1d77aaf2280a,2,Sent 2 or more messages
c9ebcba1ba34,0,Arrived
c9ebcba1ba34,1,Sent a message
91f1d0aea4de,0,Arrived
91f1d0aea4de,1,Sent a message
91f1d0aea4de,2,Sent 2 or more messages
a6569a9c9d2e,0,Arrived
a6569a9c9d2e,1,Sent a message
a6569a9c9d2e,2,Sent 2 or more messages
af3bc59a1828,0,Arrived
af3bc59a1828,1,Sent a message
af3bc59a1828,2,Sent 2 or more messages
c91439ec4b27,0,Arrived
d8b710015e75,0,Arrived
d8b710015e75,1,Sent a message
ce9e71da80de,0,Arrived
ce9e71da80de,1,Sent a message
ce9e71da80de,2,Sent 2 or more messages
ff9e11e9bb69,0,Arrived
ff9e11e9bb69,1,Sent a message
ff9e11e9bb69,2,Sent 2 or more messages
2fdebb60b258,0,Arrived
2fdebb60b258,1,Sent a message
2fdebb60b258,2,Sent 2 or more messages
2fdebb60b258,3,Sent 7 or more messages
e9a672df4997,0,Arrived
e9a672df4997,1,Sent a message
e9a672df4997,2,Sent 2 or more messages
a4a8889cb093,0,Arrived
a4a8889cb093,1,Sent a message
ff4170cf835e,0,Arrived
ff4170cf835e,1,Sent a message
ff4170cf835e,2,Sent 2 or more messages
c5ab76d9c28f,0,Arrived
c5ab76d9c28f,1,Sent a message
c5ab76d9c28f,2,Sent 2 or more messages
48499511f77b,0,Arrived
48499511f77b,1,Sent a message
48499511f77b,2,Sent 2 or more messages
c0c65ce10f8a,0,Arrived
c0c65ce10f8a,1,Sent a message
2483f48531ff,0,Arrived
2483f48531ff,1,Sent a message
cb06ed18a45f,0,Arrived
431801bc2248,0,Arrived
431801bc2248,1,Sent a message
3d7cb134f996,0,Arrived
3d7cb134f996,1,Sent a message
bdc7e2e1dce1,0,Arrived
bdc7e2e1dce1,1,Sent a message
bdc7e2e1dce1,2,Sent 2 or more messages
f3a1ba2f693b,0,Arrived
f3a1ba2f693b,1,Sent a message
f77d7d730827,0,Arrived
f77d7d730827,1,Sent a message
f77d7d730827,2,Sent 2 or more messages
a1d0263d7fc6,0,Arrived
2d0b3adde136,0,Arrived
2d0b3adde136,1,Sent a message
8e550e7fc89a,0,Arrived
8e550e7fc89a,1,Sent a message
8e550e7fc89a,2,Sent 2 or more messages
8b5e8d22c93a,0,Arrived
8b5e8d22c93a,1,Sent a message
8b5e8d22c93a,2,Sent 2 or more messages
ac776a91e1b9,0,Arrived
ac776a91e1b9,1,Sent a message
ac776a91e1b9,2,Sent 2 or more messages
d1c4e8d8c4d7,0,Arrived
d1c4e8d8c4d7,1,Sent a message
d1c4e8d8c4d7,2,Sent 2 or more messages
171ae6ceacf2,0,Arrived
171ae6ceacf2,1,Sent a message
171ae6ceacf2,2,Sent 2 or more messages
83bce99b745a,0,Arrived
dcc5db21a0ed,0,Arrived
dcc5db21a0ed,1,Sent a message
329758511943,0,Arrived
329758511943,1,Sent a message
329758511943,2,Sent 2 or more messages
329758511943,3,Sent 7 or more messages
aa4c1039726b,0,Arrived
aa4c1039726b,1,Sent a message
aa4c1039726b,2,Sent 2 or more messages
253457f30450,0,Arrived
253457f30450,1,Sent a message
2e9e4eccd47e,0,Arrived
2e9e4eccd47e,1,Sent a message
a99da951150b,0,Arrived
a99da951150b,1,Sent a message
a99da951150b,2,Sent 2 or more messages
7decc9eebcb2,0,Arrived
7decc9eebcb2,1,Sent a message
7decc9eebcb2,2,Sent 2 or more messages
cb75e0242283,0,Arrived
cb75e0242283,1,Sent a message
97727500e60a,0,Arrived
97727500e60a,1,Sent a message
97727500e60a,2,Sent 2 or more messages
5952f7857809,0,Arrived
5952f7857809,1,Sent a message
5952f7857809,2,Sent 2 or more messages
ebb0abd50de4,0,Arrived
ebb0abd50de4,1,Sent a message
ebb0abd50de4,2,Sent 2 or more messages
f9d6c94199a5,0,Arrived
f9d6c94199a5,1,Sent a message
f9d6c94199a5,2,Sent 2 or more messages
00e2a21037ac,0,Arrived
00e2a21037ac,1,Sent a message
0367a28c51cd,0,Arrived
0367a28c51cd,1,Sent a message
0367a28c51cd,2,Sent 2 or more messages
25e0bb818fe7,0,Arrived
25e0bb818fe7,1,Sent a message
f480b4f24ed8,0,Arrived
f480b4f24ed8,1,Sent a message
f480b4f24ed8,2,Sent 2 or more messages
f480b4f24ed8,3,Sent 7 or more messages
f196f2a726ed,0,Arrived
f196f2a726ed,1,Sent a message
f196f2a726ed,2,Sent 2 or more messages
bea69498fbd0,0,Arrived
bea69498fbd0,1,Sent a message
bea69498fbd0,2,Sent 2 or more messages
f8a90db52737,0,Arrived
f8a90db52737,1,Sent a message
f8a90db52737,2,Sent 2 or more messages
f8a90db52737,3,Sent 7 or more messages
a9cd5c5c51c2,0,Arrived
a9cd5c5c51c2,1,Sent a message
600c9c7af56c,0,Arrived
600c9c7af56c,1,Sent a message
600c9c7af56c,2,Sent 2 or more messages
a09ce3b9b833,0,Arrived
a09ce3b9b833,1,Sent a message
1bf1b0378d93,0,Arrived
1bf1b0378d93,1,Sent a message
4f8c281ecd81,0,Arrived
4f8c281ecd81,1,Sent a message
4f8c281ecd81,2,Sent 2 or more messages
45a90cc344dd,0,Arrived
9a84005c901c,0,Arrived
9a84005c901c,1,Sent a message
9a84005c901c,2,Sent 2 or more messages
d6dc83117e62,0,Arrived
7bd19fcf3cfa,0,Arrived
7bd19fcf3cfa,1,Sent a message
7bd19fcf3cfa,2,Sent 2 or more messages
7bd19fcf3cfa,3,Sent 7 or more messages
355e39b91f6d,0,Arrived
355e39b91f6d,1,Sent a message
aa3c30618eac,0,Arrived
aa3c30618eac,1,Sent a message
90a9c5ed7580,0,Arrived
90a9c5ed7580,1,Sent a message
90a9c5ed7580,2,Sent 2 or more messages
c802a23c8e42,0,Arrived
c802a23c8e42,1,Sent a message
c802a23c8e42,2,Sent 2 or more messages
e8cd996ab9b0,0,Arrived
e8cd996ab9b0,1,Sent a message
e8cd996ab9b0,2,Sent 2 or more messages
aca214bbd428,0,Arrived
aca214bbd428,1,Sent a message
aca214bbd428,2,Sent 2 or more messages
483319801d63,0,Arrived
224b0c65cba8,0,Arrived
224b0c65cba8,1,Sent a message
2f6b5faa9396,0,Arrived
ffdf9816cf1f,0,Arrived
01b6e41756d9,0,Arrived
01b6e41756d9,1,Sent a message
01b6e41756d9,2,Sent 2 or more messages
9b0075cc6b91,0,Arrived
9b0075cc6b91,1,Sent a message
9b0075cc6b91,2,Sent 2 or more messages
df97388b8b59,0,Arrived
df97388b8b59,1,Sent a message
df97388b8b59,2,Sent 2 or more messages
538295dd1cc1,0,Arrived
538295dd1cc1,1,Sent a message
538295dd1cc1,2,Sent 2 or more messages
d3864482b1cc,0,Arrived
d3864482b1cc,1,Sent a message
d3864482b1cc,2,Sent 2 or more messages
4f1cbf244adb,0,Arrived
acb3b8186493,0,Arrived
acb3b8186493,1,Sent a message
acb3b8186493,2,Sent 2 or more messages
c7ac43e9ee49,0,Arrived
c7ac43e9ee49,1,Sent a message
49fa6cf2fedc,0,Arrived
49fa6cf2fedc,1,Sent a message
5bfad0d03abe,0,Arrived
5bfad0d03abe,1,Sent a message
5bfad0d03abe,2,Sent 2 or more messages
82557e0275c4,0,Arrived
17ae63bbba2a,0,Arrived
17ae63bbba2a,1,Sent a message
7cd81c1cedbc,0,Arrived
7cd81c1cedbc,1,Sent a message
7cd81c1cedbc,2,Sent 2 or more messages
920726b4a7d0,0,Arrived
920726b4a7d0,1,Sent a message
920726b4a7d0,2,Sent 2 or more messages
ffd4f038679e,0,Arrived
ffd4f038679e,1,Sent a message
ffd4f038679e,2,Sent 2 or more messages
342f5cb9f227,0,Arrived
342f5cb9f227,1,Sent a message
342f5cb9f227,2,Sent 2 or more messages
e25d61d034aa,0,Arrived
e25d61d034aa,1,Sent a message
e25d61d034aa,2,Sent 2 or more messages
07328a0c07a6,0,Arrived
07328a0c07a6,1,Sent a message
d1708ab4ac5b,0,Arrived
d1708ab4ac5b,1,Sent a message
d1708ab4ac5b,2,Sent 2 or more messages
82bbe02beb1c,0,Arrived
82bbe02beb1c,1,Sent a message
82bbe02beb1c,2,Sent 2 or more messages
237cf28f02a2,0,Arrived
237cf28f02a2,1,Sent a message
237cf28f02a2,2,Sent 2 or more messages
b6711f708f82,0,Arrived
b6711f708f82,1,Sent a message
b6711f708f82,2,Sent 2 or more messages
3e6779b22da8,0,Arrived
3e6779b22da8,1,Sent a message
3e6779b22da8,2,Sent 2 or more messages
902fa97f667e,0,Arrived
902fa97f667e,1,Sent a message
902fa97f667e,2,Sent 2 or more messages
e97c2a96e445,0,Arrived
06a2b18e373f,0,Arrived
3619dce82ba5,0,Arrived
3619dce82ba5,1,Sent a message
3619dce82ba5,2,Sent 2 or more messages
e23546b81515,0,Arrived
e23546b81515,1,Sent a message
e23546b81515,2,Sent 2 or more messages
be1030057619,0,Arrived
be1030057619,1,Sent a message
86589ef84d58,0,Arrived
86589ef84d58,1,Sent a message
86589ef84d58,2,Sent 2 or more messages
b9f74543e0a3,0,Arrived
b9f74543e0a3,1,Sent a message
b9f74543e0a3,2,Sent 2 or more messages
78b3dbf30200,0,Arrived
78b3dbf30200,1,Sent a message
78b3dbf30200,2,Sent 2 or more messages
f2540154103f,0,Arrived
f2540154103f,1,Sent a message
2191b93bf7b5,0,Arrived
2191b93bf7b5,1,Sent a message
2d411cc2c22a,0,Arrived
2d411cc2c22a,1,Sent a message
2d411cc2c22a,2,Sent 2 or more messages
0bd6a1517cd4,0,Arrived
0bd6a1517cd4,1,Sent a message
22b948dd4918,0,Arrived
22b948dd4918,1,Sent a message
22b948dd4918,2,Sent 2 or more messages
36574b853fbc,0,Arrived
36574b853fbc,1,Sent a message
36574b853fbc,2,Sent 2 or more messages
d40966e0b7a4,0,Arrived
d40966e0b7a4,1,Sent a message
dad67fee72e3,0,Arrived
dad67fee72e3,1,Sent a message
dad67fee72e3,2,Sent 2 or more messages
76087f2004aa,0,Arrived
76087f2004aa,1,Sent a message
1b9a5105a9db,0,Arrived
1b9a5105a9db,1,Sent a message
1b9a5105a9db,2,Sent 2 or more messages
ed5f7c488f83,0,Arrived
ed5f7c488f83,1,Sent a message
ed5f7c488f83,2,Sent 2 or more messages
a5d221da4a61,0,Arrived
a5d221da4a61,1,Sent a message
a5d221da4a61,2,Sent 2 or more messages
c821037c2495,0,Arrived
c821037c2495,1,Sent a message
61529bc12cc7,0,Arrived
01c9824c67eb,0,Arrived
01c9824c67eb,1,Sent a message
d1939489a003,0,Arrived
d1939489a003,1,Sent a message
d1939489a003,2,Sent 2 or more messages
573966264c78,0,Arrived
573966264c78,1,Sent a message
573966264c78,2,Sent 2 or more messages
b3c878da29b3,0,Arrived
b3c878da29b3,1,Sent a message
b3c878da29b3,2,Sent 2 or more messages
b3c878da29b3,3,Sent 7 or more messages
2578eba6f1bc,0,Arrived
ccc7d41b56b4,0,Arrived
db64856f9ace,0,Arrived
db64856f9ace,1,Sent a message
e7e6471d8d08,0,Arrived
e7e6471d8d08,1,Sent a message
e7e6471d8d08,2,Sent 2 or more messages
57bcca8ebb97,0,Arrived
57bcca8ebb97,1,Sent a message
41b6ee9f59df,0,Arrived
41b6ee9f59df,1,Sent a message
45126221f02e,0,Arrived
45126221f02e,1,Sent a message
45126221f02e,2,Sent 2 or more messages
3169e6a20c8b,0,Arrived
3169e6a20c8b,1,Sent a message
3169e6a20c8b,2,Sent 2 or more messages
8cbaa78b7f53,0,Arrived
8cbaa78b7f53,1,Sent a message
8cbaa78b7f53,2,Sent 2 or more messages
a1a62d5f08bb,0,Arrived
a1a62d5f08bb,1,Sent a message
a1a62d5f08bb,2,Sent 2 or more messages
0383b80046b9,0,Arrived
487f19ff25af,0,Arrived
487f19ff25af,1,Sent a message
487f19ff25af,2,Sent 2 or more messages
d886bb9194e9,0,Arrived
d886bb9194e9,1,Sent a message
d886bb9194e9,2,Sent 2 or more messages
7465cb41b2c1,0,Arrived
4af69dad3bf1,0,Arrived
4af69dad3bf1,1,Sent a message
4af69dad3bf1,2,Sent 2 or more messages
5a7498cf5cbc,0,Arrived
5a7498cf5cbc,1,Sent a message
c494e85241dd,0,Arrived
036275add5eb,0,Arrived
036275add5eb,1,Sent a message
5f53f39e9f4e,0,Arrived
5f53f39e9f4e,1,Sent a message
5f53f39e9f4e,2,Sent 2 or more messages
8151bb57be3e,0,Arrived
eba15300ac71,0,Arrived
eba15300ac71,1,Sent a message
eba15300ac71,2,Sent 2 or more messages
93b56b2abdba,0,Arrived
93b56b2abdba,1,Sent a message
93b56b2abdba,2,Sent 2 or more messages
628e143864d2,0,Arrived
628e143864d2,1,Sent a message
628e143864d2,2,Sent 2 or more messages
5120edad4c99,0,Arrived
5120edad4c99,1,Sent a message
0e39f120f47d,0,Arrived
0e39f120f47d,1,Sent a message
0e39f120f47d,2,Sent 2 or more messages
9213dfcc43bb,0,Arrived
e253e90e463e,0,Arrived
e253e90e463e,1,Sent a message
e253e90e463e,2,Sent 2 or more messages
3e50d7b566a3,0,Arrived
3e50d7b566a3,1,Sent a message
3e50d7b566a3,2,Sent 2 or more messages
6a4edfd40e68,0,Arrived
6a4edfd40e68,1,Sent a message
6a4edfd40e68,2,Sent 2 or more messages
e8d16804b787,0,Arrived
e8d16804b787,1,Sent a message
e8d16804b787,2,Sent 2 or more messages
cd237f294dba,0,Arrived
cd237f294dba,1,Sent a message
66c4ad0769aa,0,Arrived
66c4ad0769aa,1,Sent a message
66c4ad0769aa,2,Sent 2 or more messages
a362578e8741,0,Arrived
a362578e8741,1,Sent a message
a362578e8741,2,Sent 2 or more messages
0765abd5a93d,0,Arrived
c51d4492a83b,0,Arrived
c51d4492a83b,1,Sent a message
c51d4492a83b,2,Sent 2 or more messages
2e7fb3da27a8,0,Arrived
17c99caae844,0,Arrived
17c99caae844,1,Sent a message
17c99caae844,2,Sent 2 or more messages
9e4727f44f04,0,Arrived
9e4727f44f04,1,Sent a message
9e4727f44f04,2,Sent 2 or more messages
3aa53a743056,0,Arrived
3aa53a743056,1,Sent a message
086e0bde9d76,0,Arrived
086e0bde9d76,1,Sent a message
712a05510899,0,Arrived
712a05510899,1,Sent a message
712a05510899,2,Sent 2 or more messages
0be817c3db2e,0,Arrived
0be817c3db2e,1,Sent a message
6c4e1033a6f4,0,Arrived
6312454c1ad8,0,Arrived
e7f80bee45fd,0,Arrived
e7f80bee45fd,1,Sent a message
f4686af3b986,0,Arrived
f4686af3b986,1,Sent a message
f4686af3b986,2,Sent 2 or more messages
8f17e48d5f7e,0,Arrived
8f17e48d5f7e,1,Sent a message
8f17e48d5f7e,2,Sent 2 or more messages
56d210ca8ced,0,Arrived
56d210ca8ced,1,Sent a message
56d210ca8ced,2,Sent 2 or more messages
b25d4c10e8d8,0,Arrived
b25d4c10e8d8,1,Sent a message
3c69a8dc1d56,0,Arrived
3c69a8dc1d56,1,Sent a message
3c69a8dc1d56,2,Sent 2 or more messages
15dc0f6bbd54,0,Arrived
15dc0f6bbd54,1,Sent a message
481568c9e082,0,Arrived
481568c9e082,1,Sent a message
481568c9e082,2,Sent 2 or more messages
cfc17091b6cf,0,Arrived
cfc17091b6cf,1,Sent a message
cfc17091b6cf,2,Sent 2 or more messages
762d794c4fbc,0,Arrived
762d794c4fbc,1,Sent a message
d81df2cad7fc,0,Arrived
d81df2cad7fc,1,Sent a message
d81df2cad7fc,2,Sent 2 or more messages
f14f1e38bd33,0,Arrived
f14f1e38bd33,1,Sent a message
78b3feb46881,0,Arrived
daef5948e6af,0,Arrived
daef5948e6af,1,Sent a message
daef5948e6af,2,Sent 2 or more messages
4f6457eb190e,0,Arrived
5a96e7702cb0,0,Arrived
5a96e7702cb0,1,Sent a message
5a96e7702cb0,2,Sent 2 or more messages
a8fd097f45d7,0,Arrived
a8fd097f45d7,1,Sent a message
a8fd097f45d7,2,Sent 2 or more messages
23e088703289,0,Arrived
23e088703289,1,Sent a message
bf22bd88e84f,0,Arrived
bf22bd88e84f,1,Sent a message
ede539a89ef4,0,Arrived
ede539a89ef4,1,Sent a message
ede539a89ef4,2,Sent 2 or more messages
130232130f4e,0,Arrived
130232130f4e,1,Sent a message
b8f629c969bb,0,Arrived
b8f629c969bb,1,Sent a message
b8f629c969bb,2,Sent 2 or more messages
285ad64669e0,0,Arrived
285ad64669e0,1,Sent a message
285ad64669e0,2,Sent 2 or more messages
4d9fdd15a627,0,Arrived
4d9fdd15a627,1,Sent a message
4d9fdd15a627,2,Sent 2 or more messages
d665167a9732,0,Arrived
d665167a9732,1,Sent a message
d665167a9732,2,Sent 2 or more messages
f19346cfa019,0,Arrived
f19346cfa019,1,Sent a message
f19346cfa019,2,Sent 2 or more messages
d0bceaecaaae,0,Arrived
d0bceaecaaae,1,Sent a message
d0bceaecaaae,2,Sent 2 or more messages
5d68d7d36dbf,0,Arrived
5d68d7d36dbf,1,Sent a message
5d68d7d36dbf,2,Sent 2 or more messages
fa43dffe7a35,0,Arrived
fa43dffe7a35,1,Sent a message
33ccadbfd77c,0,Arrived
33ccadbfd77c,1,Sent a message
b2273e7bc4a0,0,Arrived
b2273e7bc4a0,1,Sent a message
4620e676486d,0,Arrived
5e4e11b7a1b0,0,Arrived
5e4e11b7a1b0,1,Sent a message
5e4e11b7a1b0,2,Sent 2 or more messages
5e4e11b7a1b0,3,Sent 7 or more messages
da142d4a5117,0,Arrived
da142d4a5117,1,Sent a message
56e476735a0f,0,Arrived
56e476735a0f,1,Sent a message
56e476735a0f,2,Sent 2 or more messages
822956e2ebde,0,Arrived
822956e2ebde,1,Sent a message
822956e2ebde,2,Sent 2 or more messages
6d7f82ed82f8,0,Arrived
6d7f82ed82f8,1,Sent a message
6d7f82ed82f8,2,Sent 2 or more messages
d0d71c3f7dc1,0,Arrived
d0d71c3f7dc1,1,Sent a message
991321e4e058,0,Arrived
991321e4e058,1,Sent a message
4c2c2ccab7ef,0,Arrived
4c2c2ccab7ef,1,Sent a message
4c2c2ccab7ef,2,Sent 2 or more messages
9c7d2b9f7321,0,Arrived
9c7d2b9f7321,1,Sent a message
b7ed444bfe49,0,Arrived
2b4f1562fa44,0,Arrived
2b4f1562fa44,1,Sent a message
2b4f1562fa44,2,Sent 2 or more messages
09c51cd233c6,0,Arrived
09c51cd233c6,1,Sent a message
09c51cd233c6,2,Sent 2 or more messages
469b37d5ff1e,0,Arrived
469b37d5ff1e,1,Sent a message
469b37d5ff1e,2,Sent 2 or more messages
a57647c83ab8,0,Arrived
a57647c83ab8,1,Sent a message
d751422bce52,0,Arrived
d751422bce52,1,Sent a message
d751422bce52,2,Sent 2 or more messages
0e62967fd27d,0,Arrived
0e62967fd27d,1,Sent a message
0e62967fd27d,2,Sent 2 or more messages
a12387bc1be3,0,Arrived
a12387bc1be3,1,Sent a message
a12387bc1be3,2,Sent 2 or more messages
00b7b18ae81a,0,Arrived
00b7b18ae81a,1,Sent a message
875ddd21c83a,0,Arrived
875ddd21c83a,1,Sent a message
875ddd21c83a,2,Sent 2 or more messages
f0dbcdf1f67e,0,Arrived
f0dbcdf1f67e,1,Sent a message
f0dbcdf1f67e,2,Sent 2 or more messages
4a686437f274,0,Arrived
4a686437f274,1,Sent a message
4f524af45e30,0,Arrived
4f524af45e30,1,Sent a message
4f524af45e30,2,Sent 2 or more messages
4f524af45e30,3,Sent 7 or more messages
19fb6b4a45c3,0,Arrived
19fb6b4a45c3,1,Sent a message
a8b6c91e103d,0,Arrived
a8b6c91e103d,1,Sent a message
a8b6c91e103d,2,Sent 2 or more messages
a8b6c91e103d,3,Sent 7 or more messages
7a6ddaad47bb,0,Arrived
7a6ddaad47bb,1,Sent a message
7a6ddaad47bb,2,Sent 2 or more messages
026d46d84f36,0,Arrived
026d46d84f36,1,Sent a message
026d46d84f36,2,Sent 2 or more messages
969fcebd33ec,0,Arrived
969fcebd33ec,1,Sent a message
76c65e1b6c3a,0,Arrived
76c65e1b6c3a,1,Sent a message
76c65e1b6c3a,2,Sent 2 or more messages
c4008a395ed9,0,Arrived
c4008a395ed9,1,Sent a message
c4008a395ed9,2,Sent 2 or more messages
2280eec9c1e1,0,Arrived
075f884db357,0,Arrived
075f884db357,1,Sent a message
075f884db357,2,Sent 2 or more messages
075f884db357,3,Sent 7 or more messages
5fceb0b65f8e,0,Arrived
5fceb0b65f8e,1,Sent a message
5fceb0b65f8e,2,Sent 2 or more messages
d1907c132530,0,Arrived
d1907c132530,1,Sent a message
af0e5c149be0,0,Arrived
af0e5c149be0,1,Sent a message
af0e5c149be0,2,Sent 2 or more messages
70e576a65f54,0,Arrived
70e576a65f54,1,Sent a message
c5a3d211e7ae,0,Arrived
c5a3d211e7ae,1,Sent a message
c5a3d211e7ae,2,Sent 2 or more messages
cd5c01dd37cb,0,Arrived
cd5c01dd37cb,1,Sent a message
cd5c01dd37cb,2,Sent 2 or more messages
5c9a4a964857,0,Arrived
44c34c6efe6f,0,Arrived
44c34c6efe6f,1,Sent a message
44c34c6efe6f,2,Sent 2 or more messages
883becdeb2ac,0,Arrived
883becdeb2ac,1,Sent a message
883becdeb2ac,2,Sent 2 or more messages
025f8fa9b2ff,0,Arrived
025f8fa9b2ff,1,Sent a message
025f8fa9b2ff,2,Sent 2 or more messages
54f981c3f69d,0,Arrived
54f981c3f69d,1,Sent a message
54f981c3f69d,2,Sent 2 or more messages
3087b37015be,0,Arrived
3087b37015be,1,Sent a message
3087b37015be,2,Sent 2 or more messages
3087b37015be,3,Sent 7 or more messages
ea632a43ed21,0,Arrived
ea632a43ed21,1,Sent a message
ea632a43ed21,2,Sent 2 or more messages
691f9dbcafab,0,Arrived
691f9dbcafab,1,Sent a message
691f9dbcafab,2,Sent 2 or more messages
46da40226356,0,Arrived
46da40226356,1,Sent a message
46da40226356,2,Sent 2 or more messages
aa3ef1ca5118,0,Arrived
aa3ef1ca5118,1,Sent a message
aa3ef1ca5118,2,Sent 2 or more messages
cb52036d2ba0,0,Arrived
cb52036d2ba0,1,Sent a message
cb52036d2ba0,2,Sent 2 or more messages
460d24f18102,0,Arrived
460d24f18102,1,Sent a message
460d24f18102,2,Sent 2 or more messages
7a7dab29bc17,0,Arrived
7a7dab29bc17,1,Sent a message
7a7dab29bc17,2,Sent 2 or more messages
fc5afa9539ce,0,Arrived
fc5afa9539ce,1,Sent a message
fc5afa9539ce,2,Sent 2 or more messages
c91427640882,0,Arrived
c91427640882,1,Sent a message
c91427640882,2,Sent 2 or more messages
f09b02668c99,0,Arrived
f09b02668c99,1,Sent a message
52c3b55e29a6,0,Arrived
52c3b55e29a6,1,Sent a message
52c3b55e29a6,2,Sent 2 or more messages
a02ba6b93372,0,Arrived
a02ba6b93372,1,Sent a message
a02ba6b93372,2,Sent 2 or more messages
9de723d55df3,0,Arrived
9de723d55df3,1,Sent a message
9de723d55df3,2,Sent 2 or more messages
88798bf22b1d,0,Arrived
88798bf22b1d,1,Sent a message
88798bf22b1d,2,Sent 2 or more messages
e0631c168fc6,0,Arrived
e0631c168fc6,1,Sent a message
e0631c168fc6,2,Sent 2 or more messages
ba65623de66c,0,Arrived
ba65623de66c,1,Sent a message
ba65623de66c,2,Sent 2 or more messages
8b1e864a8753,0,Arrived
8b1e864a8753,1,Sent a message
8b1e864a8753,2,Sent 2 or more messages
22aede07eb2b,0,Arrived
22aede07eb2b,1,Sent a message
22aede07eb2b,2,Sent 2 or more messages
313570b55d25,0,Arrived
313570b55d25,1,Sent a message
313570b55d25,2,Sent 2 or more messages
313570b55d25,3,Sent 7 or more messages
3b6613f603ac,0,Arrived
3b6613f603ac,1,Sent a message
3b6613f603ac,2,Sent 2 or more messages
2040ec3fddb2,0,Arrived
2040ec3fddb2,1,Sent a message
2040ec3fddb2,2,Sent 2 or more messages
9bd58a2b1cf7,0,Arrived
e0938d4ee792,0,Arrived
e0938d4ee792,1,Sent a message
efa2a0117317,0,Arrived
efa2a0117317,1,Sent a message
efa2a0117317,2,Sent 2 or more messages
cd8f0a22aab9,0,Arrived
cd8f0a22aab9,1,Sent a message
cd8f0a22aab9,2,Sent 2 or more messages
cd8f0a22aab9,3,Sent 7 or more messages
adcc6e0b89df,0,Arrived
adcc6e0b89df,1,Sent a message
adcc6e0b89df,2,Sent 2 or more messages
20338a2364a6,0,Arrived
20338a2364a6,1,Sent a message
20338a2364a6,2,Sent 2 or more messages
7b6725641439,0,Arrived
7b6725641439,1,Sent a message
7b6725641439,2,Sent 2 or more messages
7d42365ec542,0,Arrived
7d42365ec542,1,Sent a message
7d42365ec542,2,Sent 2 or more messages
2bcfaa3df52b,0,Arrived
2bcfaa3df52b,1,Sent a message
2bcfaa3df52b,2,Sent 2 or more messages
21996eb7014b,0,Arrived
21996eb7014b,1,Sent a message
35e3c97de485,0,Arrived
35e3c97de485,1,Sent a message
35e3c97de485,2,Sent 2 or more messages
8e58449c3754,0,Arrived
8e58449c3754,1,Sent a message
8e58449c3754,2,Sent 2 or more messages
30d8ffd038d6,0,Arrived
30d8ffd038d6,1,Sent a message
30d8ffd038d6,2,Sent 2 or more messages
76a41fe32942,0,Arrived
76a41fe32942,1,Sent a message
d4f5ff676133,0,Arrived
d4f5ff676133,1,Sent a message
d4f5ff676133,2,Sent 2 or more messages
07a493b2ddeb,0,Arrived
07a493b2ddeb,1,Sent a message
07a493b2ddeb,2,Sent 2 or more messages
07a493b2ddeb,3,Sent 7 or more messages
3dbebe73d557,0,Arrived
3dbebe73d557,1,Sent a message
3dbebe73d557,2,Sent 2 or more messages
456815a6abe9,0,Arrived
456815a6abe9,1,Sent a message
456815a6abe9,2,Sent 2 or more messages
be2290c9b620,0,Arrived
be2290c9b620,1,Sent a message
abfde777018e,0,Arrived
abfde777018e,1,Sent a message
abfde777018e,2,Sent 2 or more messages
f7a00d1f924f,0,Arrived
f7a00d1f924f,1,Sent a message
930b60a9ec31,0,Arrived
930b60a9ec31,1,Sent a message
930b60a9ec31,2,Sent 2 or more messages
889b4a2620af,0,Arrived
d1cdd2427eda,0,Arrived
d1cdd2427eda,1,Sent a message
d1cdd2427eda,2,Sent 2 or more messages
cdf6830413ff,0,Arrived
cdf6830413ff,1,Sent a message
cdf6830413ff,2,Sent 2 or more messages
0e9667c5d4ea,0,Arrived
0e9667c5d4ea,1,Sent a message
662f81114f99,0,Arrived
662f81114f99,1,Sent a message
662f81114f99,2,Sent 2 or more messages
662f81114f99,3,Sent 7 or more messages
42a64dd883d9,0,Arrived
42a64dd883d9,1,Sent a message
42a64dd883d9,2,Sent 2 or more messages
acbc06e17a31,0,Arrived
acbc06e17a31,1,Sent a message
acbc06e17a31,2,Sent 2 or more messages
243830d0b711,0,Arrived
243830d0b711,1,Sent a message
627a8412493d,0,Arrived
627a8412493d,1,Sent a message
5268b84a6948,0,Arrived
5268b84a6948,1,Sent a message
5268b84a6948,2,Sent 2 or more messages
ca4753c64539,0,Arrived
ca4753c64539,1,Sent a message
ca4753c64539,2,Sent 2 or more messages
ca4753c64539,3,Sent 7 or more messages
80c8c630d305,0,Arrived
80c8c630d305,1,Sent a message
80c8c630d305,2,Sent 2 or more messages
1a1ebc5090d9,0,Arrived
1a1ebc5090d9,1,Sent a message
1a1ebc5090d9,2,Sent 2 or more messages
f5e4e689d582,0,Arrived
40ee6d43d65c,0,Arrived
40ee6d43d65c,1,Sent a message
40ee6d43d65c,2,Sent 2 or more messages
8298f5a136dd,0,Arrived
8298f5a136dd,1,Sent a message
8298f5a136dd,2,Sent 2 or more messages
4f5efd606221,0,Arrived
4f5efd606221,1,Sent a message
4f5efd606221,2,Sent 2 or more messages
ac39351233b0,0,Arrived
ac39351233b0,1,Sent a message
ac39351233b0,2,Sent 2 or more messages
63b482be7696,0,Arrived
63b482be7696,1,Sent a message
63b482be7696,2,Sent 2 or more messages
46e01298bcfd,0,Arrived
46e01298bcfd,1,Sent a message
46e01298bcfd,2,Sent 2 or more messages
e14d780d7d43,0,Arrived
e14d780d7d43,1,Sent a message
e14d780d7d43,2,Sent 2 or more messages
e14d780d7d43,3,Sent 7 or more messages
7f927bb8fcab,0,Arrived
c373d2c7fef7,0,Arrived
c373d2c7fef7,1,Sent a message
0f074ab46d1e,0,Arrived
0f074ab46d1e,1,Sent a message
0f074ab46d1e,2,Sent 2 or more messages
0592352552c0,0,Arrived
0592352552c0,1,Sent a message
0592352552c0,2,Sent 2 or more messages
0592352552c0,3,Sent 7 or more messages
f2d9fb7d4b26,0,Arrived
f2d9fb7d4b26,1,Sent a message
f2d9fb7d4b26,2,Sent 2 or more messages
b619d81574ce,0,Arrived
b619d81574ce,1,Sent a message
b619d81574ce,2,Sent 2 or more messages
2586a6b45571,0,Arrived
2586a6b45571,1,Sent a message
2586a6b45571,2,Sent 2 or more messages
c31a9704f3b8,0,Arrived
c31a9704f3b8,1,Sent a message
c31a9704f3b8,2,Sent 2 or more messages
57550ec17795,0,Arrived
57550ec17795,1,Sent a message
57550ec17795,2,Sent 2 or more messages
fd6dddfbb46f,0,Arrived
fd6dddfbb46f,1,Sent a message
b51f479e47e6,0,Arrived
b51f479e47e6,1,Sent a message
b51f479e47e6,2,Sent 2 or more messages
f1d6da691d80,0,Arrived
f1d6da691d80,1,Sent a message
f1d6da691d80,2,Sent 2 or more messages
0b00b8d61113,0,Arrived
0b00b8d61113,1,Sent a message
839a27087ef6,0,Arrived
839a27087ef6,1,Sent a message
839a27087ef6,2,Sent 2 or more messages
e07197abcf03,0,Arrived
e07197abcf03,1,Sent a message
e07197abcf03,2,Sent 2 or more messages
674c5db7c145,0,Arrived
674c5db7c145,1,Sent a message
674c5db7c145,2,Sent 2 or more messages
e641f51b066c,0,Arrived
e641f51b066c,1,Sent a message
e641f51b066c,2,Sent 2 or more messages
0bb70b354083,0,Arrived
8e6184172115,0,Arrived
be2473df979a,0,Arrived
be2473df979a,1,Sent a message
be2473df979a,2,Sent 2 or more messages
233ec371fc88,0,Arrived
233ec371fc88,1,Sent a message
ce61e3561d3b,0,Arrived
ce61e3561d3b,1,Sent a message
3f05c0bfc5e0,0,Arrived
7d58df5a9148,0,Arrived
7d58df5a9148,1,Sent a message
dc18e6c9c281,0,Arrived
dc18e6c9c281,1,Sent a message
0c9a19b4e12e,0,Arrived
0c9a19b4e12e,1,Sent a message
0c9a19b4e12e,2,Sent 2 or more messages
4d1880278e03,0,Arrived
4d1880278e03,1,Sent a message
4d1880278e03,2,Sent 2 or more messages
270e0e39a718,0,Arrived
b9560b285146,0,Arrived
b9560b285146,1,Sent a message
b9560b285146,2,Sent 2 or more messages
fe86584fe632,0,Arrived
fe86584fe632,1,Sent a message
29fec7083da2,0,Arrived
29fec7083da2,1,Sent a message
29fec7083da2,2,Sent 2 or more messages
ef3c1dfce67c,0,Arrived
ef3c1dfce67c,1,Sent a message
ef3c1dfce67c,2,Sent 2 or more messages
ef3c1dfce67c,3,Sent 7 or more messages
446161d80c77,0,Arrived
446161d80c77,1,Sent a message
446161d80c77,2,Sent 2 or more messages
3f5b01660ea3,0,Arrived
3f5b01660ea3,1,Sent a message
3f5b01660ea3,2,Sent 2 or more messages
7d8ef9d618c4,0,Arrived
456aa48c624b,0,Arrived
456aa48c624b,1,Sent a message
0a272952bdec,0,Arrived
0a272952bdec,1,Sent a message
0a272952bdec,2,Sent 2 or more messages
edfb20856421,0,Arrived
edfb20856421,1,Sent a message
edfb20856421,2,Sent 2 or more messages
a4fc719bf1be,0,Arrived
a4fc719bf1be,1,Sent a message
a4fc719bf1be,2,Sent 2 or more messages
45c773b1a9de,0,Arrived
45c773b1a9de,1,Sent a message
45c773b1a9de,2,Sent 2 or more messages
10362a778226,0,Arrived
10362a778226,1,Sent a message
10362a778226,2,Sent 2 or more messages
10362a778226,3,Sent 7 or more messages
65a44749bd95,0,Arrived
65a44749bd95,1,Sent a message
4e0ffb308d21,0,Arrived
4e0ffb308d21,1,Sent a message
4e0ffb308d21,2,Sent 2 or more messages
075203619289,0,Arrived
075203619289,1,Sent a message
075203619289,2,Sent 2 or more messages
bdce04ceb108,0,Arrived
bdce04ceb108,1,Sent a message
bdce04ceb108,2,Sent 2 or more messages
0bfd5269e6c5,0,Arrived
0bfd5269e6c5,1,Sent a message
0bfd5269e6c5,2,Sent 2 or more messages
56ff2ae9af25,0,Arrived
56ff2ae9af25,1,Sent a message
56ff2ae9af25,2,Sent 2 or more messages
a4eaf81f7214,0,Arrived
a4eaf81f7214,1,Sent a message
a4eaf81f7214,2,Sent 2 or more messages
a91a9f9618e7,0,Arrived
a91a9f9618e7,1,Sent a message
a91a9f9618e7,2,Sent 2 or more messages
de1a989d6968,0,Arrived
de1a989d6968,1,Sent a message
de1a989d6968,2,Sent 2 or more messages
fa203c8b7aaa,0,Arrived
fa203c8b7aaa,1,Sent a message
fa203c8b7aaa,2,Sent 2 or more messages
ac246d82f8be,0,Arrived
ac246d82f8be,1,Sent a message
ac246d82f8be,2,Sent 2 or more messages
85712e24ea1a,0,Arrived
85712e24ea1a,1,Sent a message
57d5e7a9a479,0,Arrived
57d5e7a9a479,1,Sent a message
57d5e7a9a479,2,Sent 2 or more messages
5c0d66283a45,0,Arrived
5c0d66283a45,1,Sent a message
5c0d66283a45,2,Sent 2 or more messages
5c0d66283a45,3,Sent 7 or more messages
119bc2224bd9,0,Arrived
119bc2224bd9,1,Sent a message
119bc2224bd9,2,Sent 2 or more messages
a532a4c4e4d8,0,Arrived
a532a4c4e4d8,1,Sent a message
57d1fbeee6f3,0,Arrived
57d1fbeee6f3,1,Sent a message
57d1fbeee6f3,2,Sent 2 or more messages
6716d6bbff62,0,Arrived
6716d6bbff62,1,Sent a message
6716d6bbff62,2,Sent 2 or more messages
6716d6bbff62,3,Sent 7 or more messages
c2f0b78bdd17,0,Arrived
c2f0b78bdd17,1,Sent a message
001ea31cd267,0,Arrived
001ea31cd267,1,Sent a message
001ea31cd267,2,Sent 2 or more messages
5390f9e444bc,0,Arrived
5390f9e444bc,1,Sent a message
5390f9e444bc,2,Sent 2 or more messages
8fda8f0e5106,0,Arrived
8fda8f0e5106,1,Sent a message
8fda8f0e5106,2,Sent 2 or more messages
8fda8f0e5106,3,Sent 7 or more messages
c4aec67a23b2,0,Arrived
c4aec67a23b2,1,Sent a message
c4aec67a23b2,2,Sent 2 or more messages
d03b0a77cb71,0,Arrived
d03b0a77cb71,1,Sent a message
d03b0a77cb71,2,Sent 2 or more messages
99af89ba8f3b,0,Arrived
99af89ba8f3b,1,Sent a message
99af89ba8f3b,2,Sent 2 or more messages
2b262344b693,0,Arrived
2b262344b693,1,Sent a message
2b262344b693,2,Sent 2 or more messages
d244ebba0a52,0,Arrived
c4014967c5a8,0,Arrived
c4014967c5a8,1,Sent a message
c4014967c5a8,2,Sent 2 or more messages
d324748a5ef2,0,Arrived
d324748a5ef2,1,Sent a message
d324748a5ef2,2,Sent 2 or more messages
d324748a5ef2,3,Sent 7 or more messages
da9b3d0b79c7,0,Arrived
4731ffa6f062,0,Arrived
9a3341e384e1,0,Arrived
9a3341e384e1,1,Sent a message
9a3341e384e1,2,Sent 2 or more messages
4c4fa2ece9fc,0,Arrived
4c4fa2ece9fc,1,Sent a message
2d05fe6b49ed,0,Arrived
e981043c5f84,0,Arrived
e981043c5f84,1,Sent a message
e981043c5f84,2,Sent 2 or more messages
27d6dbaeda9b,0,Arrived
27d6dbaeda9b,1,Sent a message
27d6dbaeda9b,2,Sent 2 or more messages
e4665a7137f2,0,Arrived
e4665a7137f2,1,Sent a message
e4665a7137f2,2,Sent 2 or more messages
05858340bffd,0,Arrived
05858340bffd,1,Sent a message
05858340bffd,2,Sent 2 or more messages
069b1ec8e19a,0,Arrived
069b1ec8e19a,1,Sent a message
069b1ec8e19a,2,Sent 2 or more messages
7d88570c0518,0,Arrived
7d88570c0518,1,Sent a message
7d88570c0518,2,Sent 2 or more messages
2decef1bcf1b,0,Arrived
6cc68e6752b9,0,Arrived
6cc68e6752b9,1,Sent a message
fee9696650e5,0,Arrived
fee9696650e5,1,Sent a message
fee9696650e5,2,Sent 2 or more messages
6c911cdfc79b,0,Arrived
6c911cdfc79b,1,Sent a message
6c911cdfc79b,2,Sent 2 or more messages
6c911cdfc79b,3,Sent 7 or more messages
b888ab5fa73e,0,Arrived
b888ab5fa73e,1,Sent a message
b888ab5fa73e,2,Sent 2 or more messages
33f4d475bf36,0,Arrived
0c06a3ae4410,0,Arrived
22f281a2afe0,0,Arrived
22f281a2afe0,1,Sent a message
22f281a2afe0,2,Sent 2 or more messages
f5c65447592e,0,Arrived
f5c65447592e,1,Sent a message
f5c65447592e,2,Sent 2 or more messages
9e43124c2957,0,Arrived
9e43124c2957,1,Sent a message
ba633b7960a9,0,Arrived
ba633b7960a9,1,Sent a message
ba633b7960a9,2,Sent 2 or more messages
4843bbfae31d,0,Arrived
4843bbfae31d,1,Sent a message
4843bbfae31d,2,Sent 2 or more messages
8fb35ab03ccb,0,Arrived
8fb35ab03ccb,1,Sent a message
8fb35ab03ccb,2,Sent 2 or more messages
b19d1b8bc21d,0,Arrived
b19d1b8bc21d,1,Sent a message
b19d1b8bc21d,2,Sent 2 or more messages
a2c0b868550c,0,Arrived
a2c0b868550c,1,Sent a message
a2c0b868550c,2,Sent 2 or more messages
80e2987ded61,0,Arrived
fd7db0dddc6e,0,Arrived
d082e0a9ebc0,0,Arrived
2737851eca6d,0,Arrived
2737851eca6d,1,Sent a message
2737851eca6d,2,Sent 2 or more messages
dca09edeb442,0,Arrived
dca09edeb442,1,Sent a message
dca09edeb442,2,Sent 2 or more messages
b9644585b28c,0,Arrived
b9644585b28c,1,Sent a message
b9644585b28c,2,Sent 2 or more messages
5d6dec41a134,0,Arrived
f612c9db65bf,0,Arrived
f612c9db65bf,1,Sent a message
f612c9db65bf,2,Sent 2 or more messages
6ef03228368d,0,Arrived
6ef03228368d,1,Sent a message
6ef03228368d,2,Sent 2 or more messages
6ef03228368d,3,Sent 7 or more messages
397a36b4f577,0,Arrived
397a36b4f577,1,Sent a message
397a36b4f577,2,Sent 2 or more messages
1c970ecb2426,0,Arrived
9c4d5250b5f7,0,Arrived
69021f582f06,0,Arrived
69021f582f06,1,Sent a message
69021f582f06,2,Sent 2 or more messages
95475686c6e8,0,Arrived
95475686c6e8,1,Sent a message
95475686c6e8,2,Sent 2 or more messages
8fd38bd038b5,0,Arrived
8fd38bd038b5,1,Sent a message
2bb214172488,0,Arrived
2bb214172488,1,Sent a message
2bb214172488,2,Sent 2 or more messages
d9f4bec66e38,0,Arrived
d9f4bec66e38,1,Sent a message
d9f4bec66e38,2,Sent 2 or more messages
0eab3fd26823,0,Arrived
0eab3fd26823,1,Sent a message
0eab3fd26823,2,Sent 2 or more messages
18c313934434,0,Arrived
18c313934434,1,Sent a message
18c313934434,2,Sent 2 or more messages
d948afba6543,0,Arrived
d948afba6543,1,Sent a message
1ac60e26b75c,0,Arrived
1ac60e26b75c,1,Sent a message
1ac60e26b75c,2,Sent 2 or more messages
dcc6416eec45,0,Arrived
dcc6416eec45,1,Sent a message
558b7308b51f,0,Arrived
558b7308b51f,1,Sent a message
558b7308b51f,2,Sent 2 or more messages
ea8450b3cca0,0,Arrived
ea8450b3cca0,1,Sent a message
ea8450b3cca0,2,Sent 2 or more messages
00a16c4cc1a9,0,Arrived
00a16c4cc1a9,1,Sent a message
156d12a7898d,0,Arrived
156d12a7898d,1,Sent a message
cf8a9ac2cbfb,0,Arrived
cf8a9ac2cbfb,1,Sent a message
cf8a9ac2cbfb,2,Sent 2 or more messages
a57bd1493638,0,Arrived
a57bd1493638,1,Sent a message
08db054d54ab,0,Arrived
08db054d54ab,1,Sent a message
08db054d54ab,2,Sent 2 or more messages
e8f04698e92b,0,Arrived
09c021949aab,0,Arrived
cb5279bccac6,0,Arrived
573e6c215f14,0,Arrived
573e6c215f14,1,Sent a message
573e6c215f14,2,Sent 2 or more messages
4e8e74ec90d1,0,Arrived
4e8e74ec90d1,1,Sent a message
4e8e74ec90d1,2,Sent 2 or more messages
ab58aac073e8,0,Arrived
ab58aac073e8,1,Sent a message
38fd005f0ed3,0,Arrived
38fd005f0ed3,1,Sent a message
38fd005f0ed3,2,Sent 2 or more messages
aeaaa7badeb4,0,Arrived
aeaaa7badeb4,1,Sent a message
6fe86a915960,0,Arrived
6fe86a915960,1,Sent a message
6fe86a915960,2,Sent 2 or more messages
9c3fdfa26e1c,0,Arrived
9c3fdfa26e1c,1,Sent a message
8615c2d14f34,0,Arrived
8615c2d14f34,1,Sent a message
8615c2d14f34,2,Sent 2 or more messages
26e6ed3de35d,0,Arrived
26e6ed3de35d,1,Sent a message
26e6ed3de35d,2,Sent 2 or more messages
26e6ed3de35d,3,Sent 7 or more messages
7e4fea5057a2,0,Arrived
7e4fea5057a2,1,Sent a message
7e4fea5057a2,2,Sent 2 or more messages
7d04167f1e95,0,Arrived
7d04167f1e95,1,Sent a message
cb0f573492bd,0,Arrived
cb0f573492bd,1,Sent a message
0d9f65e2be63,0,Arrived
26f794aecdb1,0,Arrived
26f794aecdb1,1,Sent a message
26f794aecdb1,2,Sent 2 or more messages
91e3a0609285,0,Arrived
9e9bfc052bc8,0,Arrived
9e9bfc052bc8,1,Sent a message
9e9bfc052bc8,2,Sent 2 or more messages
e8adce6f57db,0,Arrived
e8adce6f57db,1,Sent a message
e8adce6f57db,2,Sent 2 or more messages
e8adce6f57db,3,Sent 7 or more messages
507f2bfaddcc,0,Arrived
507f2bfaddcc,1,Sent a message
507f2bfaddcc,2,Sent 2 or more messages
ec9a0465994d,0,Arrived
b31b4c04a6a6,0,Arrived
b31b4c04a6a6,1,Sent a message
b31b4c04a6a6,2,Sent 2 or more messages
cf572fa998a1,0,Arrived
cf572fa998a1,1,Sent a message
810b3b6725a6,0,Arrived
810b3b6725a6,1,Sent a message
810b3b6725a6,2,Sent 2 or more messages
b2f3c3ce9f2a,0,Arrived
b2f3c3ce9f2a,1,Sent a message
34ac1091aedb,0,Arrived
34ac1091aedb,1,Sent a message
34ac1091aedb,2,Sent 2 or more messages
8066e0f720f1,0,Arrived
8066e0f720f1,1,Sent a message
8066e0f720f1,2,Sent 2 or more messages
c157e0120f71,0,Arrived
c157e0120f71,1,Sent a message
c157e0120f71,2,Sent 2 or more messages
c157e0120f71,3,Sent 7 or more messages
7a5f44d8d69d,0,Arrived
7a5f44d8d69d,1,Sent a message
7a5f44d8d69d,2,Sent 2 or more messages
4ee5c5e82c8e,0,Arrived
4ee5c5e82c8e,1,Sent a message
4ee5c5e82c8e,2,Sent 2 or more messages
fc16229dd20d,0,Arrived
9205d99e1575,0,Arrived
9205d99e1575,1,Sent a message
9205d99e1575,2,Sent 2 or more messages
20652713bbe8,0,Arrived
20652713bbe8,1,Sent a message
20652713bbe8,2,Sent 2 or more messages
06b027632b84,0,Arrived
2a099e053dc3,0,Arrived
2a099e053dc3,1,Sent a message
2a099e053dc3,2,Sent 2 or more messages
7ee3b09b8ecf,0,Arrived
7ee3b09b8ecf,1,Sent a message
b618739dda80,0,Arrived
b618739dda80,1,Sent a message
d1a4e92e9378,0,Arrived
d1a4e92e9378,1,Sent a message
d1a4e92e9378,2,Sent 2 or more messages
f548a8c08e2b,0,Arrived
f548a8c08e2b,1,Sent a message
ed727ba8f627,0,Arrived
ed727ba8f627,1,Sent a message
ed727ba8f627,2,Sent 2 or more messages
797bfbba2242,0,Arrived
797bfbba2242,1,Sent a message
797bfbba2242,2,Sent 2 or more messages
552aa120255f,0,Arrived
552aa120255f,1,Sent a message
552aa120255f,2,Sent 2 or more messages
552aa120255f,3,Sent 7 or more messages
2fee72bc46f1,0,Arrived
2fee72bc46f1,1,Sent a message
996db8423a02,0,Arrived
996db8423a02,1,Sent a message
996db8423a02,2,Sent 2 or more messages
996db8423a02,3,Sent 7 or more messages
3c3a91dc30f1,0,Arrived
3c3a91dc30f1,1,Sent a message
4e1805f69c2f,0,Arrived
4e1805f69c2f,1,Sent a message
4e1805f69c2f,2,Sent 2 or more messages
f20ce5585f2b,0,Arrived
f20ce5585f2b,1,Sent a message
f20ce5585f2b,2,Sent 2 or more messages
f368e7755fa9,0,Arrived
f368e7755fa9,1,Sent a message
f368e7755fa9,2,Sent 2 or more messages
d8cb2af5b5b7,0,Arrived
d8cb2af5b5b7,1,Sent a message
d8cb2af5b5b7,2,Sent 2 or more messages
25b81d68f2ad,0,Arrived
25b81d68f2ad,1,Sent a message
25b81d68f2ad,2,Sent 2 or more messages
586bdb9819b7,0,Arrived
586bdb9819b7,1,Sent a message
586bdb9819b7,2,Sent 2 or more messages
586bdb9819b7,3,Sent 7 or more messages
41447e385370,0,Arrived
41447e385370,1,Sent a message
41447e385370,2,Sent 2 or more messages
d69c12fc58e3,0,Arrived
d69c12fc58e3,1,Sent a message
d69c12fc58e3,2,Sent 2 or more messages
67383a06b253,0,Arrived
67383a06b253,1,Sent a message
f8326548cfaf,0,Arrived
f8326548cfaf,1,Sent a message
f8326548cfaf,2,Sent 2 or more messages
281d2a2606cb,0,Arrived
281d2a2606cb,1,Sent a message
281d2a2606cb,2,Sent 2 or more messages
1cd14d2af652,0,Arrived
1cd14d2af652,1,Sent a message
1cd14d2af652,2,Sent 2 or more messages
f30ad0e1698d,0,Arrived
f30ad0e1698d,1,Sent a message
f30ad0e1698d,2,Sent 2 or more messages
f9c6990c9ee3,0,Arrived
f9c6990c9ee3,1,Sent a message
f9c6990c9ee3,2,Sent 2 or more messages
9716f9eb2deb,0,Arrived
9716f9eb2deb,1,Sent a message
9716f9eb2deb,2,Sent 2 or more messages
7f2a79d2876a,0,Arrived
7f2a79d2876a,1,Sent a message
7f2a79d2876a,2,Sent 2 or more messages
59829190fdf2,0,Arrived
59829190fdf2,1,Sent a message
59829190fdf2,2,Sent 2 or more messages
9b2ccbb84f4f,0,Arrived
9b2ccbb84f4f,1,Sent a message
9b2ccbb84f4f,2,Sent 2 or more messages
3f19ea2f9725,0,Arrived
3f19ea2f9725,1,Sent a message
3f19ea2f9725,2,Sent 2 or more messages
a636e0ce8fc1,0,Arrived
67b76b55b585,0,Arrived
f8568f28e13d,0,Arrived
f8568f28e13d,1,Sent a message
f8568f28e13d,2,Sent 2 or more messages
c5dfb4aa881b,0,Arrived
c5dfb4aa881b,1,Sent a message
48158d6acbbe,0,Arrived
48158d6acbbe,1,Sent a message
48158d6acbbe,2,Sent 2 or more messages
b424878ca440,0,Arrived
b424878ca440,1,Sent a message
b424878ca440,2,Sent 2 or more messages
8fba22e0d099,0,Arrived
8fba22e0d099,1,Sent a message
8fba22e0d099,2,Sent 2 or more messages
a9cf96884101,0,Arrived
a9cf96884101,1,Sent a message
679187568683,0,Arrived
ff7c2262aae0,0,Arrived
1d59d368fc56,0,Arrived
995ce800305d,0,Arrived
995ce800305d,1,Sent a message
995ce800305d,2,Sent 2 or more messages
3c6d838c02cb,0,Arrived
3c6d838c02cb,1,Sent a message
3c6d838c02cb,2,Sent 2 or more messages
3473ece97a1d,0,Arrived
3473ece97a1d,1,Sent a message
b2022f4b0cd7,0,Arrived
b2022f4b0cd7,1,Sent a message
b2022f4b0cd7,2,Sent 2 or more messages
f6167c66c4ef,0,Arrived
f6167c66c4ef,1,Sent a message
f6167c66c4ef,2,Sent 2 or more messages
e5264ccf9bcc,0,Arrived
e5264ccf9bcc,1,Sent a message
e5264ccf9bcc,2,Sent 2 or more messages
6749a24e3079,0,Arrived
6749a24e3079,1,Sent a message
1b792d02fb7a,0,Arrived
babfde6d3412,0,Arrived
02a2fb52f2a4,0,Arrived
d1f867f3ce0d,0,Arrived
d1f867f3ce0d,1,Sent a message
d1f867f3ce0d,2,Sent 2 or more messages
d1f867f3ce0d,3,Sent 7 or more messages
1758895a05cd,0,Arrived
1758895a05cd,1,Sent a message
1758895a05cd,2,Sent 2 or more messages
f3715af00e54,0,Arrived
f3715af00e54,1,Sent a message
f3715af00e54,2,Sent 2 or more messages
87592a2a6465,0,Arrived
87592a2a6465,1,Sent a message
e74ceddc78c6,0,Arrived
066c67042429,0,Arrived
066c67042429,1,Sent a message
23ef4981c127,0,Arrived
23ef4981c127,1,Sent a message
23ef4981c127,2,Sent 2 or more messages
e1a3c59b06d0,0,Arrived
e1a3c59b06d0,1,Sent a message
e1a3c59b06d0,2,Sent 2 or more messages
b27e9e47b8fb,0,Arrived
b27e9e47b8fb,1,Sent a message
b27e9e47b8fb,2,Sent 2 or more messages
47cb5b1a8a59,0,Arrived
a5f1f43e9efd,0,Arrived
a5f1f43e9efd,1,Sent a message
a5f1f43e9efd,2,Sent 2 or more messages
6c9e53f7f4ef,0,Arrived
6c9e53f7f4ef,1,Sent a message
6c9e53f7f4ef,2,Sent 2 or more messages
2d2fc4526840,0,Arrived
2d2fc4526840,1,Sent a message
2d2fc4526840,2,Sent 2 or more messages
5bee27c5f88a,0,Arrived
5bee27c5f88a,1,Sent a message
5bee27c5f88a,2,Sent 2 or more messages
b2a2775276c6,0,Arrived
b2a2775276c6,1,Sent a message
b2a2775276c6,2,Sent 2 or more messages
25bd86f176ac,0,Arrived
a174371a71b0,0,Arrived
a174371a71b0,1,Sent a message
a174371a71b0,2,Sent 2 or more messages
270feb3e1437,0,Arrived
270feb3e1437,1,Sent a message
270feb3e1437,2,Sent 2 or more messages
039db1e8437e,0,Arrived
039db1e8437e,1,Sent a message
92b37813436b,0,Arrived
92b37813436b,1,Sent a message
caaa97d9df38,0,Arrived
8606c93e8215,0,Arrived
8606c93e8215,1,Sent a message
ef12e97985dd,0,Arrived
ef12e97985dd,1,Sent a message
ef12e97985dd,2,Sent 2 or more messages
ef12e97985dd,3,Sent 7 or more messages
542d5bf23f3e,0,Arrived
542d5bf23f3e,1,Sent a message
542d5bf23f3e,2,Sent 2 or more messages
e774b802cdb6,0,Arrived
e774b802cdb6,1,Sent a message
e774b802cdb6,2,Sent 2 or more messages
cea92821b22a,0,Arrived
cea92821b22a,1,Sent a message
cea92821b22a,2,Sent 2 or more messages
f34166954f03,0,Arrived
f34166954f03,1,Sent a message
f34166954f03,2,Sent 2 or more messages
413219f6b2f5,0,Arrived
413219f6b2f5,1,Sent a message
413219f6b2f5,2,Sent 2 or more messages
270749e6b663,0,Arrived
270749e6b663,1,Sent a message
270749e6b663,2,Sent 2 or more messages
eabcd4d08636,0,Arrived
eabcd4d08636,1,Sent a message
eabcd4d08636,2,Sent 2 or more messages
eabcd4d08636,3,Sent 7 or more messages
a290cd939a2a,0,Arrived
a290cd939a2a,1,Sent a message
a290cd939a2a,2,Sent 2 or more messages
4ece7132136c,0,Arrived
4ece7132136c,1,Sent a message
4ece7132136c,2,Sent 2 or more messages
592682b186a6,0,Arrived
592682b186a6,1,Sent a message
592682b186a6,2,Sent 2 or more messages
29f8b399f230,0,Arrived
29f8b399f230,1,Sent a message
29f8b399f230,2,Sent 2 or more messages
c96c06858c0e,0,Arrived
c96c06858c0e,1,Sent a message
c96c06858c0e,2,Sent 2 or more messages
c96c06858c0e,3,Sent 7 or more messages
ad8af9706def,0,Arrived
ad8af9706def,1,Sent a message
ad8af9706def,2,Sent 2 or more messages
ad8af9706def,3,Sent 7 or more messages
c9f50d22d8bb,0,Arrived
c9f50d22d8bb,1,Sent a message
6c24ed94d0ba,0,Arrived
6c24ed94d0ba,1,Sent a message
6c24ed94d0ba,2,Sent 2 or more messages
74be8d7a0437,0,Arrived
74be8d7a0437,1,Sent a message
793e692bb495,0,Arrived
793e692bb495,1,Sent a message
eaf2c60a5a84,0,Arrived
eaf2c60a5a84,1,Sent a message
eaf2c60a5a84,2,Sent 2 or more messages
0956cfe71306,0,Arrived
0956cfe71306,1,Sent a message
0956cfe71306,2,Sent 2 or more messages
401aadf82e30,0,Arrived
401aadf82e30,1,Sent a message
401aadf82e30,2,Sent 2 or more messages
14a39dcc12e9,0,Arrived
14a39dcc12e9,1,Sent a message
6e32a879a2b6,0,Arrived
635d61ff66d8,0,Arrived
b54b6c4603bf,0,Arrived
d15954e0f85c,0,Arrived
d15954e0f85c,1,Sent a message
b57b7afe9499,0,Arrived
b57b7afe9499,1,Sent a message
e2bde1255941,0,Arrived
e2bde1255941,1,Sent a message
a3bac8f5fb85,0,Arrived
a3bac8f5fb85,1,Sent a message
a3bac8f5fb85,2,Sent 2 or more messages
c104e6dc7c09,0,Arrived
c104e6dc7c09,1,Sent a message
c104e6dc7c09,2,Sent 2 or more messages
9ceba850c5ea,0,Arrived
9ceba850c5ea,1,Sent a message
ec6510d8b6f2,0,Arrived
ec6510d8b6f2,1,Sent a message
ec6510d8b6f2,2,Sent 2 or more messages
d236968734b7,0,Arrived
d236968734b7,1,Sent a message
d236968734b7,2,Sent 2 or more messages
7520eba1ff7b,0,Arrived
7520eba1ff7b,1,Sent a message
93793a5c59bd,0,Arrived
93793a5c59bd,1,Sent a message
22565df338df,0,Arrived
22565df338df,1,Sent a message
22565df338df,2,Sent 2 or more messages
e31831e73458,0,Arrived
6b55c36f3989,0,Arrived
0a09225c81bb,0,Arrived
0a09225c81bb,1,Sent a message
0a09225c81bb,2,Sent 2 or more messages
390f8b9d5dd0,0,Arrived
390f8b9d5dd0,1,Sent a message
390f8b9d5dd0,2,Sent 2 or more messages
390f8b9d5dd0,3,Sent 7 or more messages
f3266bd148e4,0,Arrived
f3266bd148e4,1,Sent a message
f3266bd148e4,2,Sent 2 or more messages
f3266bd148e4,3,Sent 7 or more messages
84939de291ed,0,Arrived
84939de291ed,1,Sent a message
84939de291ed,2,Sent 2 or more messages
84939de291ed,3,Sent 7 or more messages
7d9370b38112,0,Arrived
7d9370b38112,1,Sent a message
7d9370b38112,2,Sent 2 or more messages
a690b42ae9b2,0,Arrived
a690b42ae9b2,1,Sent a message
e09ac786b0cb,0,Arrived
e09ac786b0cb,1,Sent a message
73b8bad21088,0,Arrived
73b8bad21088,1,Sent a message
73b8bad21088,2,Sent 2 or more messages
824fac26ef86,0,Arrived
824fac26ef86,1,Sent a message
824fac26ef86,2,Sent 2 or more messages
824fac26ef86,3,Sent 7 or more messages
47e074a1b347,0,Arrived
47e074a1b347,1,Sent a message
47e074a1b347,2,Sent 2 or more messages
47e074a1b347,3,Sent 7 or more messages
618a37c419d0,0,Arrived
618a37c419d0,1,Sent a message
618a37c419d0,2,Sent 2 or more messages
6cd6ee7f10bd,0,Arrived
baaa2fdf68b4,0,Arrived
baaa2fdf68b4,1,Sent a message
e6b62393881a,0,Arrived
e6b62393881a,1,Sent a message
e6b62393881a,2,Sent 2 or more messages
48b0f96ef2dc,0,Arrived
48b0f96ef2dc,1,Sent a message
4a84bb2b0b3a,0,Arrived
4a84bb2b0b3a,1,Sent a message
cbda5ff38227,0,Arrived
cbda5ff38227,1,Sent a message
cbda5ff38227,2,Sent 2 or more messages
ee812abbae17,0,Arrived
ee812abbae17,1,Sent a message
ee812abbae17,2,Sent 2 or more messages
ee812abbae17,3,Sent 7 or more messages
4e12c755f3f2,0,Arrived
4e12c755f3f2,1,Sent a message
4e12c755f3f2,2,Sent 2 or more messages
31fa3027303a,0,Arrived
31fa3027303a,1,Sent a message
31fa3027303a,2,Sent 2 or more messages
a1956d73d403,0,Arrived
a1956d73d403,1,Sent a message
a1956d73d403,2,Sent 2 or more messages
3a39519569da,0,Arrived
77915eb2aee4,0,Arrived
77915eb2aee4,1,Sent a message
289eceb5443b,0,Arrived
289eceb5443b,1,Sent a message
289eceb5443b,2,Sent 2 or more messages
c55a4293df3e,0,Arrived
c55a4293df3e,1,Sent a message
9c5018bb02d2,0,Arrived
f9e0a0a060ed,0,Arrived
f9e0a0a060ed,1,Sent a message
f9e0a0a060ed,2,Sent 2 or more messages
756b9018a551,0,Arrived
756b9018a551,1,Sent a message
756b9018a551,2,Sent 2 or more messages
74608a18e8e4,0,Arrived
74608a18e8e4,1,Sent a message
74608a18e8e4,2,Sent 2 or more messages
fd114b1912b6,0,Arrived
fd114b1912b6,1,Sent a message
fd114b1912b6,2,Sent 2 or more messages
fd114b1912b6,3,Sent 7 or more messages
85d2f69e7025,0,Arrived
85d2f69e7025,1,Sent a message
85d2f69e7025,2,Sent 2 or more messages
caf3b8eaa366,0,Arrived
caf3b8eaa366,1,Sent a message
b129f19d0af2,0,Arrived
b129f19d0af2,1,Sent a message
b129f19d0af2,2,Sent 2 or more messages
8defdff024fe,0,Arrived
8defdff024fe,1,Sent a message
8defdff024fe,2,Sent 2 or more messages
8defdff024fe,3,Sent 7 or more messages
2ac2ed862408,0,Arrived
1a9cb8c4c8d7,0,Arrived
1a9cb8c4c8d7,1,Sent a message
1a9cb8c4c8d7,2,Sent 2 or more messages
0dedc06a8597,0,Arrived
0dedc06a8597,1,Sent a message
0dedc06a8597,2,Sent 2 or more messages
84341a8e0b7e,0,Arrived
84341a8e0b7e,1,Sent a message
84341a8e0b7e,2,Sent 2 or more messages
01f1990699e4,0,Arrived
01f1990699e4,1,Sent a message
01f1990699e4,2,Sent 2 or more messages
195a4d09c595,0,Arrived
195a4d09c595,1,Sent a message
195a4d09c595,2,Sent 2 or more messages
181cd15e7fad,0,Arrived
181cd15e7fad,1,Sent a message
181cd15e7fad,2,Sent 2 or more messages
8b58df4b6959,0,Arrived
8b58df4b6959,1,Sent a message
8b58df4b6959,2,Sent 2 or more messages
b77be2af25f5,0,Arrived
b77be2af25f5,1,Sent a message
b779de6d1c61,0,Arrived
b779de6d1c61,1,Sent a message
b779de6d1c61,2,Sent 2 or more messages
4198045631c4,0,Arrived
4198045631c4,1,Sent a message
4198045631c4,2,Sent 2 or more messages
608a0ccab9c1,0,Arrived
608a0ccab9c1,1,Sent a message
cd6b50518b1b,0,Arrived
cd6b50518b1b,1,Sent a message
cd6b50518b1b,2,Sent 2 or more messages
ed9ff7f912e4,0,Arrived
ed9ff7f912e4,1,Sent a message
ed9ff7f912e4,2,Sent 2 or more messages
82b630c8ef69,0,Arrived
82b630c8ef69,1,Sent a message
82b630c8ef69,2,Sent 2 or more messages
b0b6de8acc5e,0,Arrived
82f51280bea1,0,Arrived
82f51280bea1,1,Sent a message
9d46ea5d0c26,0,Arrived
9d46ea5d0c26,1,Sent a message
9c9245ec7777,0,Arrived
9c9245ec7777,1,Sent a message
9c9245ec7777,2,Sent 2 or more messages
d06dc2279e56,0,Arrived
d06dc2279e56,1,Sent a message
80ad201aa8cf,0,Arrived
e9cf95343393,0,Arrived
c794cc690e6b,0,Arrived
c794cc690e6b,1,Sent a message
c794cc690e6b,2,Sent 2 or more messages
814c326dbf2d,0,Arrived
814c326dbf2d,1,Sent a message
fb0e257304b9,0,Arrived
5f526d3090fc,0,Arrived
5f526d3090fc,1,Sent a message
5f526d3090fc,2,Sent 2 or more messages
ef6a542e39a4,0,Arrived
ef6a542e39a4,1,Sent a message
9034f08998f0,0,Arrived
9034f08998f0,1,Sent a message
9d1a7452fdbf,0,Arrived
9d1a7452fdbf,1,Sent a message
9d1a7452fdbf,2,Sent 2 or more messages
28123ed57f59,0,Arrived
28123ed57f59,1,Sent a message
28123ed57f59,2,Sent 2 or more messages
6916bbbe9f24,0,Arrived
887c031b831d,0,Arrived
887c031b831d,1,Sent a message
3616d0442ecb,0,Arrived
3616d0442ecb,1,Sent a message
3616d0442ecb,2,Sent 2 or more messages
3616d0442ecb,3,Sent 7 or more messages
70ce2863d110,0,Arrived
70ce2863d110,1,Sent a message
3f262e866158,0,Arrived
3f262e866158,1,Sent a message
3f262e866158,2,Sent 2 or more messages
c9fd45da3964,0,Arrived
c9fd45da3964,1,Sent a message
c9fd45da3964,2,Sent 2 or more messages
bb43b2c76c87,0,Arrived
bb43b2c76c87,1,Sent a message
bb43b2c76c87,2,Sent 2 or more messages
7e62b0c9182e,0,Arrived
7e62b0c9182e,1,Sent a message
7e62b0c9182e,2,Sent 2 or more messages
afa37845925d,0,Arrived
afa37845925d,1,Sent a message
afa37845925d,2,Sent 2 or more messages
720fc1e8e8b0,0,Arrived
720fc1e8e8b0,1,Sent a message
720fc1e8e8b0,2,Sent 2 or more messages
536770ec7d01,0,Arrived
536770ec7d01,1,Sent a message
5e21d7487e2e,0,Arrived
5e21d7487e2e,1,Sent a message
5e21d7487e2e,2,Sent 2 or more messages
5a7576901649,0,Arrived
5a7576901649,1,Sent a message
5a7576901649,2,Sent 2 or more messages
637783960fda,0,Arrived
637783960fda,1,Sent a message
637783960fda,2,Sent 2 or more messages
11fb0eb9d033,0,Arrived
11fb0eb9d033,1,Sent a message
11fb0eb9d033,2,Sent 2 or more messages
3dc2b7a2cf9f,0,Arrived
3dc2b7a2cf9f,1,Sent a message
3dc2b7a2cf9f,2,Sent 2 or more messages
44bde3a367c7,0,Arrived
86a83f0827ac,0,Arrived
f846ecc165f0,0,Arrived
f846ecc165f0,1,Sent a message
4b99fb3f7c87,0,Arrived
4b99fb3f7c87,1,Sent a message
4b99fb3f7c87,2,Sent 2 or more messages
f2ba4d6f6eff,0,Arrived
f2ba4d6f6eff,1,Sent a message
f2ba4d6f6eff,2,Sent 2 or more messages
d73e8ff5d70d,0,Arrived
d73e8ff5d70d,1,Sent a message
5d9998ca383d,0,Arrived
5d9998ca383d,1,Sent a message
96045bc947b3,0,Arrived
96045bc947b3,1,Sent a message
9d01e11966f7,0,Arrived
9d01e11966f7,1,Sent a message
9d01e11966f7,2,Sent 2 or more messages
1120ff7989f4,0,Arrived
1120ff7989f4,1,Sent a message
1120ff7989f4,2,Sent 2 or more messages
40a1c30ed796,0,Arrived
ffad7d7874ca,0,Arrived
ffad7d7874ca,1,Sent a message
ffad7d7874ca,2,Sent 2 or more messages
a77977d188c4,0,Arrived
a77977d188c4,1,Sent a message
a77977d188c4,2,Sent 2 or more messages
a77977d188c4,3,Sent 7 or more messages
0b28baceb4e4,0,Arrived
0b28baceb4e4,1,Sent a message
78f475e11377,0,Arrived
78f475e11377,1,Sent a message
78f475e11377,2,Sent 2 or more messages
f64c99d75b45,0,Arrived
9c3257084b94,0,Arrived
9c3257084b94,1,Sent a message
df9baf4ae9b4,0,Arrived
df9baf4ae9b4,1,Sent a message
df9baf4ae9b4,2,Sent 2 or more messages
c3562e2d9349,0,Arrived
c3562e2d9349,1,Sent a message
c4b98a94949a,0,Arrived
c4b98a94949a,1,Sent a message
c4b98a94949a,2,Sent 2 or more messages
36901242e8a4,0,Arrived
36901242e8a4,1,Sent a message
3536f17b4707,0,Arrived
3536f17b4707,1,Sent a message
d254704c670d,0,Arrived
d254704c670d,1,Sent a message
cddce7294b5b,0,Arrived
cddce7294b5b,1,Sent a message
cddce7294b5b,2,Sent 2 or more messages
c3162b9d1443,0,Arrived
c3162b9d1443,1,Sent a message
c3162b9d1443,2,Sent 2 or more messages
3699dffeee89,0,Arrived
3699dffeee89,1,Sent a message
3699dffeee89,2,Sent 2 or more messages
1478ba543589,0,Arrived
1478ba543589,1,Sent a message
1478ba543589,2,Sent 2 or more messages
79259d704ff7,0,Arrived
f75b72879f1a,0,Arrived
f75b72879f1a,1,Sent a message
f75b72879f1a,2,Sent 2 or more messages
dd91d1e52f04,0,Arrived
dd91d1e52f04,1,Sent a message
dd91d1e52f04,2,Sent 2 or more messages
dd91d1e52f04,3,Sent 7 or more messages
a370231f9314,0,Arrived
82e37a8b57e0,0,Arrived
82e37a8b57e0,1,Sent a message
82e37a8b57e0,2,Sent 2 or more messages
8483c94fc824,0,Arrived
8483c94fc824,1,Sent a message
8483c94fc824,2,Sent 2 or more messages
382454408be6,0,Arrived
382454408be6,1,Sent a message
382454408be6,2,Sent 2 or more messages
34c6d4f5c12a,0,Arrived
34c6d4f5c12a,1,Sent a message
34c6d4f5c12a,2,Sent 2 or more messages
99527ac5570a,0,Arrived
99527ac5570a,1,Sent a message
99527ac5570a,2,Sent 2 or more messages
4cc91e57a91d,0,Arrived
4cc91e57a91d,1,Sent a message
4cc91e57a91d,2,Sent 2 or more messages
fd7d78747649,0,Arrived
605b9bd2c5b5,0,Arrived
987992302be3,0,Arrived
987992302be3,1,Sent a message
987992302be3,2,Sent 2 or more messages
987992302be3,3,Sent 7 or more messages
c7ce2d12156e,0,Arrived
c7ce2d12156e,1,Sent a message
c7ce2d12156e,2,Sent 2 or more messages
9f2d3768beb5,0,Arrived
9f2d3768beb5,1,Sent a message
7c977f02bfe9,0,Arrived
dddc6142ec46,0,Arrived
dddc6142ec46,1,Sent a message
04cb2517ef64,0,Arrived
04cb2517ef64,1,Sent a message
04cb2517ef64,2,Sent 2 or more messages
886c4de0e15e,0,Arrived
886c4de0e15e,1,Sent a message
886c4de0e15e,2,Sent 2 or more messages
d09093012a62,0,Arrived
8759feb68258,0,Arrived
8759feb68258,1,Sent a message
8759feb68258,2,Sent 2 or more messages
445f8c30e657,0,Arrived
445f8c30e657,1,Sent a message
445f8c30e657,2,Sent 2 or more messages
445f8c30e657,3,Sent 7 or more messages
fc2b2710562a,0,Arrived
fc2b2710562a,1,Sent a message
6567fd8b98e1,0,Arrived
49d32c03804c,0,Arrived
49d32c03804c,1,Sent a message
49d32c03804c,2,Sent 2 or more messages
472a699ace80,0,Arrived
6eedeba579e8,0,Arrived
6eedeba579e8,1,Sent a message
54a45c3fe833,0,Arrived
54a45c3fe833,1,Sent a message
54a45c3fe833,2,Sent 2 or more messages
f6955c0ddf09,0,Arrived
f6955c0ddf09,1,Sent a message
f6955c0ddf09,2,Sent 2 or more messages
bb9ab96cf213,0,Arrived
bb9ab96cf213,1,Sent a message
bb9ab96cf213,2,Sent 2 or more messages
8f94e95702e9,0,Arrived
8f94e95702e9,1,Sent a message
8f94e95702e9,2,Sent 2 or more messages
df2315cbae47,0,Arrived
1244bca63bbc,0,Arrived
1244bca63bbc,1,Sent a message
1244bca63bbc,2,Sent 2 or more messages
6a8a6553d37c,0,Arrived
712e43e87c9d,0,Arrived
712e43e87c9d,1,Sent a message
712e43e87c9d,2,Sent 2 or more messages
c137032f95d9,0,Arrived
0083ec87957f,0,Arrived
0083ec87957f,1,Sent a message
77dfea4b3ab8,0,Arrived
77dfea4b3ab8,1,Sent a message
8ba79bdd901a,0,Arrived
8ba79bdd901a,1,Sent a message
01ef5a3bd732,0,Arrived
01ef5a3bd732,1,Sent a message
01ef5a3bd732,2,Sent 2 or more messages
d72beab625fc,0,Arrived
d72beab625fc,1,Sent a message
d72beab625fc,2,Sent 2 or more messages
19d1bcdf4a39,0,Arrived
19d1bcdf4a39,1,Sent a message
19d1bcdf4a39,2,Sent 2 or more messages
6779fc6ca75c,0,Arrived
6779fc6ca75c,1,Sent a message
6b27658db6ff,0,Arrived
db789f9ca2ec,0,Arrived
ccc810f98941,0,Arrived
ccc810f98941,1,Sent a message
ccc810f98941,2,Sent 2 or more messages
40f8794ebb5b,0,Arrived
40f8794ebb5b,1,Sent a message
40f8794ebb5b,2,Sent 2 or more messages
40f8794ebb5b,3,Sent 7 or more messages
9ca5279f044f,0,Arrived
9ca5279f044f,1,Sent a message
9ca5279f044f,2,Sent 2 or more messages
45e7ecc8527a,0,Arrived
08850488608f,0,Arrived
08850488608f,1,Sent a message
08850488608f,2,Sent 2 or more messages
556dae00d01f,0,Arrived
556dae00d01f,1,Sent a message
556dae00d01f,2,Sent 2 or more messages
7869e67ffa0e,0,Arrived
7869e67ffa0e,1,Sent a message
7869e67ffa0e,2,Sent 2 or more messages
d2892eaa1607,0,Arrived
d2892eaa1607,1,Sent a message
735f4ace2178,0,Arrived
735f4ace2178,1,Sent a message
5c53de3124be,0,Arrived
5c53de3124be,1,Sent a message
5c53de3124be,2,Sent 2 or more messages
5c53de3124be,3,Sent 7 or more messages
adfaefbb4401,0,Arrived
adfaefbb4401,1,Sent a message
adfaefbb4401,2,Sent 2 or more messages
ae909a599460,0,Arrived
ae909a599460,1,Sent a message
ae909a599460,2,Sent 2 or more messages
c9ea22770d07,0,Arrived
c9ea22770d07,1,Sent a message
586c8274d40e,0,Arrived
586c8274d40e,1,Sent a message
586c8274d40e,2,Sent 2 or more messages
627ca3a43260,0,Arrived
627ca3a43260,1,Sent a message
8cf5c750e3a9,0,Arrived
8cf5c750e3a9,1,Sent a message
ee97c8efb32c,0,Arrived
ee97c8efb32c,1,Sent a message
ee97c8efb32c,2,Sent 2 or more messages
4aeebdaf4511,0,Arrived
4aeebdaf4511,1,Sent a message
4aeebdaf4511,2,Sent 2 or more messages
7d274d55a9fc,0,Arrived
7d274d55a9fc,1,Sent a message
7d274d55a9fc,2,Sent 2 or more messages
8dfd0b293cb4,0,Arrived
8dfd0b293cb4,1,Sent a message
8dfd0b293cb4,2,Sent 2 or more messages
eb43d61f1fa6,0,Arrived
7b247e90e35b,0,Arrived
7b247e90e35b,1,Sent a message
7b247e90e35b,2,Sent 2 or more messages
5f00e43eff17,0,Arrived
5f00e43eff17,1,Sent a message
5f00e43eff17,2,Sent 2 or more messages
5f00e43eff17,3,Sent 7 or more messages
79ac5516fd24,0,Arrived
79ac5516fd24,1,Sent a message
79ac5516fd24,2,Sent 2 or more messages
ea6ec746a9f3,0,Arrived
ea6ec746a9f3,1,Sent a message
946815b7a988,0,Arrived
946815b7a988,1,Sent a message
946815b7a988,2,Sent 2 or more messages
c9be207f9ad1,0,Arrived
c9be207f9ad1,1,Sent a message
43b3c1b09eef,0,Arrived
43b3c1b09eef,1,Sent a message
084592c4a4fd,0,Arrived
084592c4a4fd,1,Sent a message
084592c4a4fd,2,Sent 2 or more messages
c9eb3cfa60f9,0,Arrived
c9eb3cfa60f9,1,Sent a message
c9eb3cfa60f9,2,Sent 2 or more messages
483cf6a54bf1,0,Arrived
483cf6a54bf1,1,Sent a message
483cf6a54bf1,2,Sent 2 or more messages
483cf6a54bf1,3,Sent 7 or more messages
98a101df38a7,0,Arrived
a70e3fb62bc0,0,Arrived
a70e3fb62bc0,1,Sent a message
a70e3fb62bc0,2,Sent 2 or more messages
d58fd4a48a69,0,Arrived
d58fd4a48a69,1,Sent a message
d58fd4a48a69,2,Sent 2 or more messages
78055add5269,0,Arrived
c6ddc37c2366,0,Arrived
c6ddc37c2366,1,Sent a message
c6ddc37c2366,2,Sent 2 or more messages
c6ddc37c2366,3,Sent 7 or more messages
92ff5182ff53,0,Arrived
92ff5182ff53,1,Sent a message
92ff5182ff53,2,Sent 2 or more messages
56c146535660,0,Arrived
56c146535660,1,Sent a message
56c146535660,2,Sent 2 or more messages
56c146535660,3,Sent 7 or more messages
53c1984d329d,0,Arrived
53c1984d329d,1,Sent a message
53c1984d329d,2,Sent 2 or more messages
c026dd1c05cd,0,Arrived
dc6642edcd75,0,Arrived
dc6642edcd75,1,Sent a message
dc6642edcd75,2,Sent 2 or more messages
6ae499a69fef,0,Arrived
6ae499a69fef,1,Sent a message
6ae499a69fef,2,Sent 2 or more messages
9bb0bde5b746,0,Arrived
9bb0bde5b746,1,Sent a message
8eb4ec93218c,0,Arrived
9fc9dc6b6c7d,0,Arrived
9fc9dc6b6c7d,1,Sent a message
9fc9dc6b6c7d,2,Sent 2 or more messages
9fc9dc6b6c7d,3,Sent 7 or more messages
43c2b95fe94f,0,Arrived
31b8761c2878,0,Arrived
31b8761c2878,1,Sent a message
cf03288f22b4,0,Arrived
cf03288f22b4,1,Sent a message
cf03288f22b4,2,Sent 2 or more messages
3939c9b21a6d,0,Arrived
3939c9b21a6d,1,Sent a message
2c38877ae17e,0,Arrived
2c38877ae17e,1,Sent a message
2c38877ae17e,2,Sent 2 or more messages
88837a6cbbbc,0,Arrived
0c3fc97bd83c,0,Arrived
0c3fc97bd83c,1,Sent a message
0209640b4a42,0,Arrived
65efccbd2ae4,0,Arrived
7ddd567fca0b,0,Arrived
7ddd567fca0b,1,Sent a message
7ddd567fca0b,2,Sent 2 or more messages
491ad6e259e6,0,Arrived
491ad6e259e6,1,Sent a message
491ad6e259e6,2,Sent 2 or more messages
a44cd0fb62fb,0,Arrived
a44cd0fb62fb,1,Sent a message
35e622501381,0,Arrived
fd865163ce46,0,Arrived
9bc3f350074c,0,Arrived
9bc3f350074c,1,Sent a message
9bc3f350074c,2,Sent 2 or more messages
e2f825d75a6a,0,Arrived
e2f825d75a6a,1,Sent a message
e2f825d75a6a,2,Sent 2 or more messages
78d1eb495436,0,Arrived
78d1eb495436,1,Sent a message
78d1eb495436,2,Sent 2 or more messages
95df82024399,0,Arrived
8b06a10e13e1,0,Arrived
592ec0ca02ec,0,Arrived
d4bf3a47f65a,0,Arrived
d4bf3a47f65a,1,Sent a message
d4bf3a47f65a,2,Sent 2 or more messages
9d99509f5976,0,Arrived
9d99509f5976,1,Sent a message
9d99509f5976,2,Sent 2 or more messages
38d97281c545,0,Arrived
38d97281c545,1,Sent a message
38d97281c545,2,Sent 2 or more messages
7ab96e544cfe,0,Arrived
7ab96e544cfe,1,Sent a message
7ab96e544cfe,2,Sent 2 or more messages
0e67c88ff3ff,0,Arrived
14ddc19dbb75,0,Arrived
14ddc19dbb75,1,Sent a message
88bf03d80863,0,Arrived
88bf03d80863,1,Sent a message
88bf03d80863,2,Sent 2 or more messages
3507ac8c5023,0,Arrived
3507ac8c5023,1,Sent a message
3507ac8c5023,2,Sent 2 or more messages
66aee72311ce,0,Arrived
66aee72311ce,1,Sent a message
66aee72311ce,2,Sent 2 or more messages
a805dfa3d789,0,Arrived
a805dfa3d789,1,Sent a message
a805dfa3d789,2,Sent 2 or more messages
db7bf73021d3,0,Arrived
db7bf73021d3,1,Sent a message
db7bf73021d3,2,Sent 2 or more messages
db7bf73021d3,3,Sent 7 or more messages
d25bcb376566,0,Arrived
d25bcb376566,1,Sent a message
d25bcb376566,2,Sent 2 or more messages
48ab8159f144,0,Arrived
48ab8159f144,1,Sent a message
48ab8159f144,2,Sent 2 or more messages
993a3e5d9533,0,Arrived
fbd40694fd86,0,Arrived
fbd40694fd86,1,Sent a message
fbd40694fd86,2,Sent 2 or more messages
fbd40694fd86,3,Sent 7 or more messages
9ef3cc352336,0,Arrived
9ef3cc352336,1,Sent a message
b9ff365f1be6,0,Arrived
b9ff365f1be6,1,Sent a message
b9ff365f1be6,2,Sent 2 or more messages
b9ff365f1be6,3,Sent 7 or more messages
608f79704cbf,0,Arrived
608f79704cbf,1,Sent a message
608f79704cbf,2,Sent 2 or more messages
608f79704cbf,3,Sent 7 or more messages
b77211058cd3,0,Arrived
b77211058cd3,1,Sent a message
b77211058cd3,2,Sent 2 or more messages
f1b26038f401,0,Arrived
f1b26038f401,1,Sent a message
f92f97820aa4,0,Arrived
f92f97820aa4,1,Sent a message
f92f97820aa4,2,Sent 2 or more messages
b12b524a7968,0,Arrived
b12b524a7968,1,Sent a message
b12b524a7968,2,Sent 2 or more messages
5b84761ac5e2,0,Arrived
5b84761ac5e2,1,Sent a message
5b84761ac5e2,2,Sent 2 or more messages
28c40585786a,0,Arrived
28c40585786a,1,Sent a message
28c40585786a,2,Sent 2 or more messages
25588123ba9f,0,Arrived
25588123ba9f,1,Sent a message
25588123ba9f,2,Sent 2 or more messages
531a6927701a,0,Arrived
531a6927701a,1,Sent a message
531a6927701a,2,Sent 2 or more messages
96a27578e793,0,Arrived
53bf7d07b4fd,0,Arrived
53bf7d07b4fd,1,Sent a message
53bf7d07b4fd,2,Sent 2 or more messages
b61533160f33,0,Arrived
b61533160f33,1,Sent a message
b61533160f33,2,Sent 2 or more messages
73105f496c9d,0,Arrived
73105f496c9d,1,Sent a message
73105f496c9d,2,Sent 2 or more messages
bdf1985b72f0,0,Arrived
bdf1985b72f0,1,Sent a message
bdf1985b72f0,2,Sent 2 or more messages
d9bfd492b47c,0,Arrived
08914801c587,0,Arrived
08914801c587,1,Sent a message
08914801c587,2,Sent 2 or more messages
f87b2b4a3035,0,Arrived
ff8aba8d2fcd,0,Arrived
ff8aba8d2fcd,1,Sent a message
ff8aba8d2fcd,2,Sent 2 or more messages
231d977ef5dd,0,Arrived
231d977ef5dd,1,Sent a message
231d977ef5dd,2,Sent 2 or more messages
1c4da3d603d8,0,Arrived
1c4da3d603d8,1,Sent a message
1c4da3d603d8,2,Sent 2 or more messages
c5e0339cc08d,0,Arrived
72df70d7f7f2,0,Arrived
72df70d7f7f2,1,Sent a message
9b8814417d9b,0,Arrived
9b8814417d9b,1,Sent a message
9b8814417d9b,2,Sent 2 or more messages
937ca5ee6fc9,0,Arrived
11df55ab8edf,0,Arrived
11df55ab8edf,1,Sent a message
11df55ab8edf,2,Sent 2 or more messages
e00f284b4d11,0,Arrived
ea679c40c481,0,Arrived
67b4ab111644,0,Arrived
67b4ab111644,1,Sent a message
f9dabca94541,0,Arrived
f9dabca94541,1,Sent a message
f9dabca94541,2,Sent 2 or more messages
481efc270120,0,Arrived
722cc432eeac,0,Arrived
722cc432eeac,1,Sent a message
722cc432eeac,2,Sent 2 or more messages
0fc6850ce612,0,Arrived
0fc6850ce612,1,Sent a message
0fc6850ce612,2,Sent 2 or more messages
4b71814a9e45,0,Arrived
4b71814a9e45,1,Sent a message
4b71814a9e45,2,Sent 2 or more messages
aecb2e9b7409,0,Arrived
aecb2e9b7409,1,Sent a message
aecb2e9b7409,2,Sent 2 or more messages
ec68f78b1ef2,0,Arrived
ec68f78b1ef2,1,Sent a message
ec68f78b1ef2,2,Sent 2 or more messages
9f690905e4e2,0,Arrived
9f690905e4e2,1,Sent a message
9f690905e4e2,2,Sent 2 or more messages
e26ac75b73cf,0,Arrived
e26ac75b73cf,1,Sent a message
e26ac75b73cf,2,Sent 2 or more messages
5356bf503569,0,Arrived
5356bf503569,1,Sent a message
5356bf503569,2,Sent 2 or more messages
5356bf503569,3,Sent 7 or more messages
2577c2e4cf9f,0,Arrived
2577c2e4cf9f,1,Sent a message
2577c2e4cf9f,2,Sent 2 or more messages
4f83816de195,0,Arrived
4f83816de195,1,Sent a message
4f83816de195,2,Sent 2 or more messages
4f83816de195,3,Sent 7 or more messages
e9351eb195d7,0,Arrived
e9351eb195d7,1,Sent a message
e9351eb195d7,2,Sent 2 or more messages
0c78f2aad5e5,0,Arrived
0c78f2aad5e5,1,Sent a message
0c78f2aad5e5,2,Sent 2 or more messages
565cc8ae2e12,0,Arrived
a0e6df251177,0,Arrived
7cf32354723f,0,Arrived
7cf32354723f,1,Sent a message
1e773803af74,0,Arrived
1e773803af74,1,Sent a message
1e773803af74,2,Sent 2 or more messages
5de099247cf3,0,Arrived
11ec968bc419,0,Arrived
baa48a021da1,0,Arrived
baa48a021da1,1,Sent a message
baa48a021da1,2,Sent 2 or more messages
3e8a49119be2,0,Arrived
3e8a49119be2,1,Sent a message
9fcefbf202de,0,Arrived
9fcefbf202de,1,Sent a message
9fcefbf202de,2,Sent 2 or more messages
611baf67346f,0,Arrived
611baf67346f,1,Sent a message
8db3a161dfe0,0,Arrived
8db3a161dfe0,1,Sent a message
8db3a161dfe0,2,Sent 2 or more messages
65344d4569b3,0,Arrived
65344d4569b3,1,Sent a message
65344d4569b3,2,Sent 2 or more messages
d9a9782ccb46,0,Arrived
d9a9782ccb46,1,Sent a message
d9a9782ccb46,2,Sent 2 or more messages
4376945e63f5,0,Arrived
84f907fe90b6,0,Arrived
84f907fe90b6,1,Sent a message
84f907fe90b6,2,Sent 2 or more messages
6a18d4161c22,0,Arrived
6a18d4161c22,1,Sent a message
6a18d4161c22,2,Sent 2 or more messages
dfb6813d4952,0,Arrived
dfb6813d4952,1,Sent a message
c4257bd16a3d,0,Arrived
c4257bd16a3d,1,Sent a message
c4257bd16a3d,2,Sent 2 or more messages
c4257bd16a3d,3,Sent 7 or more messages
6491eceed718,4,Answered the survey
25f72e684000,4,Answered the survey
90f9b9d9f534,4,Answered the survey
f35294957acf,4,Answered the survey
ebf63a1e9924,4,Answered the survey
41662a74fa3e,4,Answered the survey
0556605b2d5c,4,Answered the survey
21d253a16688,4,Answered the survey
719105037cd3,4,Answered the survey
24e2b3678d0d,4,Answered the survey
0a2869cfe664,4,Answered the survey
cf027211d091,4,Answered the survey
ec0808a120ca,4,Answered the survey
72481892be9f,4,Answered the survey
c5850b168b1b,4,Answered the survey
c70fc546cae1,4,Answered the survey
43f2bfa84b23,4,Answered the survey
d881a73f0891,4,Answered the survey
f11283a6845d,4,Answered the survey
92c04276b972,4,Answered the survey
c4b3d829b70c,4,Answered the survey
4c7490179e9b,4,Answered the survey
5af71ce15ba4,4,Answered the survey
58e3ec0e8efa,4,Answered the survey
bb33b846c2c5,4,Answered the survey
5a525086d92f,4,Answered the survey
06433e895ee5,4,Answered the survey
512018e4b670,4,Answered the survey
0a5b92f117c1,4,Answered the survey
5a37c2627cfe,4,Answered the survey
dd16a0f184e1,4,Answered the survey
1c6098ca81dd,4,Answered the survey
ebd77a80a358,4,Answered the survey
6c3f6488d293,4,Answered the survey
866fdeb1a0de,4,Answered the survey
3b7c53152a59,4,Answered the survey
38ca49bafc59,4,Answered the survey
626dfbcaff20,4,Answered the survey
ca80d27637a1,4,Answered the survey
a8bb402a432a,4,Answered the survey
cc43888d2b0f,4,Answered the survey
1a83a3c7f37a,4,Answered the survey
0af1b20e629c,4,Answered the survey
8e550e7fc89a,4,Answered the survey
dad67fee72e3,4,Answered the survey
c102a05bc7bd,4,Answered the survey
a59fcec78cc4,4,Answered the survey
6b9263923d4f,4,Answered the survey
6c99e1a0bd00,4,Answered the survey
e846935965c0,4,Answered the survey
4544c32a7977,4,Answered the survey
c779e342fd14,4,Answered the survey
481568c9e082,4,Answered the survey
e4bb3d69fa67,4,Answered the survey
eba15300ac71,4,Answered the survey
c87ec7e92f39,4,Answered the survey
4e549487225a,4,Answered the survey
5d68d7d36dbf,4,Answered the survey
42070e3f07d1,4,Answered the survey
a02ba6b93372,4,Answered the survey
4f524af45e30,4,Answered the survey
e0759bd92787,4,Answered the survey
5e4e11b7a1b0,4,Answered the survey
30d8ffd038d6,4,Answered the survey
07a493b2ddeb,4,Answered the survey
566014fe1472,4,Answered the survey
1e01c7d59f5c,4,Answered the survey
fcf527dbf6de,4,Answered the survey
e2c9eb5825cb,4,Answered the survey
c336a1971655,4,Answered the survey
e06423c70b3e,4,Answered the survey
2757dc3ce28d,4,Answered the survey
662f81114f99,4,Answered the survey
2984a7622736,4,Answered the survey
b2635e9a6a7f,4,Answered the survey
75c9dbc84410,4,Answered the survey
a14634aae815,4,Answered the survey
ef3c1dfce67c,4,Answered the survey
6c911cdfc79b,4,Answered the survey
d70599256661,4,Answered the survey
7d7d7dd617bf,4,Answered the survey
533f8aeb1f13,4,Answered the survey
bb994c5bd396,4,Answered the survey
18c313934434,4,Answered the survey
cf8a9ac2cbfb,4,Answered the survey
dfed16440fa7,4,Answered the survey
730e17119e5d,4,Answered the survey
67e2bbaedc66,4,Answered the survey
6a96577d2770,4,Answered the survey
f3266bd148e4,4,Answered the survey
995ce800305d,4,Answered the survey
7d9370b38112,4,Answered the survey
f8df33a0bed7,4,Answered the survey
58003bf0152d,4,Answered the survey
cfa7562d8642,4,Answered the survey
0b98d3009cee,4,Answered the survey
f19c866c9fd5,4,Answered the survey
5db00e51f03d,4,Answered the survey
178c78255064,4,Answered the survey
5e65b3f3ebf6,4,Answered the survey
96cae25a3eb7,4,Answered the survey
8d99fc65f5d8,4,Answered the survey
48e2f5351af7,4,Answered the survey
258089dc336d,4,Answered the survey
221fa9dcfc72,4,Answered the survey
a5dadd4e8d83,4,Answered the survey
3599f0b9b4e9,4,Answered the survey
5f86a3974516,4,Answered the survey
1195052a2705,4,Answered the survey
2f1d63920637,4,Answered the survey
702f81b87973,4,Answered the survey
adc62f73647f,4,Answered the survey
b05d491de4b3,4,Answered the survey
5616952a922d,4,Answered the survey
b259227734f4,4,Answered the survey
