user_id,instrument_version,stage_order,stage
2624c4c019ec,v1,0,registration started
2624c4c019ec,v1,1,registration completed
8f22a38fba39,v1,0,registration started
8f22a38fba39,v1,1,registration completed
8515b9337673,v1,0,registration started
8515b9337673,v1,1,registration completed
6650942ea6ea,v1,0,registration started
6650942ea6ea,v1,1,registration completed
8c55a7380118,v1,0,registration started
8c55a7380118,v1,1,registration completed
8f8014dd3ca2,v1,0,registration started
8f8014dd3ca2,v1,1,registration completed
782bc1dc9626,v1,0,registration started
782bc1dc9626,v1,1,registration completed
d198e5adc768,v1,0,registration started
d198e5adc768,v1,1,registration completed
c17649e72675,v1,0,registration started
c17649e72675,v1,1,registration completed
c4d5bca077ba,v1,0,registration started
c4d5bca077ba,v1,1,registration completed
a6642232899b,v1,0,registration started
a6642232899b,v1,1,registration completed
46030f16eeeb,v1,0,registration started
46030f16eeeb,v1,1,registration completed
02764a615e66,v1,0,registration started
02764a615e66,v1,1,registration completed
851cf3b82b01,v1,0,registration started
851cf3b82b01,v1,1,registration completed
2b0c382722d0,v1,0,registration started
2b0c382722d0,v1,1,registration completed
4a9224ec0d8e,v1,0,registration started
4a9224ec0d8e,v1,1,registration completed
1c4cccd51f1e,v1,0,registration started
1c4cccd51f1e,v1,1,registration completed
25f72e684000,v1,0,registration started
25f72e684000,v1,1,registration completed
6863d38c2d07,v1,0,registration started
6863d38c2d07,v1,1,registration completed
e80a36af12e5,v1,0,registration started
e80a36af12e5,v1,1,registration completed
bcb32a25466f,v1,0,registration started
bcb32a25466f,v1,1,registration completed
573843e5bd1e,v1,0,registration started
573843e5bd1e,v1,1,registration completed
a26eecc89b56,v1,0,registration started
a26eecc89b56,v1,1,registration completed
4c27be02ace9,v1,0,registration started
4c27be02ace9,v1,1,registration completed
a5a1de8d5d8f,v1,0,registration started
a5a1de8d5d8f,v1,1,registration completed
9c79fc78d797,v1,0,registration started
9c79fc78d797,v1,1,registration completed
bc23c504be66,v1,0,registration started
bc23c504be66,v1,1,registration completed
40cbebbd504b,v1,0,registration started
40cbebbd504b,v1,1,registration completed
0fb335dc5958,v1,0,registration started
0fb335dc5958,v1,1,registration completed
5804605991cf,v1,0,registration started
5804605991cf,v1,1,registration completed
8e5b3257d1da,v1,0,registration started
8e5b3257d1da,v1,1,registration completed
ebf63a1e9924,v1,0,registration started
ebf63a1e9924,v1,1,registration completed
67137155144d,v1,0,registration started
67137155144d,v1,1,registration completed
d34943bfdf8b,v1,0,registration started
d34943bfdf8b,v1,1,registration completed
f90a785a914c,v1,0,registration started
f90a785a914c,v1,1,registration completed
df79cf3d1d84,v1,0,registration started
df79cf3d1d84,v1,1,registration completed
cf1e2d9e5c95,v1,0,registration started
cf1e2d9e5c95,v1,1,registration completed
2be96f37218b,v1,0,registration started
2be96f37218b,v1,1,registration completed
7205b06dde9e,v1,0,registration started
7205b06dde9e,v1,1,registration completed
5cd4dbfb17c4,v1,0,registration started
5cd4dbfb17c4,v1,1,registration completed
691fe5ddb951,v1,0,registration started
691fe5ddb951,v1,1,registration completed
d3ddd0715e63,v1,0,registration started
d3ddd0715e63,v1,1,registration completed
923ea915bfb1,v1,0,registration started
923ea915bfb1,v1,1,registration completed
90f9b9d9f534,v1,0,registration started
90f9b9d9f534,v1,1,registration completed
f35294957acf,v1,0,registration started
f35294957acf,v1,1,registration completed
6491eceed718,v1,0,registration started
6491eceed718,v1,1,registration completed
e53901a426b6,v1,0,registration started
e53901a426b6,v1,1,registration completed
b742052b3783,v1,0,registration started
b742052b3783,v1,1,registration completed
acf5c6560459,v1,0,registration started
acf5c6560459,v1,1,registration completed
4b8af1d9e6e6,v1,0,registration started
4b8af1d9e6e6,v1,1,registration completed
4dbeb691b609,v1,0,registration started
4dbeb691b609,v1,1,registration completed
58bd15dd3b17,v1,0,registration started
58bd15dd3b17,v1,1,registration completed
0556605b2d5c,v1,0,registration started
0556605b2d5c,v1,1,registration completed
970c5e6500df,v1,0,registration started
970c5e6500df,v1,1,registration completed
456b1a830844,v1,0,registration started
456b1a830844,v1,1,registration completed
c30ddc5d3f63,v1,0,registration started
c30ddc5d3f63,v1,1,registration completed
41662a74fa3e,v1,0,registration started
41662a74fa3e,v1,1,registration completed
aa5cfb011785,v1,0,registration started
aa5cfb011785,v1,1,registration completed
07fdee5981cb,v1,0,registration started
07fdee5981cb,v1,1,registration completed
618f68ebe821,v1,0,registration started
618f68ebe821,v1,1,registration completed
baeaf1552f27,v1,0,registration started
baeaf1552f27,v1,1,registration completed
ae3786c10d54,v1,0,registration started
ae3786c10d54,v1,1,registration completed
f2d9ee2f480b,v1,0,registration started
f2d9ee2f480b,v1,1,registration completed
719105037cd3,v1,0,registration started
719105037cd3,v1,1,registration completed
205f6c912237,v1,0,registration started
205f6c912237,v1,1,registration completed
50fdccfb1891,v1,0,registration started
50fdccfb1891,v1,1,registration completed
33d504e8d4d9,v1,0,registration started
33d504e8d4d9,v1,1,registration completed
a2e7a4a72fef,v1,0,registration started
a2e7a4a72fef,v1,1,registration completed
cc350246cf6e,v1,0,registration started
cc350246cf6e,v1,1,registration completed
41662a74fa3e,v1,0,registration started
41662a74fa3e,v1,1,registration completed
0556605b2d5c,v1,0,registration started
0556605b2d5c,v1,1,registration completed
32fdecd17449,v1,0,registration started
32fdecd17449,v1,1,registration completed
591ef6450265,v1,0,registration started
591ef6450265,v1,1,registration completed
c0ebc8b6e977,v1,0,registration started
c0ebc8b6e977,v1,1,registration completed
11e3b5c0ff75,v1,0,registration started
11e3b5c0ff75,v1,1,registration completed
4462fcbb3406,v1,0,registration started
4462fcbb3406,v1,1,registration completed
f8df33a0bed7,v1,0,registration started
f8df33a0bed7,v1,1,registration completed
ad0d0436a635,v1,0,registration started
ad0d0436a635,v1,1,registration completed
9ec54a2a09b9,v1,0,registration started
9ec54a2a09b9,v1,1,registration completed
a741d3529eec,v1,0,registration started
a741d3529eec,v1,1,registration completed
b4ee5ceb484c,v1,0,registration started
b4ee5ceb484c,v1,1,registration completed
f551cd0b668e,v1,0,registration started
f551cd0b668e,v1,1,registration completed
d1ca95b614c6,v1,0,registration started
d1ca95b614c6,v1,1,registration completed
50609b181614,v1,0,registration started
50609b181614,v1,1,registration completed
c70fc546cae1,v1,0,registration started
c70fc546cae1,v1,1,registration completed
26c37c7c3dcf,v1,0,registration started
26c37c7c3dcf,v1,1,registration completed
e1e54a1ff1f5,v1,0,registration started
e1e54a1ff1f5,v1,1,registration completed
bd72935f5518,v1,0,registration started
bd72935f5518,v1,1,registration completed
24e2b3678d0d,v1,0,registration started
24e2b3678d0d,v1,1,registration completed
7f5783a9735d,v1,0,registration started
7f5783a9735d,v1,1,registration completed
21d253a16688,v1,0,registration started
21d253a16688,v1,1,registration completed
6695107cea34,v1,0,registration started
6695107cea34,v1,1,registration completed
f9c69cf01445,v1,0,registration started
f9c69cf01445,v1,1,registration completed
4c5d5996085f,v1,0,registration started
4c5d5996085f,v1,1,registration completed
def3e194afc8,v1,0,registration started
def3e194afc8,v1,1,registration completed
0a2869cfe664,v1,0,registration started
0a2869cfe664,v1,1,registration completed
9fc2d4ba36e4,v1,0,registration started
9fc2d4ba36e4,v1,1,registration completed
f4b1d91c8719,v1,0,registration started
f4b1d91c8719,v1,1,registration completed
4dc5923f9d21,v1,0,registration started
4dc5923f9d21,v1,1,registration completed
b71b48b68419,v1,0,registration started
b71b48b68419,v1,1,registration completed
046a939f1579,v1,0,registration started
046a939f1579,v1,1,registration completed
16dd8b39b4ea,v1,0,registration started
16dd8b39b4ea,v1,1,registration completed
d3b7d49f9133,v1,0,registration started
d3b7d49f9133,v1,1,registration completed
43f2bfa84b23,v1,0,registration started
43f2bfa84b23,v1,1,registration completed
9495fff13123,v1,0,registration started
9495fff13123,v1,1,registration completed
1209a0c44415,v1,0,registration started
1209a0c44415,v1,1,registration completed
6a69fced0269,v1,0,registration started
6a69fced0269,v1,1,registration completed
e9900c755cc8,v1,0,registration started
e9900c755cc8,v1,1,registration completed
1e01c7d59f5c,v1,0,registration started
1e01c7d59f5c,v1,1,registration completed
771f85a17fcb,v1,0,registration started
771f85a17fcb,v1,1,registration completed
e719d43df055,v1,0,registration started
e719d43df055,v1,1,registration completed
730e17119e5d,v1,0,registration started
730e17119e5d,v1,1,registration completed
204861de9f07,v1,0,registration started
204861de9f07,v1,1,registration completed
24e2b3678d0d,v1,0,registration started
24e2b3678d0d,v1,1,registration completed
932b8454df7d,v1,0,registration started
932b8454df7d,v1,1,registration completed
e6f409ef9b75,v1,0,registration started
e6f409ef9b75,v1,1,registration completed
3405af2b0ae0,v1,0,registration started
3405af2b0ae0,v1,1,registration completed
c779e342fd14,v1,0,registration started
c779e342fd14,v1,1,registration completed
2d0025fbee46,v1,0,registration started
2d0025fbee46,v1,1,registration completed
406b3e9a1228,v1,0,registration started
406b3e9a1228,v1,1,registration completed
8a74e17e6243,v1,0,registration started
8a74e17e6243,v1,1,registration completed
e5edc9cb3a93,v1,0,registration started
e5edc9cb3a93,v1,1,registration completed
bc1dee482f04,v1,0,registration started
bc1dee482f04,v1,1,registration completed
ec1a34a77cca,v1,0,registration started
ec1a34a77cca,v1,1,registration completed
a5b1e565a5b6,v1,0,registration started
a5b1e565a5b6,v1,1,registration completed
f8df33a0bed7,v1,0,registration started
f8df33a0bed7,v1,1,registration completed
5cb012353434,v1,0,registration started
5cb012353434,v1,1,registration completed
0809661b0bc4,v1,0,registration started
0809661b0bc4,v1,1,registration completed
cf027211d091,v1,0,registration started
cf027211d091,v1,1,registration completed
d7dd07913041,v1,0,registration started
d7dd07913041,v1,1,registration completed
88d62e8e059f,v1,0,registration started
88d62e8e059f,v1,1,registration completed
77aaa1392818,v1,0,registration started
77aaa1392818,v1,1,registration completed
057777824af7,v1,0,registration started
057777824af7,v1,1,registration completed
0a19abe64c8f,v1,0,registration started
0a19abe64c8f,v1,1,registration completed
685101263c25,v1,0,registration started
685101263c25,v1,1,registration completed
ae274c7b9001,v1,0,registration started
ae274c7b9001,v1,1,registration completed
72481892be9f,v1,0,registration started
72481892be9f,v1,1,registration completed
4d0d805f41f7,v1,0,registration started
4d0d805f41f7,v1,1,registration completed
ec0808a120ca,v1,0,registration started
ec0808a120ca,v1,1,registration completed
1848f211e243,v1,0,registration started
1848f211e243,v1,1,registration completed
b411ca13f4a1,v1,0,registration started
b411ca13f4a1,v1,1,registration completed
11d359d29a07,v1,0,registration started
11d359d29a07,v1,1,registration completed
5858420214d9,v1,0,registration started
5858420214d9,v1,1,registration completed
6b65c7c3b3ef,v1,0,registration started
6b65c7c3b3ef,v1,1,registration completed
ab8260e04552,v1,0,registration started
ab8260e04552,v1,1,registration completed
ebd77a80a358,v1,0,registration started
ebd77a80a358,v1,1,registration completed
7ff12400b9f6,v1,0,registration started
7ff12400b9f6,v1,1,registration completed
fd66527a6032,v1,0,registration started
fd66527a6032,v1,1,registration completed
c07a41679f4b,v1,0,registration started
c07a41679f4b,v1,1,registration completed
106f48ba07b7,v1,0,registration started
106f48ba07b7,v1,1,registration completed
32be206e53e4,v1,0,registration started
32be206e53e4,v1,1,registration completed
40909d385fd7,v1,0,registration started
40909d385fd7,v1,1,registration completed
cafa8a84785e,v1,0,registration started
cafa8a84785e,v1,1,registration completed
7db0f19f99c4,v1,0,registration started
7db0f19f99c4,v1,1,registration completed
f61075c58c43,v1,0,registration started
f61075c58c43,v1,1,registration completed
9d13da642c1d,v1,0,registration started
9d13da642c1d,v1,1,registration completed
a3ac0cb9e730,v1,0,registration started
a3ac0cb9e730,v1,1,registration completed
e7a36fffd249,v1,0,registration started
e7a36fffd249,v1,1,registration completed
0af1b20e629c,v1,0,registration started
0af1b20e629c,v1,1,registration completed
6935b7fc6aef,v1,0,registration started
6935b7fc6aef,v1,1,registration completed
ee9d47c348b7,v1,0,registration started
ee9d47c348b7,v1,1,registration completed
af2bff13e52d,v1,0,registration started
af2bff13e52d,v1,1,registration completed
0b98d3009cee,v1,0,registration started
0b98d3009cee,v1,1,registration completed
aee16c067335,v1,0,registration started
aee16c067335,v1,1,registration completed
598560d91722,v1,0,registration started
598560d91722,v1,1,registration completed
d881a73f0891,v1,0,registration started
d881a73f0891,v1,1,registration completed
6921ec0847ed,v1,0,registration started
6921ec0847ed,v1,1,registration completed
c5850b168b1b,v1,0,registration started
c5850b168b1b,v1,1,registration completed
753a1bd5c882,v1,0,registration started
753a1bd5c882,v1,1,registration completed
360b473dd1ec,v1,0,registration started
360b473dd1ec,v1,1,registration completed
5ea0c636563a,v1,0,registration started
5ea0c636563a,v1,1,registration completed
e1e56ec111f7,v1,0,registration started
e1e56ec111f7,v1,1,registration completed
7d9e9ebb75e8,v1,0,registration started
7d9e9ebb75e8,v1,1,registration completed
276a55f67a77,v1,0,registration started
276a55f67a77,v1,1,registration completed
90b569f486eb,v1,0,registration started
90b569f486eb,v1,1,registration completed
0acb321354fe,v1,0,registration started
0acb321354fe,v1,1,registration completed
2984a7622736,v1,0,registration started
2984a7622736,v1,1,registration completed
17c22ca81d52,v1,0,registration started
17c22ca81d52,v1,1,registration completed
7b41c71f72b3,v1,0,registration started
7b41c71f72b3,v1,1,registration completed
f4f453dc0b6d,v1,0,registration started
f4f453dc0b6d,v1,1,registration completed
0014ad7a21e3,v1,0,registration started
0014ad7a21e3,v1,1,registration completed
9d8a3f92a7aa,v1,0,registration started
9d8a3f92a7aa,v1,1,registration completed
680eb65432dc,v1,0,registration started
680eb65432dc,v1,1,registration completed
2a7c52a956d9,v1,0,registration started
2a7c52a956d9,v1,1,registration completed
c70fc546cae1,v1,0,registration started
c70fc546cae1,v1,1,registration completed
7a0081c16d9f,v1,0,registration started
7a0081c16d9f,v1,1,registration completed
fb0e60c91527,v1,0,registration started
fb0e60c91527,v1,1,registration completed
17db1913fc63,v1,0,registration started
17db1913fc63,v1,1,registration completed
6046a01863f9,v1,0,registration started
6046a01863f9,v1,1,registration completed
242d9ac9e268,v1,0,registration started
242d9ac9e268,v1,1,registration completed
6091610a4330,v1,0,registration started
6091610a4330,v1,1,registration completed
309d5f4bdad6,v1,0,registration started
309d5f4bdad6,v1,1,registration completed
1fa40aefa1ca,v1,0,registration started
1fa40aefa1ca,v1,1,registration completed
d90b2bb09217,v1,0,registration started
d90b2bb09217,v1,1,registration completed
eb4807a8774d,v1,0,registration started
eb4807a8774d,v1,1,registration completed
9073c17379d1,v1,0,registration started
9073c17379d1,v1,1,registration completed
613314d063bd,v1,0,registration started
613314d063bd,v1,1,registration completed
5f8aae4275b4,v1,0,registration started
5f8aae4275b4,v1,1,registration completed
b141a6d1398e,v1,0,registration started
b141a6d1398e,v1,1,registration completed
342ad1d06b28,v1,0,registration started
342ad1d06b28,v1,1,registration completed
864848d53820,v1,0,registration started
864848d53820,v1,1,registration completed
4c7490179e9b,v1,0,registration started
4c7490179e9b,v1,1,registration completed
1a83a3c7f37a,v1,0,registration started
1a83a3c7f37a,v1,1,registration completed
8cc3e6296d4b,v1,0,registration started
8cc3e6296d4b,v1,1,registration completed
a3974ac773a5,v1,0,registration started
a3974ac773a5,v1,1,registration completed
dbe581eaf411,v1,0,registration started
dbe581eaf411,v1,1,registration completed
176ac8a2f9fb,v1,0,registration started
176ac8a2f9fb,v1,1,registration completed
f6ffa029142b,v1,0,registration started
f6ffa029142b,v1,1,registration completed
25c717fcfcf0,v1,0,registration started
25c717fcfcf0,v1,1,registration completed
befd38dd27f0,v1,0,registration started
befd38dd27f0,v1,1,registration completed
db6e189427d5,v1,0,registration started
db6e189427d5,v1,1,registration completed
abc4a73d789d,v1,0,registration started
abc4a73d789d,v1,1,registration completed
bae2bd10c40f,v1,0,registration started
bae2bd10c40f,v1,1,registration completed
874ab9c8c13c,v1,0,registration started
874ab9c8c13c,v1,1,registration completed
4eed8489d04f,v1,0,registration started
4eed8489d04f,v1,1,registration completed
ed4f4f6f3045,v1,0,registration started
ed4f4f6f3045,v1,1,registration completed
01a55f6e2bfc,v1,0,registration started
01a55f6e2bfc,v1,1,registration completed
4d1089abd65a,v1,0,registration started
4d1089abd65a,v1,1,registration completed
58e3ec0e8efa,v1,0,registration started
58e3ec0e8efa,v1,1,registration completed
548d34245649,v1,0,registration started
548d34245649,v1,1,registration completed
aafc94db1e25,v1,0,registration started
aafc94db1e25,v1,1,registration completed
061eed24d599,v1,0,registration started
061eed24d599,v1,1,registration completed
267d167f5c8d,v1,0,registration started
267d167f5c8d,v1,1,registration completed
13a0b790d57c,v1,0,registration started
13a0b790d57c,v1,1,registration completed
3b182d800abd,v1,0,registration started
3b182d800abd,v1,1,registration completed
7e6d7186811b,v1,0,registration started
7e6d7186811b,v1,1,registration completed
7d102248f6ed,v1,0,registration started
7d102248f6ed,v1,1,registration completed
0216c17c32b9,v1,0,registration started
0216c17c32b9,v1,1,registration completed
70c15978d565,v1,0,registration started
70c15978d565,v1,1,registration completed
e1d352c8b6dc,v1,0,registration started
e1d352c8b6dc,v1,1,registration completed
d881a73f0891,v1,0,registration started
d881a73f0891,v1,1,registration completed
434494785677,v1,0,registration started
434494785677,v1,1,registration completed
7a1cfeff21d5,v1,0,registration started
7a1cfeff21d5,v1,1,registration completed
4799299fa12d,v1,0,registration started
4799299fa12d,v1,1,registration completed
07dc6748f76d,v1,0,registration started
07dc6748f76d,v1,1,registration completed
87f5ad4d1e03,v1,0,registration started
87f5ad4d1e03,v1,1,registration completed
5044f351c01f,v1,0,registration started
5044f351c01f,v1,1,registration completed
3935544d11dc,v1,0,registration started
3935544d11dc,v1,1,registration completed
88e3815baa87,v1,0,registration started
88e3815baa87,v1,1,registration completed
2eebe3247bca,v1,0,registration started
2eebe3247bca,v1,1,registration completed
622409064ef4,v1,0,registration started
622409064ef4,v1,1,registration completed
f98279ef0fbb,v1,0,registration started
f98279ef0fbb,v1,1,registration completed
565848d424b6,v1,0,registration started
565848d424b6,v1,1,registration completed
d395c2b6bb31,v1,0,registration started
d395c2b6bb31,v1,1,registration completed
f11283a6845d,v1,0,registration started
f11283a6845d,v1,1,registration completed
c4b3d829b70c,v1,0,registration started
c4b3d829b70c,v1,1,registration completed
0d1a2ab1cda3,v1,0,registration started
0d1a2ab1cda3,v1,1,registration completed
1c6098ca81dd,v1,0,registration started
1c6098ca81dd,v1,1,registration completed
9d06a9320c10,v1,0,registration started
9d06a9320c10,v1,1,registration completed
0c2e8dcba2eb,v1,0,registration started
0c2e8dcba2eb,v1,1,registration completed
7f6183ceb4db,v1,0,registration started
7f6183ceb4db,v1,1,registration completed
6009b77e7f5b,v1,0,registration started
6009b77e7f5b,v1,1,registration completed
486f594ec494,v1,0,registration started
486f594ec494,v1,1,registration completed
6c9cb7899305,v1,0,registration started
6c9cb7899305,v1,1,registration completed
33d15dadcc97,v1,0,registration started
33d15dadcc97,v1,1,registration completed
f483ae131fa8,v1,0,registration started
f483ae131fa8,v1,1,registration completed
e900ff1f2554,v1,0,registration started
e900ff1f2554,v1,1,registration completed
f4ea24417e86,v1,0,registration started
f4ea24417e86,v1,1,registration completed
ecc635d4b0e2,v1,0,registration started
ecc635d4b0e2,v1,1,registration completed
3fc23677ed59,v1,0,registration started
3fc23677ed59,v1,1,registration completed
9f55b7f98d0c,v1,0,registration started
9f55b7f98d0c,v1,1,registration completed
38ca49bafc59,v1,0,registration started
38ca49bafc59,v1,1,registration completed
f655c3640a9c,v1,0,registration started
f655c3640a9c,v1,1,registration completed
91098e83c5d9,v1,0,registration started
91098e83c5d9,v1,1,registration completed
3d3b0981d2f7,v1,0,registration started
3d3b0981d2f7,v1,1,registration completed
5f3b1a98a0c9,v1,0,registration started
5f3b1a98a0c9,v1,1,registration completed
9802841c02ed,v1,0,registration started
9802841c02ed,v1,1,registration completed
566014fe1472,v1,0,registration started
566014fe1472,v1,1,registration completed
8cadaabfc46b,v1,0,registration started
8cadaabfc46b,v1,1,registration completed
d2b935343ccf,v1,0,registration started
d2b935343ccf,v1,1,registration completed
c57891ad82ed,v1,0,registration started
c57891ad82ed,v1,1,registration completed
7eb0525767e1,v1,0,registration started
7eb0525767e1,v1,1,registration completed
f8915ce811fa,v1,0,registration started
f8915ce811fa,v1,1,registration completed
924d9c35fc08,v1,0,registration started
924d9c35fc08,v1,1,registration completed
29d93a2f169e,v1,0,registration started
29d93a2f169e,v1,1,registration completed
157aec2253fd,v1,0,registration started
157aec2253fd,v1,1,registration completed
b214fc588e5a,v1,0,registration started
b214fc588e5a,v1,1,registration completed
de1ded63645a,v1,0,registration started
de1ded63645a,v1,1,registration completed
c37c0528b4bd,v1,0,registration started
c37c0528b4bd,v1,1,registration completed
67bc1b1311b4,v1,0,registration started
67bc1b1311b4,v1,1,registration completed
839f912ebc05,v1,0,registration started
839f912ebc05,v1,1,registration completed
6729a0cd9307,v1,0,registration started
6729a0cd9307,v1,1,registration completed
c24b23e10ab0,v1,0,registration started
c24b23e10ab0,v1,1,registration completed
de4012f900cf,v1,0,registration started
de4012f900cf,v1,1,registration completed
01e874a94ef6,v1,0,registration started
01e874a94ef6,v1,1,registration completed
8adfd0f355e9,v1,0,registration started
8adfd0f355e9,v1,1,registration completed
faaca385eab7,v1,0,registration started
faaca385eab7,v1,1,registration completed
c1d4b4c60b81,v1,0,registration started
c1d4b4c60b81,v1,1,registration completed
e1f13dfde3bc,v1,0,registration started
e1f13dfde3bc,v1,1,registration completed
6cf9e8114e66,v1,0,registration started
6cf9e8114e66,v1,1,registration completed
a1115850bcb8,v1,0,registration started
a1115850bcb8,v1,1,registration completed
af73974dfb5f,v1,0,registration started
af73974dfb5f,v1,1,registration completed
877f45c963ca,v1,0,registration started
877f45c963ca,v1,1,registration completed
10bbd378898e,v1,0,registration started
10bbd378898e,v1,1,registration completed
7d7d7dd617bf,v1,0,registration started
7d7d7dd617bf,v1,1,registration completed
58f58e00440b,v1,0,registration started
58f58e00440b,v1,1,registration completed
0728fbb71e81,v1,0,registration started
0728fbb71e81,v1,1,registration completed
2ef4b05fa3e4,v1,0,registration started
2ef4b05fa3e4,v1,1,registration completed
bb33b846c2c5,v1,0,registration started
bb33b846c2c5,v1,1,registration completed
5f7ccd4c3ba5,v1,0,registration started
5f7ccd4c3ba5,v1,1,registration completed
0a5b92f117c1,v1,0,registration started
0a5b92f117c1,v1,1,registration completed
cc44be011fc8,v1,0,registration started
cc44be011fc8,v1,1,registration completed
382c0027e143,v1,0,registration started
382c0027e143,v1,1,registration completed
221fa9dcfc72,v1,0,registration started
221fa9dcfc72,v1,1,registration completed
02a905d8ae15,v1,0,registration started
02a905d8ae15,v1,1,registration completed
963a564234a7,v1,0,registration started
963a564234a7,v1,1,registration completed
46f5acd38250,v1,0,registration started
46f5acd38250,v1,1,registration completed
9c6992dafeae,v1,0,registration started
9c6992dafeae,v1,1,registration completed
38b67f491e68,v1,0,registration started
38b67f491e68,v1,1,registration completed
0720077ff117,v1,0,registration started
0720077ff117,v1,1,registration completed
a2dc998af660,v1,0,registration started
a2dc998af660,v1,1,registration completed
5a525086d92f,v1,0,registration started
5a525086d92f,v1,1,registration completed
c102a05bc7bd,v1,0,registration started
c102a05bc7bd,v1,1,registration completed
7ca5b1d9e37f,v1,0,registration started
7ca5b1d9e37f,v1,1,registration completed
ad2009457cac,v1,0,registration started
ad2009457cac,v1,1,registration completed
ecfe90bb1876,v1,0,registration started
ecfe90bb1876,v1,1,registration completed
6c99e1a0bd00,v1,0,registration started
6c99e1a0bd00,v1,1,registration completed
e685b0c1941c,v1,0,registration started
e685b0c1941c,v1,1,registration completed
2245d475c707,v1,0,registration started
2245d475c707,v1,1,registration completed
c1c4a8254e3e,v1,0,registration started
c1c4a8254e3e,v1,1,registration completed
e846935965c0,v1,0,registration started
e846935965c0,v1,1,registration completed
ca554e8748d9,v1,0,registration started
ca554e8748d9,v1,1,registration completed
5c9ef20917c1,v1,0,registration started
5c9ef20917c1,v1,1,registration completed
9b97805bcedb,v1,0,registration started
9b97805bcedb,v1,1,registration completed
65d0ed23a3a4,v1,0,registration started
65d0ed23a3a4,v1,1,registration completed
1b5222e497bf,v1,0,registration started
1b5222e497bf,v1,1,registration completed
2ad1d2577df4,v1,0,registration started
2ad1d2577df4,v1,1,registration completed
4544c32a7977,v1,0,registration started
4544c32a7977,v1,1,registration completed
92c906ae713f,v1,0,registration started
92c906ae713f,v1,1,registration completed
b094ff31751a,v1,0,registration started
b094ff31751a,v1,1,registration completed
f088ab89ff01,v1,0,registration started
f088ab89ff01,v1,1,registration completed
7298a75fed0e,v1,0,registration started
7298a75fed0e,v1,1,registration completed
7cd7675ea731,v1,0,registration started
7cd7675ea731,v1,1,registration completed
16a465fda40c,v1,0,registration started
16a465fda40c,v1,1,registration completed
ff48f45207bd,v1,0,registration started
ff48f45207bd,v1,1,registration completed
6e228243d03f,v1,0,registration started
6e228243d03f,v1,1,registration completed
7952b8c1a3a5,v1,0,registration started
7952b8c1a3a5,v1,1,registration completed
9cd63af1ae81,v1,0,registration started
9cd63af1ae81,v1,1,registration completed
512018e4b670,v1,0,registration started
512018e4b670,v1,1,registration completed
1de87f03b7cb,v1,0,registration started
1de87f03b7cb,v1,1,registration completed
5af71ce15ba4,v1,0,registration started
5af71ce15ba4,v1,1,registration completed
f6195c2e45a8,v1,0,registration started
f6195c2e45a8,v1,1,registration completed
b6447f6aca25,v1,0,registration started
b6447f6aca25,v1,1,registration completed
0e4de81613cf,v1,0,registration started
0e4de81613cf,v1,1,registration completed
7646c844148c,v1,0,registration started
7646c844148c,v1,1,registration completed
d4b0a5904697,v1,0,registration started
d4b0a5904697,v1,1,registration completed
5969c82a3eb7,v1,0,registration started
5969c82a3eb7,v1,1,registration completed
898bdb72ffa7,v1,0,registration started
898bdb72ffa7,v1,1,registration completed
a2818f285f14,v1,0,registration started
a2818f285f14,v1,1,registration completed
9293ff00b6ee,v1,0,registration started
9293ff00b6ee,v1,1,registration completed
5a37c2627cfe,v1,0,registration started
5a37c2627cfe,v1,1,registration completed
9c7a3cc59688,v1,0,registration started
9c7a3cc59688,v1,1,registration completed
6e8817a099fc,v1,0,registration started
6e8817a099fc,v1,1,registration completed
6b9263923d4f,v1,0,registration started
6b9263923d4f,v1,1,registration completed
06433e895ee5,v1,0,registration started
06433e895ee5,v1,1,registration completed
bebf0fad32f7,v1,0,registration started
bebf0fad32f7,v1,1,registration completed
533f8aeb1f13,v1,0,registration started
533f8aeb1f13,v1,1,registration completed
e9c7c306fde3,v1,0,registration started
e9c7c306fde3,v1,1,registration completed
db2f6c12f2ac,v1,0,registration started
db2f6c12f2ac,v1,1,registration completed
3b8d0cd08fe2,v1,0,registration started
3b8d0cd08fe2,v1,1,registration completed
0d79522d75ab,v1,0,registration started
0d79522d75ab,v1,1,registration completed
afd7d41bb0db,v1,0,registration started
afd7d41bb0db,v1,1,registration completed
f8df33a0bed7,v1,0,registration started
f8df33a0bed7,v1,1,registration completed
2bda216ee06e,v1,0,registration started
2bda216ee06e,v1,1,registration completed
b0e5890f08d5,v1,0,registration started
b0e5890f08d5,v1,1,registration completed
93ec90685c9f,v1,0,registration started
93ec90685c9f,v1,1,registration completed
f9cf071cedbb,v1,0,registration started
f9cf071cedbb,v1,1,registration completed
b2b053c989b4,v1,0,registration started
b2b053c989b4,v1,1,registration completed
69fe1235d290,v1,0,registration started
69fe1235d290,v1,1,registration completed
42070e3f07d1,v1,0,registration started
42070e3f07d1,v1,1,registration completed
2b3c5d49d7e6,v1,0,registration started
2b3c5d49d7e6,v1,1,registration completed
6881c4372f8a,v1,0,registration started
6881c4372f8a,v1,1,registration completed
4865387f4d2b,v1,0,registration started
4865387f4d2b,v1,1,registration completed
315b46fd8fac,v1,0,registration started
315b46fd8fac,v1,1,registration completed
a5c1cc164391,v1,0,registration started
a5c1cc164391,v1,1,registration completed
0b98d3009cee,v1,0,registration started
0b98d3009cee,v1,1,registration completed
71937764deb6,v1,0,registration started
71937764deb6,v1,1,registration completed
f21321abd593,v1,0,registration started
f21321abd593,v1,1,registration completed
75c9dbc84410,v1,0,registration started
75c9dbc84410,v1,1,registration completed
5eb579d50f61,v1,0,registration started
5eb579d50f61,v1,1,registration completed
e1ada0b3526e,v1,0,registration started
e1ada0b3526e,v1,1,registration completed
b7d2163f0f3d,v1,0,registration started
b7d2163f0f3d,v1,1,registration completed
5fe4874309e2,v1,0,registration started
5fe4874309e2,v1,1,registration completed
bef69be61162,v1,0,registration started
bef69be61162,v1,1,registration completed
4bb8ce99c5fd,v1,0,registration started
4bb8ce99c5fd,v1,1,registration completed
ecbabc3cee0c,v1,0,registration started
ecbabc3cee0c,v1,1,registration completed
dd16a0f184e1,v1,0,registration started
dd16a0f184e1,v1,1,registration completed
a59fcec78cc4,v1,0,registration started
a59fcec78cc4,v1,1,registration completed
80448aa9421f,v1,0,registration started
80448aa9421f,v1,1,registration completed
459d7e890352,v1,0,registration started
459d7e890352,v1,1,registration completed
da7d3bcb70fb,v1,0,registration started
da7d3bcb70fb,v1,1,registration completed
2c894b94435f,v1,0,registration started
2c894b94435f,v1,1,registration completed
6c3f6488d293,v1,0,registration started
6c3f6488d293,v1,1,registration completed
f6f7def545ce,v1,0,registration started
f6f7def545ce,v1,1,registration completed
e908b895cfdc,v1,0,registration started
e908b895cfdc,v1,1,registration completed
f5863c04b88e,v1,0,registration started
f5863c04b88e,v1,1,registration completed
f5a245a65843,v1,0,registration started
f5a245a65843,v1,1,registration completed
9282aea69349,v1,0,registration started
9282aea69349,v1,1,registration completed
fe9ae764a26c,v1,0,registration started
fe9ae764a26c,v1,1,registration completed
2b4cbbc49e4e,v1,0,registration started
2b4cbbc49e4e,v1,1,registration completed
4e549487225a,v1,0,registration started
4e549487225a,v1,1,registration completed
10403265a7b9,v1,0,registration started
10403265a7b9,v1,1,registration completed
533f8aeb1f13,v1,0,registration started
533f8aeb1f13,v1,1,registration completed
eecee4198c0f,v1,0,registration started
eecee4198c0f,v1,1,registration completed
dbe2e350f093,v1,0,registration started
dbe2e350f093,v1,1,registration completed
bef4069fd2da,v1,0,registration started
bef4069fd2da,v1,1,registration completed
bb33b846c2c5,v1,0,registration started
bb33b846c2c5,v1,1,registration completed
40796bc37a12,v1,0,registration started
40796bc37a12,v1,1,registration completed
96bf8e4f69fa,v1,0,registration started
96bf8e4f69fa,v1,1,registration completed
f17def181492,v1,0,registration started
f17def181492,v1,1,registration completed
90eb8eb3336a,v1,0,registration started
90eb8eb3336a,v1,1,registration completed
7217147bd0ff,v1,0,registration started
7217147bd0ff,v1,1,registration completed
2b53dd383709,v1,0,registration started
2b53dd383709,v1,1,registration completed
f8fb272d309f,v1,0,registration started
f8fb272d309f,v1,1,registration completed
5f587b32486e,v1,0,registration started
5f587b32486e,v1,1,registration completed
a9082d58a6cb,v1,0,registration started
a9082d58a6cb,v1,1,registration completed
1d9d9f68d199,v1,0,registration started
1d9d9f68d199,v1,1,registration completed
3ef43e2b6b24,v1,0,registration started
3ef43e2b6b24,v1,1,registration completed
ad94b6ca4670,v1,0,registration started
ad94b6ca4670,v1,1,registration completed
0cd045787ad8,v1,0,registration started
0cd045787ad8,v1,1,registration completed
fbacd5d9fac6,v1,0,registration started
fbacd5d9fac6,v1,1,registration completed
adc62f73647f,v1,0,registration started
adc62f73647f,v1,1,registration completed
5a525086d92f,v1,0,registration started
5a525086d92f,v1,1,registration completed
cf7ef4f07578,v1,0,registration started
cf7ef4f07578,v1,1,registration completed
817b33c4e195,v1,0,registration started
817b33c4e195,v1,1,registration completed
566065ba27e3,v1,0,registration started
566065ba27e3,v1,1,registration completed
e6181d811dab,v1,0,registration started
e6181d811dab,v1,1,registration completed
453801c9089a,v1,0,registration started
453801c9089a,v1,1,registration completed
c32ff785b9e9,v1,0,registration started
c32ff785b9e9,v1,1,registration completed
02a47b073bb0,v1,0,registration started
02a47b073bb0,v1,1,registration completed
ea19a9b97add,v1,0,registration started
ea19a9b97add,v1,1,registration completed
b1c6ff87f7cd,v1,0,registration started
b1c6ff87f7cd,v1,1,registration completed
0bd2b552813a,v1,0,registration started
0bd2b552813a,v1,1,registration completed
9d7b24a63bc5,v1,0,registration started
9d7b24a63bc5,v1,1,registration completed
51e28189c9d0,v1,0,registration started
51e28189c9d0,v1,1,registration completed
e54fd550f83a,v1,0,registration started
e54fd550f83a,v1,1,registration completed
e86a9cdef117,v1,0,registration started
e86a9cdef117,v1,1,registration completed
f9e1e99d614e,v1,0,registration started
f9e1e99d614e,v1,1,registration completed
1b62f7b2e3ab,v1,0,registration started
1b62f7b2e3ab,v1,1,registration completed
4ebb7f683407,v1,0,registration started
4ebb7f683407,v1,1,registration completed
edec792c9b50,v1,0,registration started
edec792c9b50,v1,1,registration completed
6cbe5937faf9,v1,0,registration started
6cbe5937faf9,v1,1,registration completed
7cbabccbbd74,v1,0,registration started
7cbabccbbd74,v1,1,registration completed
6439f990b011,v1,0,registration started
6439f990b011,v1,1,registration completed
9a9909a709cd,v1,0,registration started
9a9909a709cd,v1,1,registration completed
24abe8cb3a7d,v1,0,registration started
24abe8cb3a7d,v1,1,registration completed
a91744e541a0,v1,0,registration started
a91744e541a0,v1,1,registration completed
0a9de4272ae0,v1,0,registration started
0a9de4272ae0,v1,1,registration completed
37dbdecc155d,v1,0,registration started
37dbdecc155d,v1,1,registration completed
f696796581e3,v1,0,registration started
f696796581e3,v1,1,registration completed
13d370beb64b,v1,0,registration started
13d370beb64b,v1,1,registration completed
194c0b66d618,v1,0,registration started
194c0b66d618,v1,1,registration completed
c9ea75e2113a,v1,0,registration started
c9ea75e2113a,v1,1,registration completed
24210d0ef3a3,v1,0,registration started
24210d0ef3a3,v1,1,registration completed
185a9a73040a,v1,0,registration started
185a9a73040a,v1,1,registration completed
40f4d7ee7e94,v1,0,registration started
40f4d7ee7e94,v1,1,registration completed
dfed16440fa7,v1,0,registration started
dfed16440fa7,v1,1,registration completed
ec5575cda85d,v1,0,registration started
ec5575cda85d,v1,1,registration completed
37f1ae5951bc,v1,0,registration started
37f1ae5951bc,v1,1,registration completed
68fd964afd09,v1,0,registration started
68fd964afd09,v1,1,registration completed
00e5e5188fa3,v1,0,registration started
00e5e5188fa3,v1,1,registration completed
2757dc3ce28d,v1,0,registration started
2757dc3ce28d,v1,1,registration completed
0d4c00f44bf5,v1,0,registration started
0d4c00f44bf5,v1,1,registration completed
d160747fc117,v1,0,registration started
d160747fc117,v1,1,registration completed
dc32814ac7fb,v1,0,registration started
dc32814ac7fb,v1,1,registration completed
47898d03e9ec,v1,0,registration started
47898d03e9ec,v1,1,registration completed
41bd701f2990,v1,0,registration started
41bd701f2990,v1,1,registration completed
0337f971aa05,v1,0,registration started
0337f971aa05,v1,1,registration completed
8d209885c75b,v1,0,registration started
8d209885c75b,v1,1,registration completed
7809d4fe159d,v1,0,registration started
7809d4fe159d,v1,1,registration completed
cc831ab48d9d,v1,0,registration started
cc831ab48d9d,v1,1,registration completed
006dab9688be,v1,0,registration started
006dab9688be,v1,1,registration completed
326a35419541,v1,0,registration started
326a35419541,v1,1,registration completed
ebd77a80a358,v1,0,registration started
ebd77a80a358,v1,1,registration completed
d78b203a7cef,v1,0,registration started
d78b203a7cef,v1,1,registration completed
9deb9afea846,v1,0,registration started
9deb9afea846,v1,1,registration completed
4d24b1824f22,v1,0,registration started
4d24b1824f22,v1,1,registration completed
605cd2a13361,v1,0,registration started
605cd2a13361,v1,1,registration completed
b2e0b64be27c,v1,0,registration started
b2e0b64be27c,v1,1,registration completed
3e95e47dd7ec,v1,0,registration started
3e95e47dd7ec,v1,1,registration completed
40ac2feac7f3,v1,0,registration started
40ac2feac7f3,v1,1,registration completed
a426c732d67b,v1,0,registration started
a426c732d67b,v1,1,registration completed
2bcaf3d1f7f2,v1,0,registration started
2bcaf3d1f7f2,v1,1,registration completed
e06423c70b3e,v1,0,registration started
e06423c70b3e,v1,1,registration completed
f64d330feb5a,v1,0,registration started
f64d330feb5a,v1,1,registration completed
6a96577d2770,v1,0,registration started
6a96577d2770,v1,1,registration completed
70f88c68bbf5,v1,0,registration started
70f88c68bbf5,v1,1,registration completed
def53b6a796b,v1,0,registration started
def53b6a796b,v1,1,registration completed
fe3fb489daaa,v1,0,registration started
fe3fb489daaa,v1,1,registration completed
809306d0866c,v1,0,registration started
809306d0866c,v1,1,registration completed
049ef16eb70d,v1,0,registration started
049ef16eb70d,v1,1,registration completed
bf11ef5edebb,v1,0,registration started
bf11ef5edebb,v1,1,registration completed
a2e8cb3c1302,v1,0,registration started
a2e8cb3c1302,v1,1,registration completed
e0759bd92787,v1,0,registration started
e0759bd92787,v1,1,registration completed
a14634aae815,v1,0,registration started
a14634aae815,v1,1,registration completed
0d3864ce7985,v1,0,registration started
0d3864ce7985,v1,1,registration completed
d345c9071887,v1,0,registration started
d345c9071887,v1,1,registration completed
fcf527dbf6de,v1,0,registration started
fcf527dbf6de,v1,1,registration completed
8b7b2f1ccb13,v1,0,registration started
8b7b2f1ccb13,v1,1,registration completed
fb7dfffdbe45,v1,0,registration started
fb7dfffdbe45,v1,1,registration completed
2920d7482649,v1,0,registration started
2920d7482649,v1,1,registration completed
cd29ce6cd432,v1,0,registration started
cd29ce6cd432,v1,1,registration completed
1869a21f0508,v1,0,registration started
1869a21f0508,v1,1,registration completed
ef9f4e4bdb30,v1,0,registration started
ef9f4e4bdb30,v1,1,registration completed
19d8b6f6f965,v1,0,registration started
19d8b6f6f965,v1,1,registration completed
d70599256661,v1,0,registration started
d70599256661,v1,1,registration completed
99d748af0cc0,v1,0,registration started
99d748af0cc0,v1,1,registration completed
012862ab9070,v1,0,registration started
012862ab9070,v1,1,registration completed
58aa5ef80922,v1,0,registration started
58aa5ef80922,v1,1,registration completed
aae2ac12b8a1,v1,0,registration started
aae2ac12b8a1,v1,1,registration completed
ef060dfe6b88,v1,0,registration started
ef060dfe6b88,v1,1,registration completed
5b35eba5a9c4,v1,0,registration started
5b35eba5a9c4,v1,1,registration completed
e82096d4e3bc,v1,0,registration started
e82096d4e3bc,v1,1,registration completed
63ba58c33223,v1,0,registration started
63ba58c33223,v1,1,registration completed
79c401a5c308,v1,0,registration started
79c401a5c308,v1,1,registration completed
1ad08d444027,v1,0,registration started
1ad08d444027,v1,1,registration completed
a6249c3b6b96,v1,0,registration started
a6249c3b6b96,v1,1,registration completed
de6086eb2be3,v1,0,registration started
de6086eb2be3,v1,1,registration completed
e63ad6b19e6a,v1,0,registration started
e63ad6b19e6a,v1,1,registration completed
bd3834c92d2b,v1,0,registration started
bd3834c92d2b,v1,1,registration completed
5e8b19f7609f,v1,0,registration started
5e8b19f7609f,v1,1,registration completed
0f4d0aadbeb7,v1,0,registration started
0f4d0aadbeb7,v1,1,registration completed
eb396272d9a4,v1,0,registration started
eb396272d9a4,v1,1,registration completed
5f11954d95d6,v1,0,registration started
5f11954d95d6,v1,1,registration completed
ef3574401e61,v1,0,registration started
ef3574401e61,v1,1,registration completed
c6eedaa8be95,v1,0,registration started
c6eedaa8be95,v1,1,registration completed
c336a1971655,v1,0,registration started
c336a1971655,v1,1,registration completed
bdc0d2b7501c,v1,0,registration started
bdc0d2b7501c,v1,1,registration completed
7b1eecba6057,v1,0,registration started
7b1eecba6057,v1,1,registration completed
4e549487225a,v1,0,registration started
4e549487225a,v1,1,registration completed
f09b18a53d8c,v1,0,registration started
f09b18a53d8c,v1,1,registration completed
d40c929ddf9e,v1,0,registration started
d40c929ddf9e,v1,1,registration completed
91aba0850082,v1,0,registration started
91aba0850082,v1,1,registration completed
e3ae191d4fd0,v1,0,registration started
e3ae191d4fd0,v1,1,registration completed
d17355b0878f,v1,0,registration started
d17355b0878f,v1,1,registration completed
866fdeb1a0de,v1,0,registration started
866fdeb1a0de,v1,1,registration completed
9d5222baadcf,v1,0,registration started
9d5222baadcf,v1,1,registration completed
b6aec3dd7f39,v1,0,registration started
b6aec3dd7f39,v1,1,registration completed
2dc38572ac12,v1,0,registration started
2dc38572ac12,v1,1,registration completed
f9a08781f2e1,v1,0,registration started
f9a08781f2e1,v1,1,registration completed
92d7b0a9f8fc,v1,0,registration started
92d7b0a9f8fc,v1,1,registration completed
cc43888d2b0f,v1,0,registration started
cc43888d2b0f,v1,1,registration completed
25d1576e420f,v1,0,registration started
25d1576e420f,v1,1,registration completed
eb1740169607,v1,0,registration started
eb1740169607,v1,1,registration completed
f03a13d8517f,v1,0,registration started
f03a13d8517f,v1,1,registration completed
df07b2341410,v1,0,registration started
df07b2341410,v1,1,registration completed
40d6861d8bae,v1,0,registration started
40d6861d8bae,v1,1,registration completed
b5f02b72f3e0,v1,0,registration started
b5f02b72f3e0,v1,1,registration completed
4973666d1861,v1,0,registration started
4973666d1861,v1,1,registration completed
d6f1371a11b5,v1,0,registration started
d6f1371a11b5,v1,1,registration completed
7941b981e189,v1,0,registration started
7941b981e189,v1,1,registration completed
b3c0e6b6e9a1,v1,0,registration started
b3c0e6b6e9a1,v1,1,registration completed
0eceb4e2c434,v1,0,registration started
0eceb4e2c434,v1,1,registration completed
e2c9eb5825cb,v1,0,registration started
e2c9eb5825cb,v1,1,registration completed
f1aa82c69e44,v1,0,registration started
f1aa82c69e44,v1,1,registration completed
f69be2a55113,v1,0,registration started
f69be2a55113,v1,1,registration completed
f9303dd76a7c,v1,0,registration started
f9303dd76a7c,v1,1,registration completed
139c5bffa62f,v1,0,registration started
139c5bffa62f,v1,1,registration completed
cfe952f9994f,v1,0,registration started
cfe952f9994f,v1,1,registration completed
3b7c53152a59,v1,0,registration started
3b7c53152a59,v1,1,registration completed
626dfbcaff20,v1,0,registration started
626dfbcaff20,v1,1,registration completed
13c78ef9081e,v1,0,registration started
13c78ef9081e,v1,1,registration completed
04561f6119e9,v1,0,registration started
04561f6119e9,v1,1,registration completed
b94a953eb128,v1,0,registration started
b94a953eb128,v1,1,registration completed
2ba620c8e1c2,v1,0,registration started
2ba620c8e1c2,v1,1,registration completed
bb994c5bd396,v1,0,registration started
bb994c5bd396,v1,1,registration completed
649a37936305,v1,0,registration started
649a37936305,v1,1,registration completed
b810be78aa76,v1,0,registration started
b810be78aa76,v1,1,registration completed
a6a51804742e,v1,0,registration started
a6a51804742e,v1,1,registration completed
ef6587cba0cf,v1,0,registration started
ef6587cba0cf,v1,1,registration completed
555b65ff0b32,v1,0,registration started
555b65ff0b32,v1,1,registration completed
b8f4fe31551a,v1,0,registration started
b8f4fe31551a,v1,1,registration completed
faf4cb082ebb,v1,0,registration started
faf4cb082ebb,v1,1,registration completed
bf5b084d5edd,v1,0,registration started
bf5b084d5edd,v1,1,registration completed
7037462b3440,v1,0,registration started
7037462b3440,v1,1,registration completed
0e7d5903f563,v1,0,registration started
0e7d5903f563,v1,1,registration completed
1cb79f121916,v1,0,registration started
1cb79f121916,v1,1,registration completed
dc24421b28d3,v1,0,registration started
dc24421b28d3,v1,1,registration completed
4d5aec64e21d,v1,0,registration started
4d5aec64e21d,v1,1,registration completed
a47a460d4806,v1,0,registration started
a47a460d4806,v1,1,registration completed
6d2bcdd6f526,v1,0,registration started
6d2bcdd6f526,v1,1,registration completed
afe7c6a18d07,v1,0,registration started
afe7c6a18d07,v1,1,registration completed
a141cef8bfb9,v1,0,registration started
a141cef8bfb9,v1,1,registration completed
26abf7ed58c5,v1,0,registration started
26abf7ed58c5,v1,1,registration completed
7a65d39df1c5,v1,0,registration started
7a65d39df1c5,v1,1,registration completed
b2635e9a6a7f,v1,0,registration started
b2635e9a6a7f,v1,1,registration completed
790be084108d,v1,0,registration started
790be084108d,v1,1,registration completed
02e50709eb06,v1,0,registration started
02e50709eb06,v1,1,registration completed
b664096fd396,v1,0,registration started
b664096fd396,v1,1,registration completed
7cbc83c55799,v1,0,registration started
7cbc83c55799,v1,1,registration completed
666e7971b1a5,v1,0,registration started
666e7971b1a5,v1,1,registration completed
e322ca23cf78,v1,0,registration started
e322ca23cf78,v1,1,registration completed
695a2528e0f0,v1,0,registration started
695a2528e0f0,v1,1,registration completed
0b98d3009cee,v1,0,registration started
0b98d3009cee,v1,1,registration completed
866fdeb1a0de,v1,0,registration started
866fdeb1a0de,v1,1,registration completed
94b7a86b0c3f,v1,0,registration started
94b7a86b0c3f,v1,1,registration completed
89738eae7ba7,v1,0,registration started
89738eae7ba7,v1,1,registration completed
535a43ed5f6c,v1,0,registration started
535a43ed5f6c,v1,1,registration completed
26749af13e1e,v1,0,registration started
26749af13e1e,v1,1,registration completed
dba0aa969b39,v1,0,registration started
dba0aa969b39,v1,1,registration completed
2554be1b599e,v1,0,registration started
2554be1b599e,v1,1,registration completed
efbbf80fd44b,v1,0,registration started
efbbf80fd44b,v1,1,registration completed
7f5a40c9c463,v1,0,registration started
7f5a40c9c463,v1,1,registration completed
ca80d27637a1,v1,0,registration started
ca80d27637a1,v1,1,registration completed
7561a5acc372,v1,0,registration started
7561a5acc372,v1,1,registration completed
67e2bbaedc66,v1,0,registration started
67e2bbaedc66,v1,1,registration completed
1d6d8f86b6ae,v1,0,registration started
1d6d8f86b6ae,v1,1,registration completed
c87ec7e92f39,v1,0,registration started
c87ec7e92f39,v1,1,registration completed
324389fa1463,v1,0,registration started
324389fa1463,v1,1,registration completed
55a546c0886d,v1,0,registration started
55a546c0886d,v1,1,registration completed
cc1f59f41f51,v1,0,registration started
cc1f59f41f51,v1,1,registration completed
91eb0e40a414,v1,0,registration started
91eb0e40a414,v1,1,registration completed
1550486ac76e,v1,0,registration started
1550486ac76e,v1,1,registration completed
a8bb402a432a,v1,0,registration started
a8bb402a432a,v1,1,registration completed
a88b0cc13301,v1,0,registration started
a88b0cc13301,v1,1,registration completed
e5cd8f93170c,v1,0,registration started
e5cd8f93170c,v1,1,registration completed
1245b4e27da3,v1,0,registration started
1245b4e27da3,v1,1,registration completed
519c42d73b02,v1,0,registration started
519c42d73b02,v1,1,registration completed
d502ce7c5ddb,v1,0,registration started
d502ce7c5ddb,v1,1,registration completed
133cfb98c56c,v1,0,registration started
133cfb98c56c,v1,1,registration completed
2f99c95f0057,v1,0,registration started
2f99c95f0057,v1,1,registration completed
12a4d7d0b517,v1,0,registration started
12a4d7d0b517,v1,1,registration completed
f515ff1cdba3,v1,0,registration started
f515ff1cdba3,v1,1,registration completed
667ce8497a5f,v1,0,registration started
667ce8497a5f,v1,1,registration completed
80099afc12f8,v1,0,registration started
80099afc12f8,v1,1,registration completed
9345677b0964,v1,0,registration started
9345677b0964,v1,1,registration completed
fa61f37c486f,v1,0,registration started
fa61f37c486f,v1,1,registration completed
7f7d72c5ec10,v1,0,registration started
7f7d72c5ec10,v1,1,registration completed
d3318d268aa5,v1,0,registration started
d3318d268aa5,v1,1,registration completed
c5e71c53cc98,v1,0,registration started
c5e71c53cc98,v1,1,registration completed
0c775d73f6b8,v1,0,registration started
0c775d73f6b8,v1,1,registration completed
38be3f3419e5,v1,0,registration started
38be3f3419e5,v1,1,registration completed
fd1c4099fa6b,v1,0,registration started
fd1c4099fa6b,v1,1,registration completed
14930e78ce9a,v1,0,registration started
14930e78ce9a,v1,1,registration completed
cb4ac043c9a2,v1,0,registration started
cb4ac043c9a2,v1,1,registration completed
56a94c18bdd6,v1,0,registration started
56a94c18bdd6,v1,1,registration completed
65d262ea31f5,v1,0,registration started
65d262ea31f5,v1,1,registration completed
5cef985e56f4,v1,0,registration started
5cef985e56f4,v1,1,registration completed
a3230ca2cb01,v1,0,registration started
a3230ca2cb01,v1,1,registration completed
7ce830d64919,v1,0,registration started
7ce830d64919,v1,1,registration completed
c873b5d50419,v1,0,registration started
c873b5d50419,v1,1,registration completed
21fc9e9b5d1c,v1,0,registration started
21fc9e9b5d1c,v1,1,registration completed
fa38dc8de452,v1,0,registration started
fa38dc8de452,v1,1,registration completed
b307cd1e0085,v1,0,registration started
b307cd1e0085,v1,1,registration completed
868583471b48,v1,0,registration started
868583471b48,v1,1,registration completed
b2a81bc4bdcf,v1,0,registration started
b2a81bc4bdcf,v1,1,registration completed
3db4f09bf26e,v1,0,registration started
3db4f09bf26e,v1,1,registration completed
1d77aaf2280a,v1,0,registration started
1d77aaf2280a,v1,1,registration completed
c9ebcba1ba34,v1,0,registration started
c9ebcba1ba34,v1,1,registration completed
91f1d0aea4de,v1,0,registration started
91f1d0aea4de,v1,1,registration completed
a6569a9c9d2e,v1,0,registration started
a6569a9c9d2e,v1,1,registration completed
af3bc59a1828,v1,0,registration started
af3bc59a1828,v1,1,registration completed
c91439ec4b27,v1,0,registration started
c91439ec4b27,v1,1,registration completed
ca80d27637a1,v1,0,registration started
ca80d27637a1,v1,1,registration completed
d8b710015e75,v1,0,registration started
d8b710015e75,v1,1,registration completed
ce9e71da80de,v1,0,registration started
ce9e71da80de,v1,1,registration completed
ff9e11e9bb69,v1,0,registration started
ff9e11e9bb69,v1,1,registration completed
2fdebb60b258,v1,0,registration started
2fdebb60b258,v1,1,registration completed
e9a672df4997,v1,0,registration started
e9a672df4997,v1,1,registration completed
a4a8889cb093,v1,0,registration started
a4a8889cb093,v1,1,registration completed
1a83a3c7f37a,v1,0,registration started
1a83a3c7f37a,v1,1,registration completed
ff4170cf835e,v1,0,registration started
ff4170cf835e,v1,1,registration completed
6a96577d2770,v1,0,registration started
6a96577d2770,v1,1,registration completed
c5ab76d9c28f,v1,0,registration started
c5ab76d9c28f,v1,1,registration completed
0af1b20e629c,v1,0,registration started
0af1b20e629c,v1,1,registration completed
48499511f77b,v1,0,registration started
48499511f77b,v1,1,registration completed
c0c65ce10f8a,v1,0,registration started
c0c65ce10f8a,v1,1,registration completed
2483f48531ff,v1,0,registration started
2483f48531ff,v1,1,registration completed
cb06ed18a45f,v1,0,registration started
cb06ed18a45f,v1,1,registration completed
431801bc2248,v1,0,registration started
431801bc2248,v1,1,registration completed
3d7cb134f996,v1,0,registration started
3d7cb134f996,v1,1,registration completed
bdc7e2e1dce1,v1,0,registration started
bdc7e2e1dce1,v1,1,registration completed
f3a1ba2f693b,v1,0,registration started
f3a1ba2f693b,v1,1,registration completed
f77d7d730827,v1,0,registration started
f77d7d730827,v1,1,registration completed
a1d0263d7fc6,v1,0,registration started
a1d0263d7fc6,v1,1,registration completed
2d0b3adde136,v1,0,registration started
2d0b3adde136,v1,1,registration completed
8e550e7fc89a,v1,0,registration started
8e550e7fc89a,v1,1,registration completed
8b5e8d22c93a,v1,0,registration started
8b5e8d22c93a,v1,1,registration completed
ac776a91e1b9,v1,0,registration started
ac776a91e1b9,v1,1,registration completed
d1c4e8d8c4d7,v1,0,registration started
d1c4e8d8c4d7,v1,1,registration completed
171ae6ceacf2,v1,0,registration started
171ae6ceacf2,v1,1,registration completed
83bce99b745a,v1,0,registration started
83bce99b745a,v1,1,registration completed
dcc5db21a0ed,v1,0,registration started
dcc5db21a0ed,v1,1,registration completed
329758511943,v1,0,registration started
329758511943,v1,1,registration completed
aa4c1039726b,v1,0,registration started
aa4c1039726b,v1,1,registration completed
253457f30450,v1,0,registration started
253457f30450,v1,1,registration completed
2e9e4eccd47e,v1,0,registration started
2e9e4eccd47e,v1,1,registration completed
a99da951150b,v1,0,registration started
a99da951150b,v1,1,registration completed
7decc9eebcb2,v1,0,registration started
7decc9eebcb2,v1,1,registration completed
cb75e0242283,v1,0,registration started
cb75e0242283,v1,1,registration completed
97727500e60a,v1,0,registration started
97727500e60a,v1,1,registration completed
5952f7857809,v1,0,registration started
5952f7857809,v1,1,registration completed
ebb0abd50de4,v1,0,registration started
ebb0abd50de4,v1,1,registration completed
f9d6c94199a5,v1,0,registration started
f9d6c94199a5,v1,1,registration completed
00e2a21037ac,v1,0,registration started
00e2a21037ac,v1,1,registration completed
0367a28c51cd,v1,0,registration started
0367a28c51cd,v1,1,registration completed
25e0bb818fe7,v1,0,registration started
25e0bb818fe7,v1,1,registration completed
f480b4f24ed8,v1,0,registration started
f480b4f24ed8,v1,1,registration completed
f196f2a726ed,v1,0,registration started
f196f2a726ed,v1,1,registration completed
bea69498fbd0,v1,0,registration started
bea69498fbd0,v1,1,registration completed
f8a90db52737,v1,0,registration started
f8a90db52737,v1,1,registration completed
a9cd5c5c51c2,v1,0,registration started
a9cd5c5c51c2,v1,1,registration completed
600c9c7af56c,v1,0,registration started
600c9c7af56c,v1,1,registration completed
a09ce3b9b833,v1,0,registration started
a09ce3b9b833,v1,1,registration completed
1bf1b0378d93,v1,0,registration started
1bf1b0378d93,v1,1,registration completed
4f8c281ecd81,v1,0,registration started
4f8c281ecd81,v1,1,registration completed
45a90cc344dd,v1,0,registration started
45a90cc344dd,v1,1,registration completed
9a84005c901c,v1,0,registration started
9a84005c901c,v1,1,registration completed
d6dc83117e62,v1,0,registration started
d6dc83117e62,v1,1,registration completed
7bd19fcf3cfa,v1,0,registration started
7bd19fcf3cfa,v1,1,registration completed
355e39b91f6d,v1,0,registration started
355e39b91f6d,v1,1,registration completed
aa3c30618eac,v1,0,registration started
aa3c30618eac,v1,1,registration completed
90a9c5ed7580,v1,0,registration started
90a9c5ed7580,v1,1,registration completed
c802a23c8e42,v1,0,registration started
c802a23c8e42,v1,1,registration completed
e8cd996ab9b0,v1,0,registration started
e8cd996ab9b0,v1,1,registration completed
aca214bbd428,v1,0,registration started
aca214bbd428,v1,1,registration completed
483319801d63,v1,0,registration started
483319801d63,v1,1,registration completed
224b0c65cba8,v1,0,registration started
224b0c65cba8,v1,1,registration completed
2f6b5faa9396,v1,0,registration started
2f6b5faa9396,v1,1,registration completed
ffdf9816cf1f,v1,0,registration started
ffdf9816cf1f,v1,1,registration completed
01b6e41756d9,v1,0,registration started
01b6e41756d9,v1,1,registration completed
9b0075cc6b91,v1,0,registration started
9b0075cc6b91,v1,1,registration completed
df97388b8b59,v1,0,registration started
df97388b8b59,v1,1,registration completed
538295dd1cc1,v1,0,registration started
538295dd1cc1,v1,1,registration completed
d3864482b1cc,v1,0,registration started
d3864482b1cc,v1,1,registration completed
4f1cbf244adb,v1,0,registration started
4f1cbf244adb,v1,1,registration completed
acb3b8186493,v1,0,registration started
acb3b8186493,v1,1,registration completed
c7ac43e9ee49,v1,0,registration started
c7ac43e9ee49,v1,1,registration completed
49fa6cf2fedc,v1,0,registration started
49fa6cf2fedc,v1,1,registration completed
5bfad0d03abe,v1,0,registration started
5bfad0d03abe,v1,1,registration completed
82557e0275c4,v1,0,registration started
82557e0275c4,v1,1,registration completed
17ae63bbba2a,v1,0,registration started
17ae63bbba2a,v1,1,registration completed
7cd81c1cedbc,v1,0,registration started
7cd81c1cedbc,v1,1,registration completed
920726b4a7d0,v1,0,registration started
920726b4a7d0,v1,1,registration completed
ffd4f038679e,v1,0,registration started
ffd4f038679e,v1,1,registration completed
342f5cb9f227,v1,0,registration started
342f5cb9f227,v1,1,registration completed
e25d61d034aa,v1,0,registration started
e25d61d034aa,v1,1,registration completed
07328a0c07a6,v1,0,registration started
07328a0c07a6,v1,1,registration completed
d1708ab4ac5b,v1,0,registration started
d1708ab4ac5b,v1,1,registration completed
82bbe02beb1c,v1,0,registration started
82bbe02beb1c,v1,1,registration completed
237cf28f02a2,v1,0,registration started
237cf28f02a2,v1,1,registration completed
b6711f708f82,v1,0,registration started
b6711f708f82,v1,1,registration completed
3e6779b22da8,v1,0,registration started
3e6779b22da8,v1,1,registration completed
902fa97f667e,v1,0,registration started
902fa97f667e,v1,1,registration completed
e97c2a96e445,v1,0,registration started
e97c2a96e445,v1,1,registration completed
06a2b18e373f,v1,0,registration started
06a2b18e373f,v1,1,registration completed
3619dce82ba5,v1,0,registration started
3619dce82ba5,v1,1,registration completed
e23546b81515,v1,0,registration started
e23546b81515,v1,1,registration completed
be1030057619,v1,0,registration started
be1030057619,v1,1,registration completed
86589ef84d58,v1,0,registration started
86589ef84d58,v1,1,registration completed
b9f74543e0a3,v1,0,registration started
b9f74543e0a3,v1,1,registration completed
78b3dbf30200,v1,0,registration started
78b3dbf30200,v1,1,registration completed
f2540154103f,v1,0,registration started
f2540154103f,v1,1,registration completed
2191b93bf7b5,v1,0,registration started
2191b93bf7b5,v1,1,registration completed
2d411cc2c22a,v1,0,registration started
2d411cc2c22a,v1,1,registration completed
0bd6a1517cd4,v1,0,registration started
0bd6a1517cd4,v1,1,registration completed
22b948dd4918,v1,0,registration started
22b948dd4918,v1,1,registration completed
36574b853fbc,v1,0,registration started
36574b853fbc,v1,1,registration completed
d40966e0b7a4,v1,0,registration started
d40966e0b7a4,v1,1,registration completed
dad67fee72e3,v1,0,registration started
dad67fee72e3,v1,1,registration completed
76087f2004aa,v1,0,registration started
76087f2004aa,v1,1,registration completed
1b9a5105a9db,v1,0,registration started
1b9a5105a9db,v1,1,registration completed
ed5f7c488f83,v1,0,registration started
ed5f7c488f83,v1,1,registration completed
a5d221da4a61,v1,0,registration started
a5d221da4a61,v1,1,registration completed
c821037c2495,v1,0,registration started
c821037c2495,v1,1,registration completed
61529bc12cc7,v1,0,registration started
61529bc12cc7,v1,1,registration completed
01c9824c67eb,v1,0,registration started
01c9824c67eb,v1,1,registration completed
d1939489a003,v1,0,registration started
d1939489a003,v1,1,registration completed
573966264c78,v1,0,registration started
573966264c78,v1,1,registration completed
b3c878da29b3,v1,0,registration started
b3c878da29b3,v1,1,registration completed
2578eba6f1bc,v1,0,registration started
2578eba6f1bc,v1,1,registration completed
ccc7d41b56b4,v1,0,registration started
ccc7d41b56b4,v1,1,registration completed
db64856f9ace,v1,0,registration started
db64856f9ace,v1,1,registration completed
e7e6471d8d08,v1,0,registration started
e7e6471d8d08,v1,1,registration completed
57bcca8ebb97,v1,0,registration started
57bcca8ebb97,v1,1,registration completed
41b6ee9f59df,v1,0,registration started
41b6ee9f59df,v1,1,registration completed
45126221f02e,v1,0,registration started
45126221f02e,v1,1,registration completed
3169e6a20c8b,v1,0,registration started
3169e6a20c8b,v1,1,registration completed
8cbaa78b7f53,v1,0,registration started
8cbaa78b7f53,v1,1,registration completed
a1a62d5f08bb,v1,0,registration started
a1a62d5f08bb,v1,1,registration completed
0383b80046b9,v1,0,registration started
0383b80046b9,v1,1,registration completed
487f19ff25af,v1,0,registration started
487f19ff25af,v1,1,registration completed
d886bb9194e9,v1,0,registration started
d886bb9194e9,v1,1,registration completed
7465cb41b2c1,v1,0,registration started
7465cb41b2c1,v1,1,registration completed
4af69dad3bf1,v1,0,registration started
4af69dad3bf1,v1,1,registration completed
5a7498cf5cbc,v1,0,registration started
5a7498cf5cbc,v1,1,registration completed
c494e85241dd,v1,0,registration started
c494e85241dd,v1,1,registration completed
036275add5eb,v1,0,registration started
036275add5eb,v1,1,registration completed
5f53f39e9f4e,v1,0,registration started
5f53f39e9f4e,v1,1,registration completed
8151bb57be3e,v1,0,registration started
8151bb57be3e,v1,1,registration completed
eba15300ac71,v1,0,registration started
eba15300ac71,v1,1,registration completed
93b56b2abdba,v1,0,registration started
93b56b2abdba,v1,1,registration completed
628e143864d2,v1,0,registration started
628e143864d2,v1,1,registration completed
5120edad4c99,v1,0,registration started
5120edad4c99,v1,1,registration completed
e4bb3d69fa67,v1,0,registration started
e4bb3d69fa67,v1,1,registration completed
0e39f120f47d,v1,0,registration started
0e39f120f47d,v1,1,registration completed
9213dfcc43bb,v1,0,registration started
9213dfcc43bb,v1,1,registration completed
e253e90e463e,v1,0,registration started
e253e90e463e,v1,1,registration completed
3e50d7b566a3,v1,0,registration started
3e50d7b566a3,v1,1,registration completed
6a4edfd40e68,v1,0,registration started
6a4edfd40e68,v1,1,registration completed
e8d16804b787,v1,0,registration started
e8d16804b787,v1,1,registration completed
cd237f294dba,v1,0,registration started
cd237f294dba,v1,1,registration completed
66c4ad0769aa,v1,0,registration started
66c4ad0769aa,v1,1,registration completed
a362578e8741,v1,0,registration started
a362578e8741,v1,1,registration completed
0765abd5a93d,v1,0,registration started
0765abd5a93d,v1,1,registration completed
c51d4492a83b,v1,0,registration started
c51d4492a83b,v1,1,registration completed
2e7fb3da27a8,v1,0,registration started
2e7fb3da27a8,v1,1,registration completed
17c99caae844,v1,0,registration started
17c99caae844,v1,1,registration completed
9e4727f44f04,v1,0,registration started
9e4727f44f04,v1,1,registration completed
3aa53a743056,v1,0,registration started
3aa53a743056,v1,1,registration completed
086e0bde9d76,v1,0,registration started
086e0bde9d76,v1,1,registration completed
712a05510899,v1,0,registration started
712a05510899,v1,1,registration completed
0be817c3db2e,v1,0,registration started
0be817c3db2e,v1,1,registration completed
6c4e1033a6f4,v1,0,registration started
6c4e1033a6f4,v1,1,registration completed
6312454c1ad8,v1,0,registration started
6312454c1ad8,v1,1,registration completed
e7f80bee45fd,v1,0,registration started
e7f80bee45fd,v1,1,registration completed
f4686af3b986,v1,0,registration started
f4686af3b986,v1,1,registration completed
8f17e48d5f7e,v1,0,registration started
8f17e48d5f7e,v1,1,registration completed
56d210ca8ced,v1,0,registration started
56d210ca8ced,v1,1,registration completed
b25d4c10e8d8,v1,0,registration started
b25d4c10e8d8,v1,1,registration completed
3c69a8dc1d56,v1,0,registration started
3c69a8dc1d56,v1,1,registration completed
15dc0f6bbd54,v1,0,registration started
15dc0f6bbd54,v1,1,registration completed
481568c9e082,v1,0,registration started
481568c9e082,v1,1,registration completed
cfc17091b6cf,v1,0,registration started
cfc17091b6cf,v1,1,registration completed
762d794c4fbc,v1,0,registration started
762d794c4fbc,v1,1,registration completed
d81df2cad7fc,v1,0,registration started
d81df2cad7fc,v1,1,registration completed
f14f1e38bd33,v1,0,registration started
f14f1e38bd33,v1,1,registration completed
78b3feb46881,v1,0,registration started
78b3feb46881,v1,1,registration completed
daef5948e6af,v1,0,registration started
daef5948e6af,v1,1,registration completed
4f6457eb190e,v1,0,registration started
4f6457eb190e,v1,1,registration completed
5a96e7702cb0,v1,0,registration started
5a96e7702cb0,v1,1,registration completed
a8fd097f45d7,v1,0,registration started
a8fd097f45d7,v1,1,registration completed
23e088703289,v1,0,registration started
23e088703289,v1,1,registration completed
bf22bd88e84f,v1,0,registration started
bf22bd88e84f,v1,1,registration completed
ede539a89ef4,v1,0,registration started
ede539a89ef4,v1,1,registration completed
130232130f4e,v1,0,registration started
130232130f4e,v1,1,registration completed
b8f629c969bb,v1,0,registration started
b8f629c969bb,v1,1,registration completed
dad67fee72e3,v1,0,registration started
dad67fee72e3,v1,1,registration completed
285ad64669e0,v1,0,registration started
285ad64669e0,v1,1,registration completed
4d9fdd15a627,v1,0,registration started
4d9fdd15a627,v1,1,registration completed
d665167a9732,v1,0,registration started
d665167a9732,v1,1,registration completed
f19346cfa019,v1,0,registration started
f19346cfa019,v1,1,registration completed
d0bceaecaaae,v1,0,registration started
d0bceaecaaae,v1,1,registration completed
5d68d7d36dbf,v1,0,registration started
5d68d7d36dbf,v1,1,registration completed
fa43dffe7a35,v1,0,registration started
fa43dffe7a35,v1,1,registration completed
33ccadbfd77c,v1,0,registration started
33ccadbfd77c,v1,1,registration completed
b2273e7bc4a0,v1,0,registration started
b2273e7bc4a0,v1,1,registration completed
4620e676486d,v1,0,registration started
4620e676486d,v1,1,registration completed
5e4e11b7a1b0,v1,0,registration started
5e4e11b7a1b0,v1,1,registration completed
da142d4a5117,v1,0,registration started
da142d4a5117,v1,1,registration completed
56e476735a0f,v1,0,registration started
56e476735a0f,v1,1,registration completed
c102a05bc7bd,v1,0,registration started
c102a05bc7bd,v1,1,registration completed
822956e2ebde,v1,0,registration started
822956e2ebde,v1,1,registration completed
a59fcec78cc4,v1,0,registration started
a59fcec78cc4,v1,1,registration completed
6d7f82ed82f8,v1,0,registration started
6d7f82ed82f8,v1,1,registration completed
d0d71c3f7dc1,v1,0,registration started
d0d71c3f7dc1,v1,1,registration completed
991321e4e058,v1,0,registration started
991321e4e058,v1,1,registration completed
4c2c2ccab7ef,v1,0,registration started
4c2c2ccab7ef,v1,1,registration completed
9c7d2b9f7321,v1,0,registration started
9c7d2b9f7321,v1,1,registration completed
b7ed444bfe49,v1,0,registration started
b7ed444bfe49,v1,1,registration completed
6c99e1a0bd00,v1,0,registration started
6c99e1a0bd00,v1,1,registration completed
2b4f1562fa44,v1,0,registration started
2b4f1562fa44,v1,1,registration completed
09c51cd233c6,v1,0,registration started
09c51cd233c6,v1,1,registration completed
469b37d5ff1e,v1,0,registration started
469b37d5ff1e,v1,1,registration completed
a57647c83ab8,v1,0,registration started
a57647c83ab8,v1,1,registration completed
d751422bce52,v1,0,registration started
d751422bce52,v1,1,registration completed
0e62967fd27d,v1,0,registration started
0e62967fd27d,v1,1,registration completed
a12387bc1be3,v1,0,registration started
a12387bc1be3,v1,1,registration completed
00b7b18ae81a,v1,0,registration started
00b7b18ae81a,v1,1,registration completed
875ddd21c83a,v1,0,registration started
875ddd21c83a,v1,1,registration completed
f0dbcdf1f67e,v1,0,registration started
f0dbcdf1f67e,v1,1,registration completed
4a686437f274,v1,0,registration started
4a686437f274,v1,1,registration completed
19fb6b4a45c3,v1,0,registration started
19fb6b4a45c3,v1,1,registration completed
4f524af45e30,v1,0,registration started
4f524af45e30,v1,1,registration completed
a8b6c91e103d,v1,0,registration started
a8b6c91e103d,v1,1,registration completed
4544c32a7977,v1,0,registration started
4544c32a7977,v1,1,registration completed
7a6ddaad47bb,v1,0,registration started
7a6ddaad47bb,v1,1,registration completed
026d46d84f36,v1,0,registration started
026d46d84f36,v1,1,registration completed
969fcebd33ec,v1,0,registration started
969fcebd33ec,v1,1,registration completed
76c65e1b6c3a,v1,0,registration started
76c65e1b6c3a,v1,1,registration completed
c4008a395ed9,v1,0,registration started
c4008a395ed9,v1,1,registration completed
2280eec9c1e1,v1,0,registration started
2280eec9c1e1,v1,1,registration completed
075f884db357,v1,0,registration started
075f884db357,v1,1,registration completed
5fceb0b65f8e,v1,0,registration started
5fceb0b65f8e,v1,1,registration completed
d1907c132530,v1,0,registration started
d1907c132530,v1,1,registration completed
af0e5c149be0,v1,0,registration started
af0e5c149be0,v1,1,registration completed
70e576a65f54,v1,0,registration started
70e576a65f54,v1,1,registration completed
c5a3d211e7ae,v1,0,registration started
c5a3d211e7ae,v1,1,registration completed
cd5c01dd37cb,v1,0,registration started
cd5c01dd37cb,v1,1,registration completed
54987b876f2a,v1,0,registration started
54987b876f2a,v1,1,registration completed
5c9a4a964857,v1,0,registration started
5c9a4a964857,v1,1,registration completed
44c34c6efe6f,v1,0,registration started
44c34c6efe6f,v1,1,registration completed
883becdeb2ac,v1,0,registration started
883becdeb2ac,v1,1,registration completed
025f8fa9b2ff,v1,0,registration started
025f8fa9b2ff,v1,1,registration completed
e4bb3d69fa67,v1,0,registration started
e4bb3d69fa67,v1,1,registration completed
54f981c3f69d,v1,0,registration started
54f981c3f69d,v1,1,registration completed
3087b37015be,v1,0,registration started
3087b37015be,v1,1,registration completed
ea632a43ed21,v1,0,registration started
ea632a43ed21,v1,1,registration completed
691f9dbcafab,v1,0,registration started
691f9dbcafab,v1,1,registration completed
46da40226356,v1,0,registration started
46da40226356,v1,1,registration completed
eba15300ac71,v1,0,registration started
eba15300ac71,v1,1,registration completed
aa3ef1ca5118,v1,0,registration started
aa3ef1ca5118,v1,1,registration completed
cb52036d2ba0,v1,0,registration started
cb52036d2ba0,v1,1,registration completed
460d24f18102,v1,0,registration started
460d24f18102,v1,1,registration completed
7a7dab29bc17,v1,0,registration started
7a7dab29bc17,v1,1,registration completed
fc5afa9539ce,v1,0,registration started
fc5afa9539ce,v1,1,registration completed
c91427640882,v1,0,registration started
c91427640882,v1,1,registration completed
f09b02668c99,v1,0,registration started
f09b02668c99,v1,1,registration completed
52c3b55e29a6,v1,0,registration started
52c3b55e29a6,v1,1,registration completed
a02ba6b93372,v1,0,registration started
a02ba6b93372,v1,1,registration completed
9de723d55df3,v1,0,registration started
9de723d55df3,v1,1,registration completed
88798bf22b1d,v1,0,registration started
88798bf22b1d,v1,1,registration completed
e0631c168fc6,v1,0,registration started
e0631c168fc6,v1,1,registration completed
ba65623de66c,v1,0,registration started
ba65623de66c,v1,1,registration completed
8b1e864a8753,v1,0,registration started
8b1e864a8753,v1,1,registration completed
22aede07eb2b,v1,0,registration started
22aede07eb2b,v1,1,registration completed
313570b55d25,v1,0,registration started
313570b55d25,v1,1,registration completed
4e549487225a,v1,0,registration started
4e549487225a,v1,1,registration completed
3b6613f603ac,v1,0,registration started
3b6613f603ac,v1,1,registration completed
2040ec3fddb2,v1,0,registration started
2040ec3fddb2,v1,1,registration completed
9bd58a2b1cf7,v1,0,registration started
9bd58a2b1cf7,v1,1,registration completed
e0938d4ee792,v1,0,registration started
e0938d4ee792,v1,1,registration completed
efa2a0117317,v1,0,registration started
efa2a0117317,v1,1,registration completed
cd8f0a22aab9,v1,0,registration started
cd8f0a22aab9,v1,1,registration completed
42070e3f07d1,v1,0,registration started
42070e3f07d1,v1,1,registration completed
adcc6e0b89df,v1,0,registration started
adcc6e0b89df,v1,1,registration completed
20338a2364a6,v1,0,registration started
20338a2364a6,v1,1,registration completed
7b6725641439,v1,0,registration started
7b6725641439,v1,1,registration completed
7d42365ec542,v1,0,registration started
7d42365ec542,v1,1,registration completed
2bcfaa3df52b,v1,0,registration started
2bcfaa3df52b,v1,1,registration completed
21996eb7014b,v1,0,registration started
21996eb7014b,v1,1,registration completed
35e3c97de485,v1,0,registration started
35e3c97de485,v1,1,registration completed
8e58449c3754,v1,0,registration started
8e58449c3754,v1,1,registration completed
30d8ffd038d6,v1,0,registration started
30d8ffd038d6,v1,1,registration completed
e0759bd92787,v1,0,registration started
e0759bd92787,v1,1,registration completed
76a41fe32942,v1,0,registration started
76a41fe32942,v1,1,registration completed
d4f5ff676133,v1,0,registration started
d4f5ff676133,v1,1,registration completed
07a493b2ddeb,v1,0,registration started
07a493b2ddeb,v1,1,registration completed
3dbebe73d557,v1,0,registration started
3dbebe73d557,v1,1,registration completed
456815a6abe9,v1,0,registration started
456815a6abe9,v1,1,registration completed
be2290c9b620,v1,0,registration started
be2290c9b620,v1,1,registration completed
abfde777018e,v1,0,registration started
abfde777018e,v1,1,registration completed
f7a00d1f924f,v1,0,registration started
f7a00d1f924f,v1,1,registration completed
930b60a9ec31,v1,0,registration started
930b60a9ec31,v1,1,registration completed
889b4a2620af,v1,0,registration started
889b4a2620af,v1,1,registration completed
d1cdd2427eda,v1,0,registration started
d1cdd2427eda,v1,1,registration completed
cdf6830413ff,v1,0,registration started
cdf6830413ff,v1,1,registration completed
0e9667c5d4ea,v1,0,registration started
0e9667c5d4ea,v1,1,registration completed
662f81114f99,v1,0,registration started
662f81114f99,v1,1,registration completed
42a64dd883d9,v1,0,registration started
42a64dd883d9,v1,1,registration completed
acbc06e17a31,v1,0,registration started
acbc06e17a31,v1,1,registration completed
5e4e11b7a1b0,v1,0,registration started
5e4e11b7a1b0,v1,1,registration completed
243830d0b711,v1,0,registration started
243830d0b711,v1,1,registration completed
627a8412493d,v1,0,registration started
627a8412493d,v1,1,registration completed
5268b84a6948,v1,0,registration started
5268b84a6948,v1,1,registration completed
ca4753c64539,v1,0,registration started
ca4753c64539,v1,1,registration completed
80c8c630d305,v1,0,registration started
80c8c630d305,v1,1,registration completed
1a1ebc5090d9,v1,0,registration started
1a1ebc5090d9,v1,1,registration completed
f5e4e689d582,v1,0,registration started
f5e4e689d582,v1,1,registration completed
40ee6d43d65c,v1,0,registration started
40ee6d43d65c,v1,1,registration completed
8298f5a136dd,v1,0,registration started
8298f5a136dd,v1,1,registration completed
4f5efd606221,v1,0,registration started
4f5efd606221,v1,1,registration completed
ac39351233b0,v1,0,registration started
ac39351233b0,v1,1,registration completed
566014fe1472,v1,0,registration started
566014fe1472,v1,1,registration completed
63b482be7696,v1,0,registration started
63b482be7696,v1,1,registration completed
46e01298bcfd,v1,0,registration started
46e01298bcfd,v1,1,registration completed
e14d780d7d43,v1,0,registration started
e14d780d7d43,v1,1,registration completed
7f927bb8fcab,v1,0,registration started
7f927bb8fcab,v1,1,registration completed
c373d2c7fef7,v1,0,registration started
c373d2c7fef7,v1,1,registration completed
0f074ab46d1e,v1,0,registration started
0f074ab46d1e,v1,1,registration completed
0592352552c0,v1,0,registration started
0592352552c0,v1,1,registration completed
f2d9fb7d4b26,v1,0,registration started
f2d9fb7d4b26,v1,1,registration completed
b619d81574ce,v1,0,registration started
b619d81574ce,v1,1,registration completed
7dcca471d88b,v1,0,registration started
7dcca471d88b,v1,1,registration completed
2586a6b45571,v1,0,registration started
2586a6b45571,v1,1,registration completed
c31a9704f3b8,v1,0,registration started
c31a9704f3b8,v1,1,registration completed
57550ec17795,v1,0,registration started
57550ec17795,v1,1,registration completed
fd6dddfbb46f,v1,0,registration started
fd6dddfbb46f,v1,1,registration completed
b51f479e47e6,v1,0,registration started
b51f479e47e6,v1,1,registration completed
f1d6da691d80,v1,0,registration started
f1d6da691d80,v1,1,registration completed
0b00b8d61113,v1,0,registration started
0b00b8d61113,v1,1,registration completed
839a27087ef6,v1,0,registration started
839a27087ef6,v1,1,registration completed
1e01c7d59f5c,v1,0,registration started
1e01c7d59f5c,v1,1,registration completed
e07197abcf03,v1,0,registration started
e07197abcf03,v1,1,registration completed
674c5db7c145,v1,0,registration started
674c5db7c145,v1,1,registration completed
e641f51b066c,v1,0,registration started
e641f51b066c,v1,1,registration completed
0bb70b354083,v1,0,registration started
0bb70b354083,v1,1,registration completed
8e6184172115,v1,0,registration started
8e6184172115,v1,1,registration completed
be2473df979a,v1,0,registration started
be2473df979a,v1,1,registration completed
233ec371fc88,v1,0,registration started
233ec371fc88,v1,1,registration completed
ce61e3561d3b,v1,0,registration started
ce61e3561d3b,v1,1,registration completed
3f05c0bfc5e0,v1,0,registration started
3f05c0bfc5e0,v1,1,registration completed
e2c9eb5825cb,v1,0,registration started
e2c9eb5825cb,v1,1,registration completed
7d58df5a9148,v1,0,registration started
7d58df5a9148,v1,1,registration completed
dc18e6c9c281,v1,0,registration started
dc18e6c9c281,v1,1,registration completed
0c9a19b4e12e,v1,0,registration started
0c9a19b4e12e,v1,1,registration completed
4d1880278e03,v1,0,registration started
4d1880278e03,v1,1,registration completed
270e0e39a718,v1,0,registration started
270e0e39a718,v1,1,registration completed
b9560b285146,v1,0,registration started
b9560b285146,v1,1,registration completed
fe86584fe632,v1,0,registration started
fe86584fe632,v1,1,registration completed
29fec7083da2,v1,0,registration started
29fec7083da2,v1,1,registration completed
ef3c1dfce67c,v1,0,registration started
ef3c1dfce67c,v1,1,registration completed
446161d80c77,v1,0,registration started
446161d80c77,v1,1,registration completed
3f5b01660ea3,v1,0,registration started
3f5b01660ea3,v1,1,registration completed
7d8ef9d618c4,v1,0,registration started
7d8ef9d618c4,v1,1,registration completed
456aa48c624b,v1,0,registration started
456aa48c624b,v1,1,registration completed
0a272952bdec,v1,0,registration started
0a272952bdec,v1,1,registration completed
edfb20856421,v1,0,registration started
edfb20856421,v1,1,registration completed
a4fc719bf1be,v1,0,registration started
a4fc719bf1be,v1,1,registration completed
45c773b1a9de,v1,0,registration started
45c773b1a9de,v1,1,registration completed
10362a778226,v1,0,registration started
10362a778226,v1,1,registration completed
65a44749bd95,v1,0,registration started
65a44749bd95,v1,1,registration completed
4e0ffb308d21,v1,0,registration started
4e0ffb308d21,v1,1,registration completed
e06423c70b3e,v1,0,registration started
e06423c70b3e,v1,1,registration completed
075203619289,v1,0,registration started
075203619289,v1,1,registration completed
bdce04ceb108,v1,0,registration started
bdce04ceb108,v1,1,registration completed
0bfd5269e6c5,v1,0,registration started
0bfd5269e6c5,v1,1,registration completed
96cae25a3eb7,v1,0,registration started
96cae25a3eb7,v1,1,registration completed
56ff2ae9af25,v1,0,registration started
56ff2ae9af25,v1,1,registration completed
a4eaf81f7214,v1,0,registration started
a4eaf81f7214,v1,1,registration completed
a91a9f9618e7,v1,0,registration started
a91a9f9618e7,v1,1,registration completed
de1a989d6968,v1,0,registration started
de1a989d6968,v1,1,registration completed
fa203c8b7aaa,v1,0,registration started
fa203c8b7aaa,v1,1,registration completed
ac246d82f8be,v1,0,registration started
ac246d82f8be,v1,1,registration completed
85712e24ea1a,v1,0,registration started
85712e24ea1a,v1,1,registration completed
57d5e7a9a479,v1,0,registration started
57d5e7a9a479,v1,1,registration completed
5c0d66283a45,v1,0,registration started
5c0d66283a45,v1,1,registration completed
119bc2224bd9,v1,0,registration started
119bc2224bd9,v1,1,registration completed
a532a4c4e4d8,v1,0,registration started
a532a4c4e4d8,v1,1,registration completed
57d1fbeee6f3,v1,0,registration started
57d1fbeee6f3,v1,1,registration completed
6716d6bbff62,v1,0,registration started
6716d6bbff62,v1,1,registration completed
c2f0b78bdd17,v1,0,registration started
c2f0b78bdd17,v1,1,registration completed
001ea31cd267,v1,0,registration started
001ea31cd267,v1,1,registration completed
5390f9e444bc,v1,0,registration started
5390f9e444bc,v1,1,registration completed
8fda8f0e5106,v1,0,registration started
8fda8f0e5106,v1,1,registration completed
c4aec67a23b2,v1,0,registration started
c4aec67a23b2,v1,1,registration completed
d03b0a77cb71,v1,0,registration started
d03b0a77cb71,v1,1,registration completed
99af89ba8f3b,v1,0,registration started
99af89ba8f3b,v1,1,registration completed
2b262344b693,v1,0,registration started
2b262344b693,v1,1,registration completed
d244ebba0a52,v1,0,registration started
d244ebba0a52,v1,1,registration completed
c4014967c5a8,v1,0,registration started
c4014967c5a8,v1,1,registration completed
d324748a5ef2,v1,0,registration started
d324748a5ef2,v1,1,registration completed
da9b3d0b79c7,v1,0,registration started
da9b3d0b79c7,v1,1,registration completed
4731ffa6f062,v1,0,registration started
4731ffa6f062,v1,1,registration completed
9a3341e384e1,v1,0,registration started
9a3341e384e1,v1,1,registration completed
4c4fa2ece9fc,v1,0,registration started
4c4fa2ece9fc,v1,1,registration completed
2d05fe6b49ed,v1,0,registration started
2d05fe6b49ed,v1,1,registration completed
e981043c5f84,v1,0,registration started
e981043c5f84,v1,1,registration completed
27d6dbaeda9b,v1,0,registration started
27d6dbaeda9b,v1,1,registration completed
e4665a7137f2,v1,0,registration started
e4665a7137f2,v1,1,registration completed
05858340bffd,v1,0,registration started
05858340bffd,v1,1,registration completed
069b1ec8e19a,v1,0,registration started
069b1ec8e19a,v1,1,registration completed
7d88570c0518,v1,0,registration started
7d88570c0518,v1,1,registration completed
2decef1bcf1b,v1,0,registration started
2decef1bcf1b,v1,1,registration completed
6cc68e6752b9,v1,0,registration started
6cc68e6752b9,v1,1,registration completed
fee9696650e5,v1,0,registration started
fee9696650e5,v1,1,registration completed
6c911cdfc79b,v1,0,registration started
6c911cdfc79b,v1,1,registration completed
b888ab5fa73e,v1,0,registration started
b888ab5fa73e,v1,1,registration completed
33f4d475bf36,v1,0,registration started
33f4d475bf36,v1,1,registration completed
0c06a3ae4410,v1,0,registration started
0c06a3ae4410,v1,1,registration completed
22f281a2afe0,v1,0,registration started
22f281a2afe0,v1,1,registration completed
f5c65447592e,v1,0,registration started
f5c65447592e,v1,1,registration completed
9e43124c2957,v1,0,registration started
9e43124c2957,v1,1,registration completed
ba633b7960a9,v1,0,registration started
ba633b7960a9,v1,1,registration completed
4843bbfae31d,v1,0,registration started
4843bbfae31d,v1,1,registration completed
8fb35ab03ccb,v1,0,registration started
8fb35ab03ccb,v1,1,registration completed
b19d1b8bc21d,v1,0,registration started
b19d1b8bc21d,v1,1,registration completed
a2c0b868550c,v1,0,registration started
a2c0b868550c,v1,1,registration completed
80e2987ded61,v1,0,registration started
80e2987ded61,v1,1,registration completed
fd7db0dddc6e,v1,0,registration started
fd7db0dddc6e,v1,1,registration completed
d082e0a9ebc0,v1,0,registration started
d082e0a9ebc0,v1,1,registration completed
2737851eca6d,v1,0,registration started
2737851eca6d,v1,1,registration completed
dca09edeb442,v1,0,registration started
dca09edeb442,v1,1,registration completed
b9644585b28c,v1,0,registration started
b9644585b28c,v1,1,registration completed
5d6dec41a134,v1,0,registration started
5d6dec41a134,v1,1,registration completed
f612c9db65bf,v1,0,registration started
f612c9db65bf,v1,1,registration completed
6ef03228368d,v1,0,registration started
6ef03228368d,v1,1,registration completed
397a36b4f577,v1,0,registration started
397a36b4f577,v1,1,registration completed
1c970ecb2426,v1,0,registration started
1c970ecb2426,v1,1,registration completed
b2635e9a6a7f,v1,0,registration started
b2635e9a6a7f,v1,1,registration completed
9c4d5250b5f7,v1,0,registration started
9c4d5250b5f7,v1,1,registration completed
69021f582f06,v1,0,registration started
69021f582f06,v1,1,registration completed
95475686c6e8,v1,0,registration started
95475686c6e8,v1,1,registration completed
8fd38bd038b5,v1,0,registration started
8fd38bd038b5,v1,1,registration completed
2bb214172488,v1,0,registration started
2bb214172488,v1,1,registration completed
d9f4bec66e38,v1,0,registration started
d9f4bec66e38,v1,1,registration completed
0eab3fd26823,v1,0,registration started
0eab3fd26823,v1,1,registration completed
18c313934434,v1,0,registration started
18c313934434,v1,1,registration completed
d948afba6543,v1,0,registration started
d948afba6543,v1,1,registration completed
1ac60e26b75c,v1,0,registration started
1ac60e26b75c,v1,1,registration completed
dcc6416eec45,v1,0,registration started
dcc6416eec45,v1,1,registration completed
558b7308b51f,v1,0,registration started
558b7308b51f,v1,1,registration completed
ea8450b3cca0,v1,0,registration started
ea8450b3cca0,v1,1,registration completed
a14634aae815,v1,0,registration started
a14634aae815,v1,1,registration completed
00a16c4cc1a9,v1,0,registration started
00a16c4cc1a9,v1,1,registration completed
156d12a7898d,v1,0,registration started
156d12a7898d,v1,1,registration completed
cf8a9ac2cbfb,v1,0,registration started
cf8a9ac2cbfb,v1,1,registration completed
a57bd1493638,v1,0,registration started
a57bd1493638,v1,1,registration completed
08db054d54ab,v1,0,registration started
08db054d54ab,v1,1,registration completed
e8f04698e92b,v1,0,registration started
e8f04698e92b,v1,1,registration completed
09c021949aab,v1,0,registration started
09c021949aab,v1,1,registration completed
cb5279bccac6,v1,0,registration started
cb5279bccac6,v1,1,registration completed
573e6c215f14,v1,0,registration started
573e6c215f14,v1,1,registration completed
4e8e74ec90d1,v1,0,registration started
4e8e74ec90d1,v1,1,registration completed
ab58aac073e8,v1,0,registration started
ab58aac073e8,v1,1,registration completed
38fd005f0ed3,v1,0,registration started
38fd005f0ed3,v1,1,registration completed
aeaaa7badeb4,v1,0,registration started
aeaaa7badeb4,v1,1,registration completed
6fe86a915960,v1,0,registration started
6fe86a915960,v1,1,registration completed
ef3c1dfce67c,v1,0,registration started
ef3c1dfce67c,v1,1,registration completed
9c3fdfa26e1c,v1,0,registration started
9c3fdfa26e1c,v1,1,registration completed
8615c2d14f34,v1,0,registration started
8615c2d14f34,v1,1,registration completed
26e6ed3de35d,v1,0,registration started
26e6ed3de35d,v1,1,registration completed
7e4fea5057a2,v1,0,registration started
7e4fea5057a2,v1,1,registration completed
7d04167f1e95,v1,0,registration started
7d04167f1e95,v1,1,registration completed
cb0f573492bd,v1,0,registration started
cb0f573492bd,v1,1,registration completed
0d9f65e2be63,v1,0,registration started
0d9f65e2be63,v1,1,registration completed
26f794aecdb1,v1,0,registration started
26f794aecdb1,v1,1,registration completed
91e3a0609285,v1,0,registration started
91e3a0609285,v1,1,registration completed
9e9bfc052bc8,v1,0,registration started
9e9bfc052bc8,v1,1,registration completed
e8adce6f57db,v1,0,registration started
e8adce6f57db,v1,1,registration completed
507f2bfaddcc,v1,0,registration started
507f2bfaddcc,v1,1,registration completed
ec9a0465994d,v1,0,registration started
ec9a0465994d,v1,1,registration completed
b31b4c04a6a6,v1,0,registration started
b31b4c04a6a6,v1,1,registration completed
cf572fa998a1,v1,0,registration started
cf572fa998a1,v1,1,registration completed
810b3b6725a6,v1,0,registration started
810b3b6725a6,v1,1,registration completed
b2f3c3ce9f2a,v1,0,registration started
b2f3c3ce9f2a,v1,1,registration completed
34ac1091aedb,v1,0,registration started
34ac1091aedb,v1,1,registration completed
8066e0f720f1,v1,0,registration started
8066e0f720f1,v1,1,registration completed
c157e0120f71,v1,0,registration started
c157e0120f71,v1,1,registration completed
7a5f44d8d69d,v1,0,registration started
7a5f44d8d69d,v1,1,registration completed
4ee5c5e82c8e,v1,0,registration started
4ee5c5e82c8e,v1,1,registration completed
fc16229dd20d,v1,0,registration started
fc16229dd20d,v1,1,registration completed
9205d99e1575,v1,0,registration started
9205d99e1575,v1,1,registration completed
20652713bbe8,v1,0,registration started
20652713bbe8,v1,1,registration completed
06b027632b84,v1,0,registration started
06b027632b84,v1,1,registration completed
2a099e053dc3,v1,0,registration started
2a099e053dc3,v1,1,registration completed
7ee3b09b8ecf,v1,0,registration started
7ee3b09b8ecf,v1,1,registration completed
b618739dda80,v1,0,registration started
b618739dda80,v1,1,registration completed
d1a4e92e9378,v1,0,registration started
d1a4e92e9378,v1,1,registration completed
f548a8c08e2b,v1,0,registration started
f548a8c08e2b,v1,1,registration completed
ed727ba8f627,v1,0,registration started
ed727ba8f627,v1,1,registration completed
797bfbba2242,v1,0,registration started
797bfbba2242,v1,1,registration completed
552aa120255f,v1,0,registration started
552aa120255f,v1,1,registration completed
2fee72bc46f1,v1,0,registration started
2fee72bc46f1,v1,1,registration completed
996db8423a02,v1,0,registration started
996db8423a02,v1,1,registration completed
3c3a91dc30f1,v1,0,registration started
3c3a91dc30f1,v1,1,registration completed
4e1805f69c2f,v1,0,registration started
4e1805f69c2f,v1,1,registration completed
f20ce5585f2b,v1,0,registration started
f20ce5585f2b,v1,1,registration completed
f368e7755fa9,v1,0,registration started
f368e7755fa9,v1,1,registration completed
d8cb2af5b5b7,v1,0,registration started
d8cb2af5b5b7,v1,1,registration completed
25b81d68f2ad,v1,0,registration started
25b81d68f2ad,v1,1,registration completed
586bdb9819b7,v1,0,registration started
586bdb9819b7,v1,1,registration completed
41447e385370,v1,0,registration started
41447e385370,v1,1,registration completed
d69c12fc58e3,v1,0,registration started
d69c12fc58e3,v1,1,registration completed
67383a06b253,v1,0,registration started
67383a06b253,v1,1,registration completed
f8326548cfaf,v1,0,registration started
f8326548cfaf,v1,1,registration completed
281d2a2606cb,v1,0,registration started
281d2a2606cb,v1,1,registration completed
1cd14d2af652,v1,0,registration started
1cd14d2af652,v1,1,registration completed
f30ad0e1698d,v1,0,registration started
f30ad0e1698d,v1,1,registration completed
f9c6990c9ee3,v1,0,registration started
f9c6990c9ee3,v1,1,registration completed
9716f9eb2deb,v1,0,registration started
9716f9eb2deb,v1,1,registration completed
7f2a79d2876a,v1,0,registration started
7f2a79d2876a,v1,1,registration completed
59829190fdf2,v1,0,registration started
59829190fdf2,v1,1,registration completed
9b2ccbb84f4f,v1,0,registration started
9b2ccbb84f4f,v1,1,registration completed
3f19ea2f9725,v1,0,registration started
3f19ea2f9725,v1,1,registration completed
a636e0ce8fc1,v1,0,registration started
a636e0ce8fc1,v1,1,registration completed
67b76b55b585,v1,0,registration started
67b76b55b585,v1,1,registration completed
f8568f28e13d,v1,0,registration started
f8568f28e13d,v1,1,registration completed
c5dfb4aa881b,v1,0,registration started
c5dfb4aa881b,v1,1,registration completed
48158d6acbbe,v1,0,registration started
48158d6acbbe,v1,1,registration completed
b424878ca440,v1,0,registration started
b424878ca440,v1,1,registration completed
8fba22e0d099,v1,0,registration started
8fba22e0d099,v1,1,registration completed
a9cf96884101,v1,0,registration started
a9cf96884101,v1,1,registration completed
679187568683,v1,0,registration started
679187568683,v1,1,registration completed
ff7c2262aae0,v1,0,registration started
ff7c2262aae0,v1,1,registration completed
1d59d368fc56,v1,0,registration started
1d59d368fc56,v1,1,registration completed
995ce800305d,v1,0,registration started
995ce800305d,v1,1,registration completed
3c6d838c02cb,v1,0,registration started
3c6d838c02cb,v1,1,registration completed
3473ece97a1d,v1,0,registration started
3473ece97a1d,v1,1,registration completed
b2022f4b0cd7,v1,0,registration started
b2022f4b0cd7,v1,1,registration completed
f6167c66c4ef,v1,0,registration started
f6167c66c4ef,v1,1,registration completed
e5264ccf9bcc,v1,0,registration started
e5264ccf9bcc,v1,1,registration completed
6749a24e3079,v1,0,registration started
6749a24e3079,v1,1,registration completed
1b792d02fb7a,v1,0,registration started
1b792d02fb7a,v1,1,registration completed
babfde6d3412,v1,0,registration started
babfde6d3412,v1,1,registration completed
02a2fb52f2a4,v1,0,registration started
02a2fb52f2a4,v1,1,registration completed
d1f867f3ce0d,v1,0,registration started
d1f867f3ce0d,v1,1,registration completed
1758895a05cd,v1,0,registration started
1758895a05cd,v1,1,registration completed
f3715af00e54,v1,0,registration started
f3715af00e54,v1,1,registration completed
87592a2a6465,v1,0,registration started
87592a2a6465,v1,1,registration completed
e74ceddc78c6,v1,0,registration started
e74ceddc78c6,v1,1,registration completed
066c67042429,v1,0,registration started
066c67042429,v1,1,registration completed
23ef4981c127,v1,0,registration started
23ef4981c127,v1,1,registration completed
e1a3c59b06d0,v1,0,registration started
e1a3c59b06d0,v1,1,registration completed
b27e9e47b8fb,v1,0,registration started
b27e9e47b8fb,v1,1,registration completed
47cb5b1a8a59,v1,0,registration started
47cb5b1a8a59,v1,1,registration completed
a5f1f43e9efd,v1,0,registration started
a5f1f43e9efd,v1,1,registration completed
6c9e53f7f4ef,v1,0,registration started
6c9e53f7f4ef,v1,1,registration completed
2d2fc4526840,v1,0,registration started
2d2fc4526840,v1,1,registration completed
5bee27c5f88a,v1,0,registration started
5bee27c5f88a,v1,1,registration completed
b2a2775276c6,v1,0,registration started
b2a2775276c6,v1,1,registration completed
25bd86f176ac,v1,0,registration started
25bd86f176ac,v1,1,registration completed
a174371a71b0,v1,0,registration started
a174371a71b0,v1,1,registration completed
270feb3e1437,v1,0,registration started
270feb3e1437,v1,1,registration completed
039db1e8437e,v1,0,registration started
039db1e8437e,v1,1,registration completed
92b37813436b,v1,0,registration started
92b37813436b,v1,1,registration completed
caaa97d9df38,v1,0,registration started
caaa97d9df38,v1,1,registration completed
8606c93e8215,v1,0,registration started
8606c93e8215,v1,1,registration completed
ef12e97985dd,v1,0,registration started
ef12e97985dd,v1,1,registration completed
542d5bf23f3e,v1,0,registration started
542d5bf23f3e,v1,1,registration completed
e774b802cdb6,v1,0,registration started
e774b802cdb6,v1,1,registration completed
cea92821b22a,v1,0,registration started
cea92821b22a,v1,1,registration completed
f34166954f03,v1,0,registration started
f34166954f03,v1,1,registration completed
413219f6b2f5,v1,0,registration started
413219f6b2f5,v1,1,registration completed
270749e6b663,v1,0,registration started
270749e6b663,v1,1,registration completed
eabcd4d08636,v1,0,registration started
eabcd4d08636,v1,1,registration completed
bb994c5bd396,v1,0,registration started
bb994c5bd396,v1,1,registration completed
a290cd939a2a,v1,0,registration started
a290cd939a2a,v1,1,registration completed
4ece7132136c,v1,0,registration started
4ece7132136c,v1,1,registration completed
592682b186a6,v1,0,registration started
592682b186a6,v1,1,registration completed
29f8b399f230,v1,0,registration started
29f8b399f230,v1,1,registration completed
c96c06858c0e,v1,0,registration started
c96c06858c0e,v1,1,registration completed
ad8af9706def,v1,0,registration started
ad8af9706def,v1,1,registration completed
c9f50d22d8bb,v1,0,registration started
c9f50d22d8bb,v1,1,registration completed
6c24ed94d0ba,v1,0,registration started
6c24ed94d0ba,v1,1,registration completed
74be8d7a0437,v1,0,registration started
74be8d7a0437,v1,1,registration completed
793e692bb495,v1,0,registration started
793e692bb495,v1,1,registration completed
eaf2c60a5a84,v1,0,registration started
eaf2c60a5a84,v1,1,registration completed
0956cfe71306,v1,0,registration started
0956cfe71306,v1,1,registration completed
401aadf82e30,v1,0,registration started
401aadf82e30,v1,1,registration completed
14a39dcc12e9,v1,0,registration started
14a39dcc12e9,v1,1,registration completed
6e32a879a2b6,v1,0,registration started
6e32a879a2b6,v1,1,registration completed
635d61ff66d8,v1,0,registration started
635d61ff66d8,v1,1,registration completed
18c313934434,v1,0,registration started
18c313934434,v1,1,registration completed
b54b6c4603bf,v1,0,registration started
b54b6c4603bf,v1,1,registration completed
d15954e0f85c,v1,0,registration started
d15954e0f85c,v1,1,registration completed
b57b7afe9499,v1,0,registration started
b57b7afe9499,v1,1,registration completed
e2bde1255941,v1,0,registration started
e2bde1255941,v1,1,registration completed
a3bac8f5fb85,v1,0,registration started
a3bac8f5fb85,v1,1,registration completed
c104e6dc7c09,v1,0,registration started
c104e6dc7c09,v1,1,registration completed
9ceba850c5ea,v1,0,registration started
9ceba850c5ea,v1,1,registration completed
ec6510d8b6f2,v1,0,registration started
ec6510d8b6f2,v1,1,registration completed
d236968734b7,v1,0,registration started
d236968734b7,v1,1,registration completed
7520eba1ff7b,v1,0,registration started
7520eba1ff7b,v1,1,registration completed
93793a5c59bd,v1,0,registration started
93793a5c59bd,v1,1,registration completed
22565df338df,v1,0,registration started
22565df338df,v1,1,registration completed
e31831e73458,v1,0,registration started
e31831e73458,v1,1,registration completed
6b55c36f3989,v1,0,registration started
6b55c36f3989,v1,1,registration completed
0a09225c81bb,v1,0,registration started
0a09225c81bb,v1,1,registration completed
390f8b9d5dd0,v1,0,registration started
390f8b9d5dd0,v1,1,registration completed
f3266bd148e4,v1,0,registration started
f3266bd148e4,v1,1,registration completed
84939de291ed,v1,0,registration started
84939de291ed,v1,1,registration completed
7d9370b38112,v1,0,registration started
7d9370b38112,v1,1,registration completed
a690b42ae9b2,v1,0,registration started
a690b42ae9b2,v1,1,registration completed
e09ac786b0cb,v1,0,registration started
e09ac786b0cb,v1,1,registration completed
73b8bad21088,v1,0,registration started
73b8bad21088,v1,1,registration completed
824fac26ef86,v1,0,registration started
824fac26ef86,v1,1,registration completed
47e074a1b347,v1,0,registration started
47e074a1b347,v1,1,registration completed
618a37c419d0,v1,0,registration started
618a37c419d0,v1,1,registration completed
6cd6ee7f10bd,v1,0,registration started
6cd6ee7f10bd,v1,1,registration completed
baaa2fdf68b4,v1,0,registration started
baaa2fdf68b4,v1,1,registration completed
e6b62393881a,v1,0,registration started
e6b62393881a,v1,1,registration completed
48b0f96ef2dc,v1,0,registration started
48b0f96ef2dc,v1,1,registration completed
4a84bb2b0b3a,v1,0,registration started
4a84bb2b0b3a,v1,1,registration completed
cbda5ff38227,v1,0,registration started
cbda5ff38227,v1,1,registration completed
ee812abbae17,v1,0,registration started
ee812abbae17,v1,1,registration completed
4e12c755f3f2,v1,0,registration started
4e12c755f3f2,v1,1,registration completed
31fa3027303a,v1,0,registration started
31fa3027303a,v1,1,registration completed
a1956d73d403,v1,0,registration started
a1956d73d403,v1,1,registration completed
3a39519569da,v1,0,registration started
3a39519569da,v1,1,registration completed
77915eb2aee4,v1,0,registration started
77915eb2aee4,v1,1,registration completed
289eceb5443b,v1,0,registration started
289eceb5443b,v1,1,registration completed
c55a4293df3e,v1,0,registration started
c55a4293df3e,v1,1,registration completed
9c5018bb02d2,v1,0,registration started
9c5018bb02d2,v1,1,registration completed
f9e0a0a060ed,v1,0,registration started
f9e0a0a060ed,v1,1,registration completed
756b9018a551,v1,0,registration started
756b9018a551,v1,1,registration completed
74608a18e8e4,v1,0,registration started
74608a18e8e4,v1,1,registration completed
fd114b1912b6,v1,0,registration started
fd114b1912b6,v1,1,registration completed
85d2f69e7025,v1,0,registration started
85d2f69e7025,v1,1,registration completed
caf3b8eaa366,v1,0,registration started
caf3b8eaa366,v1,1,registration completed
b129f19d0af2,v1,0,registration started
b129f19d0af2,v1,1,registration completed
8defdff024fe,v1,0,registration started
8defdff024fe,v1,1,registration completed
2ac2ed862408,v1,0,registration started
2ac2ed862408,v1,1,registration completed
1a9cb8c4c8d7,v1,0,registration started
1a9cb8c4c8d7,v1,1,registration completed
0dedc06a8597,v1,0,registration started
0dedc06a8597,v1,1,registration completed
84341a8e0b7e,v1,0,registration started
84341a8e0b7e,v1,1,registration completed
01f1990699e4,v1,0,registration started
01f1990699e4,v1,1,registration completed
195a4d09c595,v1,0,registration started
195a4d09c595,v1,1,registration completed
181cd15e7fad,v1,0,registration started
181cd15e7fad,v1,1,registration completed
8b58df4b6959,v1,0,registration started
8b58df4b6959,v1,1,registration completed
b77be2af25f5,v1,0,registration started
b77be2af25f5,v1,1,registration completed
b779de6d1c61,v1,0,registration started
b779de6d1c61,v1,1,registration completed
4198045631c4,v1,0,registration started
4198045631c4,v1,1,registration completed
608a0ccab9c1,v1,0,registration started
608a0ccab9c1,v1,1,registration completed
cd6b50518b1b,v1,0,registration started
cd6b50518b1b,v1,1,registration completed
ed9ff7f912e4,v1,0,registration started
ed9ff7f912e4,v1,1,registration completed
82b630c8ef69,v1,0,registration started
82b630c8ef69,v1,1,registration completed
b0b6de8acc5e,v1,0,registration started
b0b6de8acc5e,v1,1,registration completed
82f51280bea1,v1,0,registration started
82f51280bea1,v1,1,registration completed
9d46ea5d0c26,v1,0,registration started
9d46ea5d0c26,v1,1,registration completed
9c9245ec7777,v1,0,registration started
9c9245ec7777,v1,1,registration completed
d06dc2279e56,v1,0,registration started
d06dc2279e56,v1,1,registration completed
80ad201aa8cf,v1,0,registration started
80ad201aa8cf,v1,1,registration completed
e9cf95343393,v1,0,registration started
e9cf95343393,v1,1,registration completed
c794cc690e6b,v1,0,registration started
c794cc690e6b,v1,1,registration completed
814c326dbf2d,v1,0,registration started
814c326dbf2d,v1,1,registration completed
fb0e257304b9,v1,0,registration started
fb0e257304b9,v1,1,registration completed
5f526d3090fc,v1,0,registration started
5f526d3090fc,v1,1,registration completed
ef6a542e39a4,v1,0,registration started
ef6a542e39a4,v1,1,registration completed
9034f08998f0,v1,0,registration started
9034f08998f0,v1,1,registration completed
9d1a7452fdbf,v1,0,registration started
9d1a7452fdbf,v1,1,registration completed
28123ed57f59,v1,0,registration started
28123ed57f59,v1,1,registration completed
6916bbbe9f24,v1,0,registration started
6916bbbe9f24,v1,1,registration completed
887c031b831d,v1,0,registration started
887c031b831d,v1,1,registration completed
3616d0442ecb,v1,0,registration started
3616d0442ecb,v1,1,registration completed
70ce2863d110,v1,0,registration started
70ce2863d110,v1,1,registration completed
3f262e866158,v1,0,registration started
3f262e866158,v1,1,registration completed
c9fd45da3964,v1,0,registration started
c9fd45da3964,v1,1,registration completed
bb43b2c76c87,v1,0,registration started
bb43b2c76c87,v1,1,registration completed
7e62b0c9182e,v1,0,registration started
7e62b0c9182e,v1,1,registration completed
afa37845925d,v1,0,registration started
afa37845925d,v1,1,registration completed
720fc1e8e8b0,v1,0,registration started
720fc1e8e8b0,v1,1,registration completed
536770ec7d01,v1,0,registration started
536770ec7d01,v1,1,registration completed
c6b6dd92e42a,v1,0,registration started
c6b6dd92e42a,v1,1,registration completed
5e21d7487e2e,v1,0,registration started
5e21d7487e2e,v1,1,registration completed
5a7576901649,v1,0,registration started
5a7576901649,v1,1,registration completed
b97b1f3ab1ee,v1,0,registration started
b97b1f3ab1ee,v1,1,registration completed
637783960fda,v1,0,registration started
637783960fda,v1,1,registration completed
11fb0eb9d033,v1,0,registration started
11fb0eb9d033,v1,1,registration completed
3dc2b7a2cf9f,v1,0,registration started
3dc2b7a2cf9f,v1,1,registration completed
44bde3a367c7,v1,0,registration started
44bde3a367c7,v1,1,registration completed
86a83f0827ac,v1,0,registration started
86a83f0827ac,v1,1,registration completed
f846ecc165f0,v1,0,registration started
f846ecc165f0,v1,1,registration completed
4b99fb3f7c87,v1,0,registration started
4b99fb3f7c87,v1,1,registration completed
f2ba4d6f6eff,v1,0,registration started
f2ba4d6f6eff,v1,1,registration completed
d73e8ff5d70d,v1,0,registration started
d73e8ff5d70d,v1,1,registration completed
5d9998ca383d,v1,0,registration started
5d9998ca383d,v1,1,registration completed
96045bc947b3,v1,0,registration started
96045bc947b3,v1,1,registration completed
9d01e11966f7,v1,0,registration started
9d01e11966f7,v1,1,registration completed
1120ff7989f4,v1,0,registration started
1120ff7989f4,v1,1,registration completed
40a1c30ed796,v1,0,registration started
40a1c30ed796,v1,1,registration completed
ffad7d7874ca,v1,0,registration started
ffad7d7874ca,v1,1,registration completed
a77977d188c4,v1,0,registration started
a77977d188c4,v1,1,registration completed
7d9370b38112,v1,0,registration started
7d9370b38112,v1,1,registration completed
f8df33a0bed7,v1,0,registration started
f8df33a0bed7,v1,1,registration completed
0b28baceb4e4,v1,0,registration started
0b28baceb4e4,v1,1,registration completed
78f475e11377,v1,0,registration started
78f475e11377,v1,1,registration completed
f64c99d75b45,v1,0,registration started
f64c99d75b45,v1,1,registration completed
5e65b3f3ebf6,v1,0,registration started
5e65b3f3ebf6,v1,1,registration completed
9c3257084b94,v1,0,registration started
9c3257084b94,v1,1,registration completed
df9baf4ae9b4,v1,0,registration started
df9baf4ae9b4,v1,1,registration completed
c3562e2d9349,v1,0,registration started
c3562e2d9349,v1,1,registration completed
c4b98a94949a,v1,0,registration started
c4b98a94949a,v1,1,registration completed
36901242e8a4,v1,0,registration started
36901242e8a4,v1,1,registration completed
3536f17b4707,v1,0,registration started
3536f17b4707,v1,1,registration completed
cfa7562d8642,v2,0,registration started
cfa7562d8642,v2,1,registration completed
0b98d3009cee,v1,0,registration started
0b98d3009cee,v1,1,registration completed
0b98d3009cee,v1,0,registration started
0b98d3009cee,v1,1,registration completed
a4038b45998a,v2,0,registration started
a4038b45998a,v2,1,registration completed
cfa7562d8642,v2,0,registration started
cfa7562d8642,v2,1,registration completed
0b98d3009cee,v1,0,registration started
0b98d3009cee,v1,1,registration completed
58003bf0152d,v2,0,registration started
58003bf0152d,v2,1,registration completed
58003bf0152d,v2,0,registration started
58003bf0152d,v2,1,registration completed
96cae25a3eb7,v1,0,registration started
96cae25a3eb7,v1,1,registration completed
0b98d3009cee,v1,0,registration started
0b98d3009cee,v1,1,registration completed
0bc4e4d3140a,v2,0,registration started
0bc4e4d3140a,v2,2,abandoned
cfa7562d8642,v2,0,registration started
cfa7562d8642,v2,1,registration completed
5e65b3f3ebf6,v1,0,registration started
5e65b3f3ebf6,v1,1,registration completed
178c78255064,v2,0,registration started
178c78255064,v2,1,registration completed
cfa7562d8642,v2,0,registration started
cfa7562d8642,v2,1,registration completed
0b98d3009cee,v1,0,registration started
0b98d3009cee,v1,1,registration completed
0b98d3009cee,v1,0,registration started
0b98d3009cee,v1,1,registration completed
a5def76f53e2,v2,0,registration started
a5def76f53e2,v2,1,registration completed
0b98d3009cee,v1,0,registration started
0b98d3009cee,v1,1,registration completed
f19c866c9fd5,v2,0,registration started
f19c866c9fd5,v2,1,registration completed
64e5fa345723,v2,0,registration started
64e5fa345723,v2,1,registration completed
4f10e7ccb693,v2,0,registration started
4f10e7ccb693,v2,1,registration completed
e4bb3d69fa67,v1,0,registration started
e4bb3d69fa67,v1,1,registration completed
0d396bbbe637,v2,0,registration started
0d396bbbe637,v2,1,registration completed
6d3883ec2cac,v2,0,registration started
6d3883ec2cac,v2,1,registration completed
425a85d298f2,v2,0,registration started
425a85d298f2,v2,1,registration completed
72fd8e1853ee,v2,0,registration started
72fd8e1853ee,v2,1,registration completed
8d99fc65f5d8,v2,0,registration started
8d99fc65f5d8,v2,1,registration completed
d8453c52ba60,v2,0,registration started
d8453c52ba60,v2,2,abandoned
f3141ba1bdbf,v2,0,registration started
f3141ba1bdbf,v2,1,registration completed
cfa7562d8642,v2,0,registration started
cfa7562d8642,v2,1,registration completed
7dcca471d88b,v1,0,registration started
7dcca471d88b,v1,1,registration completed
2f1d63920637,v2,0,registration started
2f1d63920637,v2,1,registration completed
452c08220fe8,v2,0,registration started
452c08220fe8,v2,1,registration completed
c6b6dd92e42a,v1,0,registration started
c6b6dd92e42a,v1,1,registration completed
0982baceacfa,v2,0,registration started
0982baceacfa,v2,1,registration completed
8d35e97c8a4a,v2,0,registration started
8d35e97c8a4a,v2,2,abandoned
0a225e949939,v2,0,registration started
0a225e949939,v2,1,registration completed
57564566869e,v2,0,registration started
57564566869e,v2,1,registration completed
f182c9674a6f,v2,0,registration started
f182c9674a6f,v2,1,registration completed
0bdeeab02ee1,v2,0,registration started
0bdeeab02ee1,v2,1,registration completed
92d93d16ccf9,v2,0,registration started
92d93d16ccf9,v2,1,registration completed
5616952a922d,v2,0,registration started
5616952a922d,v2,1,registration completed
13c2983256df,v2,0,registration started
13c2983256df,v2,1,registration completed
221fa9dcfc72,v1,0,registration started
221fa9dcfc72,v1,1,registration completed
258089dc336d,v2,0,registration started
258089dc336d,v2,1,registration completed
e321fc2db3fa,v2,0,registration started
e321fc2db3fa,v2,1,registration completed
6ae6862863cc,v2,0,registration started
6ae6862863cc,v2,1,registration completed
48b29e9b74b3,v2,0,registration started
48b29e9b74b3,v2,1,registration completed
b259227734f4,v2,0,registration started
b259227734f4,v2,1,registration completed
4d1e482c7da6,v2,0,registration started
4d1e482c7da6,v2,1,registration completed
74a39c4f60d3,v2,0,registration started
74a39c4f60d3,v2,1,registration completed
e86e2bb226cd,v2,0,registration started
e86e2bb226cd,v2,1,registration completed
025cac964aaa,v2,0,registration started
025cac964aaa,v2,1,registration completed
288002336e77,v2,0,registration started
288002336e77,v2,1,registration completed
8c76ab127eda,v2,0,registration started
8c76ab127eda,v2,2,abandoned
a5b8a3cf6303,v2,0,registration started
a5b8a3cf6303,v2,1,registration completed
702f81b87973,v2,0,registration started
702f81b87973,v2,1,registration completed
c44634a0d0af,v2,0,registration started
c44634a0d0af,v2,1,registration completed
54987b876f2a,v1,0,registration started
54987b876f2a,v1,1,registration completed
58bd15dd3b17,v1,0,registration started
58bd15dd3b17,v1,1,registration completed
28cfc1df937a,v2,0,registration started
28cfc1df937a,v2,1,registration completed
1c5abb23d689,v2,0,registration started
1c5abb23d689,v2,1,registration completed
92c906ae713f,v1,0,registration started
92c906ae713f,v1,1,registration completed
2b5a6c0d5350,v2,0,registration started
2b5a6c0d5350,v2,2,abandoned
46f5acd38250,v1,0,registration started
46f5acd38250,v1,1,registration completed
ed77d995c4dd,v2,0,registration started
ed77d995c4dd,v2,1,registration completed
953e3cf164e2,v2,0,registration started
953e3cf164e2,v2,1,registration completed
406a00fa0c7d,v2,0,registration started
406a00fa0c7d,v2,1,registration completed
111ad7eb4be6,v2,0,registration started
111ad7eb4be6,v2,1,registration completed
342348fe0966,v2,0,registration started
342348fe0966,v2,1,registration completed
8bf06bcd9b8d,v2,0,registration started
8bf06bcd9b8d,v2,2,abandoned
e0698cb52450,v2,0,registration started
e0698cb52450,v2,1,registration completed
e61e18e8a539,v2,0,registration started
e61e18e8a539,v2,1,registration completed
fdecf58bbd1b,v2,0,registration started
fdecf58bbd1b,v2,2,abandoned
a5dadd4e8d83,v2,0,registration started
a5dadd4e8d83,v2,1,registration completed
e9007fba3801,v2,0,registration started
e9007fba3801,v2,1,registration completed
e51aa2d7b4dc,v2,0,registration started
e51aa2d7b4dc,v2,1,registration completed
4fd0ea8a5508,v2,0,registration started
4fd0ea8a5508,v2,1,registration completed
3fb5c8b2ceba,v2,0,registration started
3fb5c8b2ceba,v2,2,abandoned
5342526ca7e7,v2,0,registration started
5342526ca7e7,v2,1,registration completed
b05d491de4b3,v2,0,registration started
b05d491de4b3,v2,1,registration completed
a21a9f65fe4f,v2,0,registration started
a21a9f65fe4f,v2,1,registration completed
64ad655a920c,v2,0,registration started
64ad655a920c,v2,1,registration completed
8c0dd341c5ed,v2,0,registration started
8c0dd341c5ed,v2,1,registration completed
91ff28da6cfe,v2,0,registration started
91ff28da6cfe,v2,1,registration completed
d26cb0cae7f8,v2,0,registration started
d26cb0cae7f8,v2,2,abandoned
3599f0b9b4e9,v2,0,registration started
3599f0b9b4e9,v2,1,registration completed
c360da905665,v2,0,registration started
c360da905665,v2,1,registration completed
adc62f73647f,v1,0,registration started
adc62f73647f,v1,1,registration completed
5f86a3974516,v2,0,registration started
5f86a3974516,v2,1,registration completed
3a57ba4e56f1,v2,0,registration started
3a57ba4e56f1,v2,1,registration completed
b97b1f3ab1ee,v1,0,registration started
b97b1f3ab1ee,v1,2,abandoned
b5eb6b5a548a,v2,0,registration started
b5eb6b5a548a,v2,1,registration completed
ec87239959ff,v2,0,registration started
ec87239959ff,v2,1,registration completed
e846935965c0,v1,0,registration started
e846935965c0,v1,1,registration completed
1195052a2705,v2,0,registration started
1195052a2705,v2,1,registration completed
a37a284274ee,v2,0,registration started
a37a284274ee,v2,1,registration completed
d290da81e8e7,v2,0,registration started
d290da81e8e7,v2,1,registration completed
0de98070fca2,v2,0,registration started
0de98070fca2,v2,1,registration completed
f11283a6845d,v1,0,registration started
f11283a6845d,v1,1,registration completed
d254704c670d,v2,0,registration started
d254704c670d,v2,1,registration completed
cddce7294b5b,v2,0,registration started
cddce7294b5b,v2,1,registration completed
c3162b9d1443,v2,0,registration started
c3162b9d1443,v2,1,registration completed
3699dffeee89,v2,0,registration started
3699dffeee89,v2,1,registration completed
1478ba543589,v2,0,registration started
1478ba543589,v2,1,registration completed
79259d704ff7,v2,0,registration started
79259d704ff7,v2,2,abandoned
dd91d1e52f04,v2,0,registration started
dd91d1e52f04,v2,1,registration completed
a370231f9314,v2,0,registration started
a370231f9314,v2,2,abandoned
82e37a8b57e0,v2,0,registration started
82e37a8b57e0,v2,1,registration completed
8483c94fc824,v2,0,registration started
8483c94fc824,v2,1,registration completed
382454408be6,v2,0,registration started
382454408be6,v2,1,registration completed
34c6d4f5c12a,v2,0,registration started
34c6d4f5c12a,v2,1,registration completed
f75b72879f1a,v2,0,registration started
f75b72879f1a,v2,1,registration completed
99527ac5570a,v2,0,registration started
99527ac5570a,v2,1,registration completed
4cc91e57a91d,v2,0,registration started
4cc91e57a91d,v2,1,registration completed
fd7d78747649,v2,0,registration started
fd7d78747649,v2,1,registration completed
605b9bd2c5b5,v2,0,registration started
605b9bd2c5b5,v2,1,registration completed
987992302be3,v2,0,registration started
987992302be3,v2,1,registration completed
c7ce2d12156e,v2,0,registration started
c7ce2d12156e,v2,1,registration completed
9f2d3768beb5,v2,0,registration started
9f2d3768beb5,v2,1,registration completed
7c977f02bfe9,v2,0,registration started
7c977f02bfe9,v2,2,abandoned
dddc6142ec46,v2,0,registration started
dddc6142ec46,v2,1,registration completed
04cb2517ef64,v2,0,registration started
04cb2517ef64,v2,1,registration completed
886c4de0e15e,v2,0,registration started
886c4de0e15e,v2,1,registration completed
d09093012a62,v2,0,registration started
d09093012a62,v2,2,abandoned
8759feb68258,v2,0,registration started
8759feb68258,v2,1,registration completed
445f8c30e657,v2,0,registration started
445f8c30e657,v2,1,registration completed
dfed16440fa7,v1,0,registration started
dfed16440fa7,v1,1,registration completed
fc2b2710562a,v2,0,registration started
fc2b2710562a,v2,1,registration completed
6567fd8b98e1,v2,0,registration started
6567fd8b98e1,v2,1,registration completed
472a699ace80,v2,0,registration started
472a699ace80,v2,1,registration completed
6eedeba579e8,v2,0,registration started
6eedeba579e8,v2,1,registration completed
49d32c03804c,v2,0,registration started
49d32c03804c,v2,1,registration completed
54a45c3fe833,v2,0,registration started
54a45c3fe833,v2,1,registration completed
f6955c0ddf09,v2,0,registration started
f6955c0ddf09,v2,1,registration completed
df2315cbae47,v2,0,registration started
df2315cbae47,v2,2,abandoned
bb9ab96cf213,v2,0,registration started
bb9ab96cf213,v2,1,registration completed
8f94e95702e9,v2,0,registration started
8f94e95702e9,v2,1,registration completed
1244bca63bbc,v2,0,registration started
1244bca63bbc,v2,1,registration completed
712e43e87c9d,v2,0,registration started
712e43e87c9d,v2,1,registration completed
6a8a6553d37c,v2,0,registration started
6a8a6553d37c,v2,1,registration completed
c137032f95d9,v2,0,registration started
c137032f95d9,v2,1,registration completed
0083ec87957f,v2,0,registration started
0083ec87957f,v2,1,registration completed
77dfea4b3ab8,v2,0,registration started
77dfea4b3ab8,v2,1,registration completed
6b27658db6ff,v2,0,registration started
6b27658db6ff,v2,2,abandoned
d72beab625fc,v2,0,registration started
d72beab625fc,v2,1,registration completed
8ba79bdd901a,v2,0,registration started
8ba79bdd901a,v2,1,registration completed
01ef5a3bd732,v2,0,registration started
01ef5a3bd732,v2,1,registration completed
19d1bcdf4a39,v2,0,registration started
19d1bcdf4a39,v2,1,registration completed
db789f9ca2ec,v2,0,registration started
db789f9ca2ec,v2,1,registration completed
6779fc6ca75c,v2,0,registration started
6779fc6ca75c,v2,1,registration completed
ccc810f98941,v2,0,registration started
ccc810f98941,v2,1,registration completed
40f8794ebb5b,v2,0,registration started
40f8794ebb5b,v2,1,registration completed
9ca5279f044f,v2,0,registration started
9ca5279f044f,v2,1,registration completed
45e7ecc8527a,v2,0,registration started
45e7ecc8527a,v2,1,registration completed
40f8794ebb5b,v2,0,registration started
40f8794ebb5b,v2,1,registration completed
08850488608f,v2,0,registration started
08850488608f,v2,1,registration completed
556dae00d01f,v2,0,registration started
556dae00d01f,v2,1,registration completed
7869e67ffa0e,v2,0,registration started
7869e67ffa0e,v2,1,registration completed
d2892eaa1607,v2,0,registration started
d2892eaa1607,v2,1,registration completed
556dae00d01f,v2,0,registration started
556dae00d01f,v2,1,registration completed
735f4ace2178,v2,0,registration started
735f4ace2178,v2,1,registration completed
5c53de3124be,v2,0,registration started
5c53de3124be,v2,1,registration completed
c9ea22770d07,v2,0,registration started
c9ea22770d07,v2,1,registration completed
ae909a599460,v2,0,registration started
ae909a599460,v2,1,registration completed
586c8274d40e,v2,0,registration started
586c8274d40e,v2,1,registration completed
627ca3a43260,v2,0,registration started
627ca3a43260,v2,1,registration completed
adfaefbb4401,v2,0,registration started
adfaefbb4401,v2,1,registration completed
ae909a599460,v2,0,registration started
ae909a599460,v2,1,registration completed
b094ff31751a,v1,0,registration started
b094ff31751a,v1,1,registration completed
8cf5c750e3a9,v2,0,registration started
8cf5c750e3a9,v2,1,registration completed
ee97c8efb32c,v2,0,registration started
ee97c8efb32c,v2,1,registration completed
4aeebdaf4511,v2,0,registration started
4aeebdaf4511,v2,1,registration completed
26abf7ed58c5,v1,0,registration started
26abf7ed58c5,v1,1,registration completed
7d274d55a9fc,v2,0,registration started
7d274d55a9fc,v2,1,registration completed
8dfd0b293cb4,v2,0,registration started
8dfd0b293cb4,v2,1,registration completed
7b247e90e35b,v2,0,registration started
7b247e90e35b,v2,1,registration completed
eb43d61f1fa6,v2,0,registration started
eb43d61f1fa6,v2,1,registration completed
5f00e43eff17,v2,0,registration started
5f00e43eff17,v2,1,registration completed
79ac5516fd24,v2,0,registration started
79ac5516fd24,v2,1,registration completed
ea6ec746a9f3,v2,0,registration started
ea6ec746a9f3,v2,1,registration completed
946815b7a988,v2,0,registration started
946815b7a988,v2,1,registration completed
c9be207f9ad1,v2,0,registration started
c9be207f9ad1,v2,1,registration completed
43b3c1b09eef,v2,0,registration started
43b3c1b09eef,v2,1,registration completed
084592c4a4fd,v2,0,registration started
084592c4a4fd,v2,1,registration completed
c9eb3cfa60f9,v2,0,registration started
c9eb3cfa60f9,v2,1,registration completed
483cf6a54bf1,v2,0,registration started
483cf6a54bf1,v2,1,registration completed
98a101df38a7,v2,0,registration started
98a101df38a7,v2,2,abandoned
a70e3fb62bc0,v2,0,registration started
a70e3fb62bc0,v2,1,registration completed
d58fd4a48a69,v2,0,registration started
d58fd4a48a69,v2,1,registration completed
78055add5269,v2,0,registration started
78055add5269,v2,2,abandoned
c6ddc37c2366,v2,0,registration started
c6ddc37c2366,v2,1,registration completed
92ff5182ff53,v2,0,registration started
92ff5182ff53,v2,1,registration completed
53c1984d329d,v2,0,registration started
53c1984d329d,v2,1,registration completed
c026dd1c05cd,v2,0,registration started
c026dd1c05cd,v2,1,registration completed
dc6642edcd75,v2,0,registration started
dc6642edcd75,v2,1,registration completed
6ae499a69fef,v2,0,registration started
6ae499a69fef,v2,1,registration completed
9bb0bde5b746,v2,0,registration started
9bb0bde5b746,v2,1,registration completed
8eb4ec93218c,v2,0,registration started
8eb4ec93218c,v2,1,registration completed
9fc9dc6b6c7d,v2,0,registration started
9fc9dc6b6c7d,v2,1,registration completed
43c2b95fe94f,v2,0,registration started
43c2b95fe94f,v2,2,abandoned
31b8761c2878,v2,0,registration started
31b8761c2878,v2,1,registration completed
cf03288f22b4,v2,0,registration started
cf03288f22b4,v2,1,registration completed
3939c9b21a6d,v2,0,registration started
3939c9b21a6d,v2,1,registration completed
2c38877ae17e,v2,0,registration started
2c38877ae17e,v2,1,registration completed
88837a6cbbbc,v2,0,registration started
88837a6cbbbc,v2,2,abandoned
0c3fc97bd83c,v2,0,registration started
0c3fc97bd83c,v2,1,registration completed
0209640b4a42,v2,0,registration started
0209640b4a42,v2,2,abandoned
65efccbd2ae4,v2,0,registration started
65efccbd2ae4,v2,1,registration completed
7ddd567fca0b,v2,0,registration started
7ddd567fca0b,v2,1,registration completed
491ad6e259e6,v2,0,registration started
491ad6e259e6,v2,1,registration completed
a44cd0fb62fb,v2,0,registration started
a44cd0fb62fb,v2,1,registration completed
35e622501381,v2,0,registration started
35e622501381,v2,1,registration completed
fd865163ce46,v2,0,registration started
fd865163ce46,v2,2,abandoned
9bc3f350074c,v2,0,registration started
9bc3f350074c,v2,1,registration completed
e2f825d75a6a,v2,0,registration started
e2f825d75a6a,v2,1,registration completed
78d1eb495436,v2,0,registration started
78d1eb495436,v2,1,registration completed
56c146535660,v2,0,registration started
56c146535660,v2,1,registration completed
95df82024399,v2,0,registration started
95df82024399,v2,1,registration completed
592ec0ca02ec,v2,0,registration started
592ec0ca02ec,v2,1,registration completed
d4bf3a47f65a,v2,0,registration started
d4bf3a47f65a,v2,1,registration completed
9d99509f5976,v2,0,registration started
9d99509f5976,v2,1,registration completed
38d97281c545,v2,0,registration started
38d97281c545,v2,1,registration completed
8b06a10e13e1,v2,0,registration started
8b06a10e13e1,v2,1,registration completed
7ab96e544cfe,v2,0,registration started
7ab96e544cfe,v2,1,registration completed
0e67c88ff3ff,v2,0,registration started
0e67c88ff3ff,v2,2,abandoned
14ddc19dbb75,v2,0,registration started
14ddc19dbb75,v2,1,registration completed
88bf03d80863,v2,0,registration started
88bf03d80863,v2,1,registration completed
96cae25a3eb7,v1,0,registration started
96cae25a3eb7,v1,1,registration completed
3507ac8c5023,v2,0,registration started
3507ac8c5023,v2,1,registration completed
66aee72311ce,v2,0,registration started
66aee72311ce,v2,1,registration completed
a805dfa3d789,v2,0,registration started
a805dfa3d789,v2,1,registration completed
db7bf73021d3,v2,0,registration started
db7bf73021d3,v2,1,registration completed
d25bcb376566,v2,0,registration started
d25bcb376566,v2,1,registration completed
48ab8159f144,v2,0,registration started
48ab8159f144,v2,1,registration completed
993a3e5d9533,v2,0,registration started
993a3e5d9533,v2,3,in progress
fbd40694fd86,v2,0,registration started
fbd40694fd86,v2,1,registration completed
9ef3cc352336,v2,0,registration started
9ef3cc352336,v2,1,registration completed
b9ff365f1be6,v2,0,registration started
b9ff365f1be6,v2,1,registration completed
608f79704cbf,v2,0,registration started
608f79704cbf,v2,1,registration completed
14ddc19dbb75,v2,0,registration started
14ddc19dbb75,v2,2,abandoned
b77211058cd3,v2,0,registration started
b77211058cd3,v2,1,registration completed
f1b26038f401,v2,0,registration started
f1b26038f401,v2,1,registration completed
f92f97820aa4,v2,0,registration started
f92f97820aa4,v2,1,registration completed
b12b524a7968,v2,0,registration started
b12b524a7968,v2,1,registration completed
5b84761ac5e2,v2,0,registration started
5b84761ac5e2,v2,1,registration completed
28c40585786a,v2,0,registration started
28c40585786a,v2,1,registration completed
25588123ba9f,v2,0,registration started
25588123ba9f,v2,1,registration completed
531a6927701a,v2,0,registration started
531a6927701a,v2,1,registration completed
96a27578e793,v2,0,registration started
96a27578e793,v2,2,abandoned
53bf7d07b4fd,v2,0,registration started
53bf7d07b4fd,v2,1,registration completed
b61533160f33,v2,0,registration started
b61533160f33,v2,1,registration completed
73105f496c9d,v2,0,registration started
73105f496c9d,v2,1,registration completed
bdf1985b72f0,v2,0,registration started
bdf1985b72f0,v2,1,registration completed
d9bfd492b47c,v2,0,registration started
d9bfd492b47c,v2,1,registration completed
08914801c587,v2,0,registration started
08914801c587,v2,1,registration completed
f87b2b4a3035,v2,0,registration started
f87b2b4a3035,v2,2,abandoned
f92f97820aa4,v2,0,registration started
f92f97820aa4,v2,1,registration completed
ff8aba8d2fcd,v2,0,registration started
ff8aba8d2fcd,v2,1,registration completed
231d977ef5dd,v2,0,registration started
231d977ef5dd,v2,1,registration completed
1c4da3d603d8,v2,0,registration started
1c4da3d603d8,v2,1,registration completed
c5e0339cc08d,v2,0,registration started
c5e0339cc08d,v2,2,abandoned
72df70d7f7f2,v2,0,registration started
72df70d7f7f2,v2,1,registration completed
9b8814417d9b,v2,0,registration started
9b8814417d9b,v2,1,registration completed
937ca5ee6fc9,v2,0,registration started
937ca5ee6fc9,v2,2,abandoned
11df55ab8edf,v2,0,registration started
11df55ab8edf,v2,1,registration completed
e00f284b4d11,v2,0,registration started
e00f284b4d11,v2,2,abandoned
ea679c40c481,v2,0,registration started
ea679c40c481,v2,1,registration completed
f9dabca94541,v2,0,registration started
f9dabca94541,v2,1,registration completed
481efc270120,v2,0,registration started
481efc270120,v2,2,abandoned
67b4ab111644,v2,0,registration started
67b4ab111644,v2,1,registration completed
722cc432eeac,v2,0,registration started
722cc432eeac,v2,1,registration completed
0fc6850ce612,v2,0,registration started
0fc6850ce612,v2,1,registration completed
4b71814a9e45,v2,0,registration started
4b71814a9e45,v2,1,registration completed
9d8a3f92a7aa,v1,0,registration started
9d8a3f92a7aa,v1,1,registration completed
aecb2e9b7409,v2,0,registration started
aecb2e9b7409,v2,1,registration completed
ec68f78b1ef2,v2,0,registration started
ec68f78b1ef2,v2,1,registration completed
9f690905e4e2,v2,0,registration started
9f690905e4e2,v2,1,registration completed
e26ac75b73cf,v2,0,registration started
e26ac75b73cf,v2,1,registration completed
5356bf503569,v2,0,registration started
5356bf503569,v2,1,registration completed
2577c2e4cf9f,v2,0,registration started
2577c2e4cf9f,v2,1,registration completed
4f83816de195,v2,0,registration started
4f83816de195,v2,1,registration completed
e9351eb195d7,v2,0,registration started
e9351eb195d7,v2,1,registration completed
0c78f2aad5e5,v2,0,registration started
0c78f2aad5e5,v2,1,registration completed
565cc8ae2e12,v2,0,registration started
565cc8ae2e12,v2,1,registration completed
a0e6df251177,v2,0,registration started
a0e6df251177,v2,2,abandoned
7cf32354723f,v2,0,registration started
7cf32354723f,v2,1,registration completed
1e773803af74,v2,0,registration started
1e773803af74,v2,1,registration completed
5de099247cf3,v2,0,registration started
5de099247cf3,v2,2,abandoned
11ec968bc419,v2,0,registration started
11ec968bc419,v2,1,registration completed
baa48a021da1,v2,0,registration started
baa48a021da1,v2,1,registration completed
3e8a49119be2,v2,0,registration started
3e8a49119be2,v2,1,registration completed
9fcefbf202de,v2,0,registration started
9fcefbf202de,v2,1,registration completed
611baf67346f,v2,0,registration started
611baf67346f,v2,1,registration completed
8db3a161dfe0,v2,0,registration started
8db3a161dfe0,v2,1,registration completed
65344d4569b3,v2,0,registration started
65344d4569b3,v2,1,registration completed
d9a9782ccb46,v2,0,registration started
d9a9782ccb46,v2,1,registration completed
4376945e63f5,v2,0,registration started
4376945e63f5,v2,1,registration completed
84f907fe90b6,v2,0,registration started
84f907fe90b6,v2,1,registration completed
6a18d4161c22,v2,0,registration started
6a18d4161c22,v2,1,registration completed
9fcefbf202de,v2,0,registration started
9fcefbf202de,v2,1,registration completed
dfb6813d4952,v2,0,registration started
dfb6813d4952,v2,1,registration completed
c4257bd16a3d,v2,0,registration started
c4257bd16a3d,v2,1,registration completed
