cluster_id,user_id,term,weight
0,11e3b5c0ff75,humanitaria,0.01504011613586354
0,730e17119e5d,humanitaria,0.01504011613586354
0,77aaa1392818,humanitaria,0.01504011613586354
0,8a74e17e6243,humanitaria,0.01504011613586354
0,8e58449c3754,humanitaria,0.01504011613586354
0,9802841c02ed,humanitaria,0.01504011613586354
0,af2bff13e52d,humanitaria,0.01504011613586354
0,be1030057619,humanitaria,0.01504011613586354
0,c0ebc8b6e977,humanitaria,0.01504011613586354
0,caf3b8eaa366,humanitaria,0.01504011613586354
0,e1e54a1ff1f5,humanitaria,0.01504011613586354
0,157aec2253fd,casa,0.011769951036140714
0,72481892be9f,casa,0.011769951036140714
0,9d99509f5976,casa,0.011769951036140714
0,baaa2fdf68b4,casa,0.011769951036140714
0,9802841c02ed,humanitarias,0.011769951036140714
0,af2bff13e52d,humanitarias,0.011769951036140714
0,be1030057619,humanitarias,0.011769951036140714
0,72481892be9f,ipiales,0.016635532333438688
0,90b569f486eb,ipiales,0.008317766166719344
0,1244bca63bbc,documentos,0.008055098028649864
0,1478ba543589,documentos,0.008055098028649864
0,28c40585786a,documentos,0.008055098028649864
0,3e8a49119be2,documentos,0.008055098028649864
0,4b71814a9e45,documentos,0.008055098028649864
0,78d1eb495436,documentos,0.008055098028649864
0,ec87239959ff,documentos,0.008055098028649864
0,0e39f120f47d,laboral,0.00784663402409381
0,d1907c132530,laboral,0.00784663402409381
0,36901242e8a4,intégrate,0.00752005806793177
0,44c34c6efe6f,intégrate,0.00752005806793177
0,4f10e7ccb693,intégrate,0.00752005806793177
0,969fcebd33ec,intégrate,0.00752005806793177
0,5fceb0b65f8e,cursos,0.01504011613586354
0,969fcebd33ec,cursos,0.00752005806793177
0,a1115850bcb8,cursos,0.00752005806793177
0,99527ac5570a,educación,0.005640043550948827
0,c104e6dc7c09,educación,0.011280087101897655
0,44c34c6efe6f,abierto,0.005545177444479563
0,90a9c5ed7580,abierto,0.005545177444479563
0,5cb012353434,danes,0.011090354888959125
0,6fe86a915960,migratorio,0.01380873947768548
0,8e58449c3754,migratorio,0.004602913159228493
0,538295dd1cc1,económico,0.003923317012046905
0,8cf5c750e3a9,económico,0.003923317012046905
0,b307cd1e0085,económico,0.003923317012046905
0,481568c9e082,inmigrantes,0.003923317012046905
0,9d99509f5976,abre,0.003923317012046905
0,24abe8cb3a7d,albergue,0.003923317012046905
0,3d3b0981d2f7,albergue,0.003923317012046905
0,0809661b0bc4,regulación,0.003923317012046905
0,70ce2863d110,arreglar,0.003923317012046905
0,e900ff1f2554,transporte,0.003923317012046905
0,9d99509f5976,encuesta,0.003923317012046905
0,157aec2253fd,casar,0.003923317012046905
0,538295dd1cc1,económicos,0.003760029033965885
0,b307cd1e0085,económicos,0.003760029033965885
0,24abe8cb3a7d,cerca,0.003760029033965885
0,5cb012353434,cerca,0.003760029033965885
0,9c3257084b94,cerca,0.003760029033965885
0,14ddc19dbb75,visa,0.003738878993486632
0,157aec2253fd,visa,0.007477757986973264
0,28c40585786a,visa,0.007477757986973264
0,4b71814a9e45,visa,0.003738878993486632
0,57bcca8ebb97,visa,0.003738878993486632
0,5cb012353434,ayudas,0.003738878993486632
0,72481892be9f,ayudas,0.007477757986973264
0,7db0f19f99c4,ayudas,0.003738878993486632
0,9802841c02ed,ayudas,0.003738878993486632
0,be1030057619,ayudas,0.003738878993486632
0,e6181d811dab,ayudas,0.003738878993486632
0,1478ba543589,cita,0.00345218486942137
0,519c42d73b02,cita,0.00345218486942137
0,9d99509f5976,cita,0.00690436973884274
0,538295dd1cc1,beneficios,0.00690436973884274
0,a1115850bcb8,beneficios,0.00345218486942137
0,6ae6862863cc,salvoconducto,0.01035655460826411
0,ea632a43ed21,jurídica,0.0027725887222397813
0,99d748af0cc0,bachiller,0.0027725887222397813
0,5fceb0b65f8e,organización,0.0027725887222397813
0,538295dd1cc1,fundación,0.0027725887222397813
0,99af89ba8f3b,afiliarme,0.0027725887222397813
0,fe9ae764a26c,centros,0.0027725887222397813
0,aa3c30618eac,procesos,0.0027725887222397813
0,2bcaf3d1f7f2,entregan,0.0027725887222397813
0,44c34c6efe6f,mañana,0.0027725887222397813
0,44c34c6efe6f,estará,0.0027725887222397813
0,2bcaf3d1f7f2,estan,0.0027725887222397813
0,65a44749bd95,actualizar,0.0027725887222397813
1,24e2b3678d0d,colombiana,0.01230192622421487
1,25f72e684000,colombiana,0.01230192622421487
1,26749af13e1e,colombiana,0.01230192622421487
1,270feb3e1437,colombiana,0.01230192622421487
1,29f8b399f230,colombiana,0.01230192622421487
1,313570b55d25,colombiana,0.01230192622421487
1,329758511943,colombiana,0.01230192622421487
1,35e3c97de485,colombiana,0.01230192622421487
1,37f1ae5951bc,colombiana,0.01230192622421487
1,4e0ffb308d21,colombiana,0.02460385244842974
1,531a6927701a,colombiana,0.01230192622421487
1,54987b876f2a,colombiana,0.01230192622421487
1,6749a24e3079,colombiana,0.01230192622421487
1,6c911cdfc79b,colombiana,0.01230192622421487
1,797bfbba2242,colombiana,0.01230192622421487
1,7cd81c1cedbc,colombiana,0.01230192622421487
1,7d9370b38112,colombiana,0.01230192622421487
1,8759feb68258,colombiana,0.01230192622421487
1,8cbaa78b7f53,colombiana,0.01230192622421487
1,8f17e48d5f7e,colombiana,0.01230192622421487
1,a3bac8f5fb85,colombiana,0.01230192622421487
1,ac246d82f8be,colombiana,0.01230192622421487
1,b5f02b72f3e0,colombiana,0.01230192622421487
1,befd38dd27f0,colombiana,0.01230192622421487
1,c336a1971655,colombiana,0.03690577867264461
1,c91427640882,colombiana,0.01230192622421487
1,ca4753c64539,colombiana,0.01230192622421487
1,d160747fc117,colombiana,0.01230192622421487
1,d90b2bb09217,colombiana,0.01230192622421487
1,e80a36af12e5,colombiana,0.01230192622421487
1,f30ad0e1698d,colombiana,0.01230192622421487
1,ff8aba8d2fcd,colombiana,0.01230192622421487
1,05858340bffd,pasaporte,0.01848149864152723
1,0592352552c0,pasaporte,0.01848149864152723
1,0d396bbbe637,pasaporte,0.009240749320763615
1,1758895a05cd,pasaporte,0.009240749320763615
1,195a4d09c595,pasaporte,0.009240749320763615
1,20652713bbe8,pasaporte,0.009240749320763615
1,21fc9e9b5d1c,pasaporte,0.009240749320763615
1,2586a6b45571,pasaporte,0.01848149864152723
1,25f72e684000,pasaporte,0.009240749320763615
1,26749af13e1e,pasaporte,0.009240749320763615
1,27d6dbaeda9b,pasaporte,0.01848149864152723
1,29f8b399f230,pasaporte,0.009240749320763615
1,313570b55d25,pasaporte,0.01848149864152723
1,3405af2b0ae0,pasaporte,0.01848149864152723
1,3b8d0cd08fe2,pasaporte,0.009240749320763615
1,46030f16eeeb,pasaporte,0.009240749320763615
1,4af69dad3bf1,pasaporte,0.027722247962290843
1,4d5aec64e21d,pasaporte,0.01848149864152723
1,4f5efd606221,pasaporte,0.009240749320763615
1,5342526ca7e7,pasaporte,0.01848149864152723
1,54987b876f2a,pasaporte,0.009240749320763615
1,5bee27c5f88a,pasaporte,0.01848149864152723
1,5c53de3124be,pasaporte,0.009240749320763615
1,5f8aae4275b4,pasaporte,0.01848149864152723
1,71937764deb6,pasaporte,0.009240749320763615
1,868583471b48,pasaporte,0.009240749320763615
1,92d7b0a9f8fc,pasaporte,0.009240749320763615
1,94b7a86b0c3f,pasaporte,0.01848149864152723
1,9fc2d4ba36e4,pasaporte,0.009240749320763615
1,a6a51804742e,pasaporte,0.01848149864152723
1,aca214bbd428,pasaporte,0.009240749320763615
1,b1c6ff87f7cd,pasaporte,0.009240749320763615
1,b3c878da29b3,pasaporte,0.009240749320763615
1,b5f02b72f3e0,pasaporte,0.009240749320763615
1,bd3834c92d2b,pasaporte,0.009240749320763615
1,c336a1971655,pasaporte,0.009240749320763615
1,ca4753c64539,pasaporte,0.009240749320763615
1,ce9e71da80de,pasaporte,0.009240749320763615
1,d160747fc117,pasaporte,0.009240749320763615
1,d72beab625fc,pasaporte,0.009240749320763615
1,eabcd4d08636,pasaporte,0.009240749320763615
1,f483ae131fa8,pasaporte,0.009240749320763615
1,f8a90db52737,pasaporte,0.027722247962290843
1,0337f971aa05,años,0.007021392954755329
1,075f884db357,años,0.014042785909510658
1,11fb0eb9d033,años,0.007021392954755329
1,13c78ef9081e,años,0.007021392954755329
1,178c78255064,años,0.007021392954755329
1,195a4d09c595,años,0.007021392954755329
1,1d77aaf2280a,años,0.007021392954755329
1,22f281a2afe0,años,0.007021392954755329
1,26749af13e1e,años,0.007021392954755329
1,270feb3e1437,años,0.014042785909510658
1,313570b55d25,años,0.007021392954755329
1,37f1ae5951bc,años,0.007021392954755329
1,4af69dad3bf1,años,0.007021392954755329
1,54987b876f2a,años,0.007021392954755329
1,54f981c3f69d,años,0.007021392954755329
1,56d210ca8ced,años,0.007021392954755329
1,592682b186a6,años,0.007021392954755329
1,5952f7857809,años,0.014042785909510658
1,5a96e7702cb0,años,0.007021392954755329
1,605cd2a13361,años,0.007021392954755329
1,6e8817a099fc,años,0.007021392954755329
1,6ef03228368d,años,0.014042785909510658
1,7a1cfeff21d5,años,0.007021392954755329
1,7b6725641439,años,0.007021392954755329
1,868583471b48,años,0.007021392954755329
1,8759feb68258,años,0.021064178864265988
1,8c55a7380118,años,0.007021392954755329
1,8cbaa78b7f53,años,0.007021392954755329
1,8e550e7fc89a,años,0.007021392954755329
1,995ce800305d,años,0.007021392954755329
1,a5a1de8d5d8f,años,0.007021392954755329
1,a6a51804742e,años,0.007021392954755329
1,abc4a73d789d,años,0.007021392954755329
1,ac246d82f8be,años,0.007021392954755329
1,afa37845925d,años,0.007021392954755329
1,b3c878da29b3,años,0.007021392954755329
1,b51f479e47e6,años,0.007021392954755329
1,bb994c5bd396,años,0.007021392954755329
1,befd38dd27f0,años,0.007021392954755329
1,c336a1971655,años,0.021064178864265988
1,c4b98a94949a,años,0.007021392954755329
1,c6ddc37c2366,años,0.021064178864265988
1,c70fc546cae1,años,0.007021392954755329
1,c91427640882,años,0.007021392954755329
1,d236968734b7,años,0.007021392954755329
1,d72beab625fc,años,0.007021392954755329
1,d886bb9194e9,años,0.007021392954755329
1,d90b2bb09217,años,0.014042785909510658
1,e846935965c0,años,0.007021392954755329
1,ed5f7c488f83,años,0.014042785909510658
1,ede539a89ef4,años,0.007021392954755329
1,ef12e97985dd,años,0.007021392954755329
1,f30ad0e1698d,años,0.007021392954755329
1,f4ea24417e86,años,0.007021392954755329
1,f92f97820aa4,años,0.007021392954755329
1,0982baceacfa,colombianos,0.006109093794765619
1,26e6ed3de35d,colombianos,0.006109093794765619
1,329758511943,colombianos,0.006109093794765619
1,6c24ed94d0ba,colombianos,0.006109093794765619
1,7a1cfeff21d5,colombianos,0.006109093794765619
1,970c5e6500df,colombianos,0.006109093794765619
1,ad8af9706def,colombianos,0.006109093794765619
1,d160747fc117,colombianos,0.006109093794765619
1,e1a3c59b06d0,colombianos,0.012218187589531238
1,e1ada0b3526e,colombianos,0.006109093794765619
1,f92f97820aa4,colombianos,0.006109093794765619
1,0337f971aa05,colombiano,0.005404198356908048
1,0982baceacfa,colombiano,0.010808396713816096
1,178c78255064,colombiano,0.005404198356908048
1,26e6ed3de35d,colombiano,0.005404198356908048
1,329758511943,colombiano,0.005404198356908048
1,605cd2a13361,colombiano,0.005404198356908048
1,65d262ea31f5,colombiano,0.005404198356908048
1,6c24ed94d0ba,colombiano,0.005404198356908048
1,6c911cdfc79b,colombiano,0.005404198356908048
1,78b3dbf30200,colombiano,0.005404198356908048
1,7a1cfeff21d5,colombiano,0.010808396713816096
1,7d9370b38112,colombiano,0.005404198356908048
1,824fac26ef86,colombiano,0.005404198356908048
1,970c5e6500df,colombiano,0.005404198356908048
1,ad8af9706def,colombiano,0.005404198356908048
1,b5f02b72f3e0,colombiano,0.005404198356908048
1,bb33b846c2c5,colombiano,0.005404198356908048
1,c336a1971655,colombiano,0.005404198356908048
1,ca4753c64539,colombiano,0.005404198356908048
1,d160747fc117,colombiano,0.005404198356908048
1,d90b2bb09217,colombiano,0.005404198356908048
1,e1a3c59b06d0,colombiano,0.010808396713816096
1,e1ada0b3526e,colombiano,0.005404198356908048
1,e80a36af12e5,colombiano,0.005404198356908048
1,eabcd4d08636,colombiano,0.005404198356908048
1,f30ad0e1698d,colombiano,0.010808396713816096
1,f92f97820aa4,colombiano,0.005404198356908048
1,f98279ef0fbb,colombiano,0.005404198356908048
1,f9a08781f2e1,colombiano,0.005404198356908048
1,075f884db357,ella,0.0035244771892878573
1,0d396bbbe637,ella,0.0035244771892878573
1,195a4d09c595,ella,0.0035244771892878573
1,329758511943,ella,0.0035244771892878573
1,6b9263923d4f,ella,0.007048954378575715
1,8c55a7380118,ella,0.0035244771892878573
1,92d7b0a9f8fc,ella,0.0035244771892878573
1,9e4727f44f04,ella,0.0035244771892878573
1,a5a1de8d5d8f,ella,0.0035244771892878573
1,bb33b846c2c5,ella,0.007048954378575715
1,bd3834c92d2b,ella,0.0035244771892878573
1,c4014967c5a8,ella,0.0035244771892878573
1,c91427640882,ella,0.0035244771892878573
1,ca4753c64539,ella,0.0035244771892878573
1,de6086eb2be3,ella,0.0035244771892878573
1,f30ad0e1698d,ella,0.0035244771892878573
1,f4ea24417e86,ella,0.0035244771892878573
1,f9a08781f2e1,ella,0.0035244771892878573
1,ff8aba8d2fcd,ella,0.0035244771892878573
1,0337f971aa05,permiso,0.0032138063987596954
1,046a939f1579,permiso,0.006427612797519391
1,075f884db357,permiso,0.0032138063987596954
1,11fb0eb9d033,permiso,0.0032138063987596954
1,1758895a05cd,permiso,0.0032138063987596954
1,195a4d09c595,permiso,0.0032138063987596954
1,1d77aaf2280a,permiso,0.0032138063987596954
1,20652713bbe8,permiso,0.0032138063987596954
1,35e3c97de485,permiso,0.0032138063987596954
1,37f1ae5951bc,permiso,0.0032138063987596954
1,3ef43e2b6b24,permiso,0.0032138063987596954
1,4198045631c4,permiso,0.0032138063987596954
1,4e0ffb308d21,permiso,0.0032138063987596954
1,4f5efd606221,permiso,0.0032138063987596954
1,5342526ca7e7,permiso,0.0032138063987596954
1,5390f9e444bc,permiso,0.0032138063987596954
1,566014fe1472,permiso,0.006427612797519391
1,592682b186a6,permiso,0.0032138063987596954
1,5952f7857809,permiso,0.0032138063987596954
1,618a37c419d0,permiso,0.009641419196279087
1,6b9263923d4f,permiso,0.006427612797519391
1,6c3f6488d293,permiso,0.009641419196279087
1,6c911cdfc79b,permiso,0.009641419196279087
1,6e8817a099fc,permiso,0.0032138063987596954
1,6ef03228368d,permiso,0.012855225595038782
1,7b6725641439,permiso,0.009641419196279087
1,82b630c8ef69,permiso,0.0032138063987596954
1,8c55a7380118,permiso,0.0032138063987596954
1,8e550e7fc89a,permiso,0.0032138063987596954
1,8f17e48d5f7e,permiso,0.006427612797519391
1,9a3341e384e1,permiso,0.0032138063987596954
1,9c7a3cc59688,permiso,0.0032138063987596954
1,a5dadd4e8d83,permiso,0.0032138063987596954
1,ac246d82f8be,permiso,0.0032138063987596954
1,ad8af9706def,permiso,0.0032138063987596954
1,afa37845925d,permiso,0.0032138063987596954
1,b2a81bc4bdcf,permiso,0.0032138063987596954
1,b9f74543e0a3,permiso,0.0032138063987596954
1,c30ddc5d3f63,permiso,0.006427612797519391
1,c6ddc37c2366,permiso,0.009641419196279087
1,c91427640882,permiso,0.006427612797519391
1,cc43888d2b0f,permiso,0.0032138063987596954
1,d160747fc117,permiso,0.0032138063987596954
1,d1ca95b614c6,permiso,0.0032138063987596954
1,dd91d1e52f04,permiso,0.0032138063987596954
1,f34166954f03,permiso,0.0032138063987596954
1,f8a90db52737,permiso,0.006427612797519391
1,08db054d54ab,hijos,0.0031206190910023687
1,0982baceacfa,hijos,0.0031206190910023687
1,0d396bbbe637,hijos,0.0031206190910023687
1,1758895a05cd,hijos,0.006241238182004737
1,22f281a2afe0,hijos,0.0031206190910023687
1,24e2b3678d0d,hijos,0.0031206190910023687
1,26e6ed3de35d,hijos,0.0031206190910023687
1,270feb3e1437,hijos,0.0031206190910023687
1,6650942ea6ea,hijos,0.0031206190910023687
1,84939de291ed,hijos,0.006241238182004737
1,9205d99e1575,hijos,0.0031206190910023687
1,970c5e6500df,hijos,0.0031206190910023687
1,9d1a7452fdbf,hijos,0.0031206190910023687
1,ac246d82f8be,hijos,0.0031206190910023687
1,ad8af9706def,hijos,0.012482476364009475
1,ae3786c10d54,hijos,0.0031206190910023687
1,b5f02b72f3e0,hijos,0.0031206190910023687
1,bae2bd10c40f,hijos,0.0031206190910023687
1,c30ddc5d3f63,hijos,0.0031206190910023687
1,c44634a0d0af,hijos,0.006241238182004737
1,e1a3c59b06d0,hijos,0.006241238182004737
1,f20ce5585f2b,hijos,0.006241238182004737
1,f34166954f03,hijos,0.0031206190910023687
1,0014ad7a21e3,hija,0.0031206190910023687
1,0337f971aa05,hija,0.006241238182004737
1,11fb0eb9d033,hija,0.0031206190910023687
1,24e2b3678d0d,hija,0.006241238182004737
1,289eceb5443b,hija,0.0031206190910023687
1,329758511943,hija,0.006241238182004737
1,3b8d0cd08fe2,hija,0.0031206190910023687
1,531a6927701a,hija,0.0031206190910023687
1,566014fe1472,hija,0.006241238182004737
1,6749a24e3079,hija,0.0031206190910023687
1,6b9263923d4f,hija,0.006241238182004737
1,7217147bd0ff,hija,0.0031206190910023687
1,7a1cfeff21d5,hija,0.0031206190910023687
1,89738eae7ba7,hija,0.006241238182004737
1,8c55a7380118,hija,0.0031206190910023687
1,8f17e48d5f7e,hija,0.0031206190910023687
1,995ce800305d,hija,0.0031206190910023687
1,9fc2d4ba36e4,hija,0.0031206190910023687
1,a174371a71b0,hija,0.0031206190910023687
1,abc4a73d789d,hija,0.0031206190910023687
1,bb33b846c2c5,hija,0.0031206190910023687
1,c4014967c5a8,hija,0.006241238182004737
1,c91427640882,hija,0.0031206190910023687
1,cc43888d2b0f,hija,0.0031206190910023687
1,ce9e71da80de,hija,0.0031206190910023687
1,e80a36af12e5,hija,0.0031206190910023687
1,e846935965c0,hija,0.0031206190910023687
1,ed5f7c488f83,hija,0.0031206190910023687
1,f30ad0e1698d,hija,0.006241238182004737
1,0592352552c0,vigente,0.006109093794765619
1,13c78ef9081e,vigente,0.0030545468973828096
1,21fc9e9b5d1c,vigente,0.0030545468973828096
1,26749af13e1e,vigente,0.0030545468973828096
1,4f5efd606221,vigente,0.0030545468973828096
1,56e476735a0f,vigente,0.0030545468973828096
1,a14634aae815,vigente,0.0030545468973828096
1,b259227734f4,vigente,0.0030545468973828096
1,c6ddc37c2366,vigente,0.006109093794765619
1,c70fc546cae1,vigente,0.0030545468973828096
1,0014ad7a21e3,trámite,0.00302714201887084
1,06433e895ee5,trámite,0.00908142605661252
1,08db054d54ab,trámite,0.00302714201887084
1,2586a6b45571,trámite,0.00302714201887084
1,26749af13e1e,trámite,0.00302714201887084
1,2dc38572ac12,trámite,0.00302714201887084
1,329758511943,trámite,0.00302714201887084
1,4af69dad3bf1,trámite,0.00302714201887084
1,4f5efd606221,trámite,0.00302714201887084
1,7d7d7dd617bf,trámite,0.00605428403774168
1,84939de291ed,trámite,0.00302714201887084
1,8c55a7380118,trámite,0.00302714201887084
1,970c5e6500df,trámite,0.00302714201887084
1,9d1a7452fdbf,trámite,0.00605428403774168
1,abc4a73d789d,trámite,0.00302714201887084
1,c6ddc37c2366,trámite,0.00302714201887084
1,c70fc546cae1,trámite,0.00302714201887084
1,e685b0c1941c,trámite,0.00302714201887084
1,f9c6990c9ee3,trámite,0.00302714201887084
1,24e2b3678d0d,ciudadanía,0.002992360432917131
1,26749af13e1e,ciudadanía,0.002992360432917131
1,8759feb68258,ciudadanía,0.002992360432917131
1,8c55a7380118,ciudadanía,0.002992360432917131
1,c336a1971655,ciudadanía,0.005984720865834262
1,e846935965c0,ciudadanía,0.008977081298751393
1,05858340bffd,cédula,0.0028969522467693033
1,1758895a05cd,cédula,0.005793904493538607
1,195a4d09c595,cédula,0.0028969522467693033
1,1d77aaf2280a,cédula,0.0028969522467693033
1,24e2b3678d0d,cédula,0.0028969522467693033
1,26749af13e1e,cédula,0.0028969522467693033
1,26e6ed3de35d,cédula,0.005793904493538607
1,270feb3e1437,cédula,0.0028969522467693033
1,289eceb5443b,cédula,0.0028969522467693033
1,29f8b399f230,cédula,0.0028969522467693033
1,313570b55d25,cédula,0.0028969522467693033
1,4d5aec64e21d,cédula,0.005793904493538607
1,4e0ffb308d21,cédula,0.005793904493538607
1,5342526ca7e7,cédula,0.005793904493538607
1,54987b876f2a,cédula,0.0028969522467693033
1,5bee27c5f88a,cédula,0.005793904493538607
1,6749a24e3079,cédula,0.0028969522467693033
1,6863d38c2d07,cédula,0.0028969522467693033
1,71937764deb6,cédula,0.0028969522467693033
1,7b247e90e35b,cédula,0.0028969522467693033
1,7cd81c1cedbc,cédula,0.005793904493538607
1,7d9370b38112,cédula,0.0028969522467693033
1,824fac26ef86,cédula,0.0028969522467693033
1,82b630c8ef69,cédula,0.0028969522467693033
1,8759feb68258,cédula,0.005793904493538607
1,8c55a7380118,cédula,0.0028969522467693033
1,8cbaa78b7f53,cédula,0.0028969522467693033
1,946815b7a988,cédula,0.0028969522467693033
1,9e4727f44f04,cédula,0.0028969522467693033
1,a14634aae815,cédula,0.0028969522467693033
1,a5a1de8d5d8f,cédula,0.005793904493538607
1,aca214bbd428,cédula,0.0028969522467693033
1,b1c6ff87f7cd,cédula,0.0028969522467693033
1,b3c878da29b3,cédula,0.0028969522467693033
1,b51f479e47e6,cédula,0.0028969522467693033
1,bd3834c92d2b,cédula,0.0028969522467693033
1,c336a1971655,cédula,0.008690856740307909
1,c70fc546cae1,cédula,0.0028969522467693033
1,d160747fc117,cédula,0.0028969522467693033
1,d1ca95b614c6,cédula,0.0028969522467693033
1,d90b2bb09217,cédula,0.0028969522467693033
1,dd91d1e52f04,cédula,0.005793904493538607
1,e846935965c0,cédula,0.008690856740307909
1,f92f97820aa4,cédula,0.0028969522467693033
1,05858340bffd,migración,0.0028280610512208962
1,06433e895ee5,migración,0.0028280610512208962
1,26749af13e1e,migración,0.0028280610512208962
1,54f981c3f69d,migración,0.0028280610512208962
1,56e476735a0f,migración,0.0028280610512208962
1,618a37c419d0,migración,0.0028280610512208962
1,6650942ea6ea,migración,0.0028280610512208962
1,824fac26ef86,migración,0.0028280610512208962
1,88798bf22b1d,migración,0.0028280610512208962
1,8e550e7fc89a,migración,0.00848418315366269
1,9d5222baadcf,migración,0.0028280610512208962
1,9ec54a2a09b9,migración,0.0028280610512208962
1,a5a1de8d5d8f,migración,0.0028280610512208962
1,abc4a73d789d,migración,0.0028280610512208962
1,afa37845925d,migración,0.0028280610512208962
1,c30ddc5d3f63,migración,0.0028280610512208962
1,c6ddc37c2366,migración,0.0028280610512208962
1,c70fc546cae1,migración,0.0028280610512208962
1,dd91d1e52f04,migración,0.0028280610512208962
1,e1ada0b3526e,migración,0.0028280610512208962
1,e685b0c1941c,migración,0.0056561221024417924
1,e846935965c0,migración,0.0056561221024417924
1,f30ad0e1698d,migración,0.0028280610512208962
1,f483ae131fa8,migración,0.0028280610512208962
1,f8a90db52737,migración,0.0028280610512208962
1,0d396bbbe637,registro,0.005639163502860572
1,2586a6b45571,registro,0.002819581751430286
1,6c911cdfc79b,registro,0.005639163502860572
1,7a1cfeff21d5,registro,0.002819581751430286
1,824fac26ef86,registro,0.002819581751430286
1,afa37845925d,registro,0.005639163502860572
1,cc43888d2b0f,registro,0.002819581751430286
1,e846935965c0,registro,0.002819581751430286
1,ff8aba8d2fcd,registro,0.002819581751430286
1,0337f971aa05,nacida,0.002819581751430286
1,6b9263923d4f,nacida,0.002819581751430286
1,995ce800305d,nacida,0.002819581751430286
1,ca4753c64539,nacida,0.002819581751430286
1,f30ad0e1698d,nacida,0.005639163502860572
1,0bd2b552813a,esposa,0.002659875940370783
1,22f281a2afe0,esposa,0.002659875940370783
1,37f1ae5951bc,esposa,0.002659875940370783
1,531a6927701a,esposa,0.002659875940370783
1,6650942ea6ea,esposa,0.002659875940370783
1,bb33b846c2c5,esposa,0.005319751880741566
1,de6086eb2be3,esposa,0.002659875940370783
1,24e2b3678d0d,nació,0.002659875940370783
1,329758511943,nació,0.002659875940370783
1,3b8d0cd08fe2,nació,0.002659875940370783
1,64e5fa345723,nació,0.002659875940370783
1,6749a24e3079,nació,0.002659875940370783
1,6b9263923d4f,nació,0.002659875940370783
1,824fac26ef86,nació,0.002659875940370783
1,995ce800305d,nació,0.002659875940370783
1,0337f971aa05,venezolana,0.005160196189557821
1,046a939f1579,venezolana,0.0025800980947789107
1,0592352552c0,venezolana,0.005160196189557821
1,084592c4a4fd,venezolana,0.0025800980947789107
1,0982baceacfa,venezolana,0.0025800980947789107
1,13c78ef9081e,venezolana,0.0025800980947789107
1,171ae6ceacf2,venezolana,0.0025800980947789107
1,1758895a05cd,venezolana,0.005160196189557821
1,195a4d09c595,venezolana,0.005160196189557821
1,2586a6b45571,venezolana,0.0025800980947789107
1,270feb3e1437,venezolana,0.005160196189557821
1,27d6dbaeda9b,venezolana,0.0025800980947789107
1,289eceb5443b,venezolana,0.0025800980947789107
1,29f8b399f230,venezolana,0.0025800980947789107
1,329758511943,venezolana,0.005160196189557821
1,4198045631c4,venezolana,0.0025800980947789107
1,4d5aec64e21d,venezolana,0.0025800980947789107
1,4f5efd606221,venezolana,0.0025800980947789107
1,605cd2a13361,venezolana,0.0025800980947789107
1,618a37c419d0,venezolana,0.0025800980947789107
1,6863d38c2d07,venezolana,0.0025800980947789107
1,6c24ed94d0ba,venezolana,0.0025800980947789107
1,6c911cdfc79b,venezolana,0.0025800980947789107
1,6ef03228368d,venezolana,0.005160196189557821
1,70e576a65f54,venezolana,0.0025800980947789107
1,7217147bd0ff,venezolana,0.0025800980947789107
1,78b3dbf30200,venezolana,0.0025800980947789107
1,7b247e90e35b,venezolana,0.0025800980947789107
1,7b6725641439,venezolana,0.0025800980947789107
1,824fac26ef86,venezolana,0.0025800980947789107
1,82b630c8ef69,venezolana,0.0025800980947789107
1,851cf3b82b01,venezolana,0.0025800980947789107
1,8c55a7380118,venezolana,0.0025800980947789107
1,946815b7a988,venezolana,0.0025800980947789107
1,970c5e6500df,venezolana,0.0025800980947789107
1,9e4727f44f04,venezolana,0.0025800980947789107
1,a14634aae815,venezolana,0.0025800980947789107
1,ac246d82f8be,venezolana,0.0025800980947789107
1,b1c6ff87f7cd,venezolana,0.0025800980947789107
1,b259227734f4,venezolana,0.0025800980947789107
1,b3c878da29b3,venezolana,0.0025800980947789107
1,bb33b846c2c5,venezolana,0.0025800980947789107
1,c336a1971655,venezolana,0.007740294284336732
1,c57891ad82ed,venezolana,0.0025800980947789107
1,c70fc546cae1,venezolana,0.005160196189557821
1,d160747fc117,venezolana,0.0025800980947789107
1,eabcd4d08636,venezolana,0.0025800980947789107
1,0592352552c0,regularizar,0.0047796979245329045
1,084592c4a4fd,regularizar,0.0023898489622664523
1,22aede07eb2b,regularizar,0.0023898489622664523
1,2b0c382722d0,regularizar,0.0023898489622664523
1,4af69dad3bf1,regularizar,0.007169546886799357
1,4f5efd606221,regularizar,0.0023898489622664523
1,566014fe1472,regularizar,0.0023898489622664523
1,592682b186a6,regularizar,0.0023898489622664523
1,6e8817a099fc,regularizar,0.0023898489622664523
1,7d7d7dd617bf,regularizar,0.0023898489622664523
1,7d9370b38112,regularizar,0.0023898489622664523
1,9345677b0964,regularizar,0.0023898489622664523
1,9fc2d4ba36e4,regularizar,0.0023898489622664523
1,a1a62d5f08bb,regularizar,0.0023898489622664523
1,b1c6ff87f7cd,regularizar,0.0023898489622664523
1,b6aec3dd7f39,regularizar,0.0023898489622664523
1,c30ddc5d3f63,regularizar,0.0023898489622664523
1,c70fc546cae1,regularizar,0.007169546886799357
1,cc43888d2b0f,regularizar,0.0023898489622664523
1,cc44be011fc8,regularizar,0.0023898489622664523
1,d886bb9194e9,regularizar,0.007169546886799357
1,e1a3c59b06d0,regularizar,0.0023898489622664523
1,f98279ef0fbb,regularizar,0.0023898489622664523
1,fc5afa9539ce,regularizar,0.0047796979245329045
1,171ae6ceacf2,dando,0.004699302919050476
1,4f5efd606221,dando,0.002349651459525238
1,56e476735a0f,dando,0.002349651459525238
1,6c911cdfc79b,dando,0.002349651459525238
1,94b7a86b0c3f,dando,0.002349651459525238
1,a5dadd4e8d83,dando,0.002349651459525238
1,b1c6ff87f7cd,dando,0.002349651459525238
1,c30ddc5d3f63,dando,0.002349651459525238
1,d160747fc117,dando,0.002349651459525238
1,f4ea24417e86,dando,0.002349651459525238
1,f8a90db52737,dando,0.002349651459525238
1,382454408be6,podido,0.002349651459525238
1,6b9263923d4f,podido,0.002349651459525238
1,7a1cfeff21d5,podido,0.004699302919050476
1,ae3786c10d54,podido,0.002349651459525238
1,b3c878da29b3,podido,0.002349651459525238
1,c4b98a94949a,podido,0.002349651459525238
1,d90b2bb09217,podido,0.002349651459525238
1,08db054d54ab,traje,0.002349651459525238
1,5952f7857809,traje,0.002349651459525238
1,adc62f73647f,traje,0.002349651459525238
1,d0bceaecaaae,traje,0.002349651459525238
1,ed5f7c488f83,traje,0.002349651459525238
1,6ef03228368d,conmigo,0.002349651459525238
1,a5a1de8d5d8f,conmigo,0.004699302919050476
1,c91427640882,conmigo,0.002349651459525238
1,de6086eb2be3,conmigo,0.002349651459525238
1,0592352552c0,opción,0.00465478289564887
1,25f72e684000,opción,0.002327391447824435
1,382454408be6,opción,0.002327391447824435
1,5342526ca7e7,opción,0.002327391447824435
1,5f8aae4275b4,opción,0.002327391447824435
1,8c55a7380118,opción,0.002327391447824435
1,bd3834c92d2b,opción,0.002327391447824435
1,f8a90db52737,opción,0.002327391447824435
1,0bd2b552813a,papel,0.002327391447824435
1,195a4d09c595,papel,0.002327391447824435
1,1d77aaf2280a,papel,0.002327391447824435
1,313570b55d25,papel,0.00465478289564887
1,3b8d0cd08fe2,papel,0.002327391447824435
1,54987b876f2a,papel,0.002327391447824435
1,7809d4fe159d,papel,0.002327391447824435
1,7a1cfeff21d5,papel,0.002327391447824435
1,82b630c8ef69,papel,0.002327391447824435
1,970c5e6500df,papel,0.002327391447824435
1,ad8af9706def,papel,0.002327391447824435
1,afa37845925d,papel,0.002327391447824435
1,ca4753c64539,papel,0.002327391447824435
1,d160747fc117,papel,0.002327391447824435
1,f34166954f03,papel,0.002327391447824435
1,ff8aba8d2fcd,papel,0.002327391447824435
1,0337f971aa05,nacionalidad,0.0022429449716579526
1,0982baceacfa,nacionalidad,0.004485889943315905
1,13c78ef9081e,nacionalidad,0.0022429449716579526
1,2586a6b45571,nacionalidad,0.0022429449716579526
1,25f72e684000,nacionalidad,0.0022429449716579526
1,329758511943,nacionalidad,0.0022429449716579526
1,35e3c97de485,nacionalidad,0.0022429449716579526
1,5952f7857809,nacionalidad,0.0022429449716579526
1,5f8aae4275b4,nacionalidad,0.0022429449716579526
1,6c911cdfc79b,nacionalidad,0.0022429449716579526
1,70e576a65f54,nacionalidad,0.0022429449716579526
1,797bfbba2242,nacionalidad,0.0022429449716579526
1,8c55a7380118,nacionalidad,0.004485889943315905
1,9a3341e384e1,nacionalidad,0.0022429449716579526
1,b5f02b72f3e0,nacionalidad,0.0022429449716579526
1,befd38dd27f0,nacionalidad,0.0022429449716579526
1,c336a1971655,nacionalidad,0.0022429449716579526
1,c4014967c5a8,nacionalidad,0.0022429449716579526
1,e80a36af12e5,nacionalidad,0.0022429449716579526
1,e846935965c0,nacionalidad,0.0022429449716579526
1,ed5f7c488f83,nacionalidad,0.0022429449716579526
1,f30ad0e1698d,nacionalidad,0.0022429449716579526
1,2b0c382722d0,regularizarme,0.0022305256981153556
1,4af69dad3bf1,regularizarme,0.006691577094346066
1,4f5efd606221,regularizarme,0.0022305256981153556
1,6e8817a099fc,regularizarme,0.0022305256981153556
1,a1a62d5f08bb,regularizarme,0.0022305256981153556
1,b6aec3dd7f39,regularizarme,0.0022305256981153556
1,c30ddc5d3f63,regularizarme,0.0022305256981153556
1,c70fc546cae1,regularizarme,0.004461051396230711
1,cc44be011fc8,regularizarme,0.0022305256981153556
1,e1a3c59b06d0,regularizarme,0.0022305256981153556
1,fc5afa9539ce,regularizarme,0.0022305256981153556
1,06433e895ee5,tiempo,0.0022305256981153556
1,0982baceacfa,tiempo,0.0022305256981153556
1,178c78255064,tiempo,0.0022305256981153556
1,22aede07eb2b,tiempo,0.0022305256981153556
1,37f1ae5951bc,tiempo,0.0022305256981153556
1,3ef43e2b6b24,tiempo,0.0022305256981153556
1,4d5aec64e21d,tiempo,0.0022305256981153556
1,6650942ea6ea,tiempo,0.0022305256981153556
1,7d9370b38112,tiempo,0.0022305256981153556
1,995ce800305d,tiempo,0.0022305256981153556
1,9a3341e384e1,tiempo,0.0022305256981153556
1,befd38dd27f0,tiempo,0.0022305256981153556
1,c6ddc37c2366,tiempo,0.004461051396230711
1,ca4753c64539,tiempo,0.0022305256981153556
1,0337f971aa05,venezuela,0.004290851250128257
1,1d77aaf2280a,venezuela,0.0021454256250641283
1,24e2b3678d0d,venezuela,0.0021454256250641283
1,26749af13e1e,venezuela,0.0021454256250641283
1,329758511943,venezuela,0.0021454256250641283
1,6b9263923d4f,venezuela,0.0021454256250641283
1,89738eae7ba7,venezuela,0.0021454256250641283
1,946815b7a988,venezuela,0.0021454256250641283
1,94b7a86b0c3f,venezuela,0.0021454256250641283
1,9fc2d4ba36e4,venezuela,0.0021454256250641283
1,a5a1de8d5d8f,venezuela,0.004290851250128257
1,adc62f73647f,venezuela,0.0021454256250641283
1,b3c878da29b3,venezuela,0.0021454256250641283
1,cc43888d2b0f,venezuela,0.0021454256250641283
1,d0bceaecaaae,venezuela,0.004290851250128257
1,dd91d1e52f04,venezuela,0.004290851250128257
1,ef12e97985dd,venezuela,0.0021454256250641283
1,f30ad0e1698d,venezuela,0.0021454256250641283
1,0592352552c0,visa,0.002127449306221207
1,0982baceacfa,visa,0.006382347918663621
1,0d396bbbe637,visa,0.002127449306221207
1,21fc9e9b5d1c,visa,0.002127449306221207
1,2586a6b45571,visa,0.004254898612442414
1,26e6ed3de35d,visa,0.002127449306221207
1,313570b55d25,visa,0.008509797224884827
1,35e3c97de485,visa,0.002127449306221207
1,3ef43e2b6b24,visa,0.002127449306221207
1,4e0ffb308d21,visa,0.004254898612442414
1,5bee27c5f88a,visa,0.002127449306221207
1,8759feb68258,visa,0.004254898612442414
1,9345677b0964,visa,0.002127449306221207
1,9d5222baadcf,visa,0.002127449306221207
1,9fc2d4ba36e4,visa,0.002127449306221207
1,a5a1de8d5d8f,visa,0.006382347918663621
1,b51f479e47e6,visa,0.002127449306221207
1,b5f02b72f3e0,visa,0.002127449306221207
1,b6aec3dd7f39,visa,0.002127449306221207
1,bae2bd10c40f,visa,0.004254898612442414
1,bb33b846c2c5,visa,0.002127449306221207
1,c336a1971655,visa,0.002127449306221207
1,c57891ad82ed,visa,0.002127449306221207
1,c6ddc37c2366,visa,0.010637246531106034
1,ca4753c64539,visa,0.006382347918663621
1,cc43888d2b0f,visa,0.002127449306221207
1,d886bb9194e9,visa,0.002127449306221207
1,f30ad0e1698d,visa,0.002127449306221207
1,f8326548cfaf,visa,0.002127449306221207
1,f8a90db52737,visa,0.002127449306221207
1,f9c6990c9ee3,visa,0.002127449306221207
1,270feb3e1437,medio,0.0021146863135727144
1,6e8817a099fc,medio,0.004229372627145429
1,9c7a3cc59688,medio,0.0021146863135727144
1,ac246d82f8be,medio,0.0021146863135727144
1,ce9e71da80de,medio,0.0021146863135727144
1,eabcd4d08636,medio,0.0021146863135727144
1,f30ad0e1698d,medio,0.0021146863135727144
1,f4ea24417e86,medio,0.0021146863135727144
1,f98279ef0fbb,medio,0.0021146863135727144
1,0bd2b552813a,conducto,0.0020712024339642585
1,178c78255064,conducto,0.006213607301892776
1,21fc9e9b5d1c,conducto,0.0020712024339642585
1,2b0c382722d0,conducto,0.0020712024339642585
1,2dc38572ac12,conducto,0.0020712024339642585
1,3405af2b0ae0,conducto,0.0020712024339642585
1,3b8d0cd08fe2,conducto,0.0020712024339642585
1,46030f16eeeb,conducto,0.004142404867928517
1,5342526ca7e7,conducto,0.006213607301892776
1,6c3f6488d293,conducto,0.0020712024339642585
1,74608a18e8e4,conducto,0.0020712024339642585
1,7d9370b38112,conducto,0.004142404867928517
1,88798bf22b1d,conducto,0.0020712024339642585
1,89738eae7ba7,conducto,0.004142404867928517
1,932b8454df7d,conducto,0.004142404867928517
1,9345677b0964,conducto,0.0020712024339642585
1,9c7a3cc59688,conducto,0.0020712024339642585
1,9d1a7452fdbf,conducto,0.004142404867928517
1,a6a51804742e,conducto,0.0020712024339642585
1,bb994c5bd396,conducto,0.0020712024339642585
1,c4b98a94949a,conducto,0.0020712024339642585
1,dd91d1e52f04,conducto,0.006213607301892776
1,f8a90db52737,conducto,0.0020712024339642585
1,178c78255064,salvoconducto,0.004095812556940608
1,21fc9e9b5d1c,salvoconducto,0.002047906278470304
1,2b0c382722d0,salvoconducto,0.002047906278470304
1,2dc38572ac12,salvoconducto,0.002047906278470304
1,3405af2b0ae0,salvoconducto,0.002047906278470304
1,3b8d0cd08fe2,salvoconducto,0.002047906278470304
1,46030f16eeeb,salvoconducto,0.004095812556940608
1,5342526ca7e7,salvoconducto,0.006143718835410912
1,7d9370b38112,salvoconducto,0.002047906278470304
1,89738eae7ba7,salvoconducto,0.004095812556940608
1,9345677b0964,salvoconducto,0.002047906278470304
1,9d1a7452fdbf,salvoconducto,0.004095812556940608
1,a6a51804742e,salvoconducto,0.002047906278470304
1,c4b98a94949a,salvoconducto,0.002047906278470304
1,f8a90db52737,salvoconducto,0.002047906278470304
1,084592c4a4fd,proceso,0.002047906278470304
1,0d396bbbe637,proceso,0.002047906278470304
1,178c78255064,proceso,0.004095812556940608
1,21fc9e9b5d1c,proceso,0.006143718835410912
1,26e6ed3de35d,proceso,0.002047906278470304
1,270feb3e1437,proceso,0.002047906278470304
1,3ef43e2b6b24,proceso,0.002047906278470304
1,7d9370b38112,proceso,0.004095812556940608
1,9d5222baadcf,proceso,0.002047906278470304
1,b5f02b72f3e0,proceso,0.002047906278470304
1,c44634a0d0af,proceso,0.002047906278470304
1,c70fc546cae1,proceso,0.002047906278470304
1,e80a36af12e5,proceso,0.002047906278470304
1,eabcd4d08636,proceso,0.002047906278470304
1,f30ad0e1698d,proceso,0.002047906278470304
1,84939de291ed,xfavor,0.003989813910556175
1,a5dadd4e8d83,xfavor,0.0019949069552780874
1,ac246d82f8be,xfavor,0.0019949069552780874
1,f30ad0e1698d,xfavor,0.003989813910556175
1,0014ad7a21e3,país,0.0019503869318764802
1,05858340bffd,país,0.0019503869318764802
1,21fc9e9b5d1c,país,0.0039007738637529604
1,289eceb5443b,país,0.0019503869318764802
1,5342526ca7e7,país,0.0019503869318764802
1,566014fe1472,país,0.0019503869318764802
1,868583471b48,país,0.0019503869318764802
1,92d7b0a9f8fc,país,0.0019503869318764802
1,9d5222baadcf,país,0.0039007738637529604
1,bb33b846c2c5,país,0.0019503869318764802
1,c44634a0d0af,país,0.0019503869318764802
1,c6ddc37c2366,país,0.0019503869318764802
1,ca4753c64539,país,0.0019503869318764802
1,ce9e71da80de,país,0.0019503869318764802
1,dd91d1e52f04,país,0.0019503869318764802
1,de6086eb2be3,país,0.0019503869318764802
1,f8a90db52737,país,0.0019503869318764802
1,fc5afa9539ce,país,0.0019503869318764802
1,0592352552c0,entonces,0.0019503869318764802
1,084592c4a4fd,entonces,0.0019503869318764802
1,270feb3e1437,entonces,0.0019503869318764802
1,5342526ca7e7,entonces,0.0019503869318764802
1,54987b876f2a,entonces,0.0039007738637529604
1,84939de291ed,entonces,0.0019503869318764802
1,88798bf22b1d,entonces,0.0019503869318764802
1,8c55a7380118,entonces,0.0039007738637529604
1,9d5222baadcf,entonces,0.0019503869318764802
1,abc4a73d789d,entonces,0.0019503869318764802
1,b51f479e47e6,entonces,0.0019503869318764802
1,b5f02b72f3e0,entonces,0.0019503869318764802
1,bb994c5bd396,entonces,0.0019503869318764802
1,c30ddc5d3f63,entonces,0.0019503869318764802
1,c6ddc37c2366,entonces,0.0019503869318764802
1,f8a90db52737,entonces,0.0039007738637529604
1,fc5afa9539ce,entonces,0.0019503869318764802
1,382454408be6,teniendo,0.0018797211676201907
1,4e0ffb308d21,teniendo,0.0018797211676201907
1,5a96e7702cb0,teniendo,0.0018797211676201907
1,b5f02b72f3e0,teniendo,0.0037594423352403815
1,dd91d1e52f04,teniendo,0.0018797211676201907
1,e1a3c59b06d0,teniendo,0.0018797211676201907
1,f9c6990c9ee3,teniendo,0.0018797211676201907
1,27d6dbaeda9b,cedula,0.0018797211676201907
1,6c911cdfc79b,cedula,0.0018797211676201907
1,8e550e7fc89a,cedula,0.0018797211676201907
1,8fb35ab03ccb,cedula,0.0018797211676201907
1,a3bac8f5fb85,cedula,0.0018797211676201907
1,f9a08781f2e1,cedula,0.0037594423352403815
2,1b5222e497bf,hospital,0.007165193596730914
2,2757dc3ce28d,hospital,0.014330387193461828
2,2fee72bc46f1,hospital,0.007165193596730914
2,a12387bc1be3,hospital,0.007165193596730914
2,a47a460d4806,hospital,0.007165193596730914
2,a77977d188c4,hospital,0.007165193596730914
2,ac776a91e1b9,hospital,0.007165193596730914
2,ad2009457cac,hospital,0.007165193596730914
2,b129f19d0af2,hospital,0.007165193596730914
2,b71b48b68419,hospital,0.007165193596730914
2,c6b6dd92e42a,hospital,0.007165193596730914
2,cd6b50518b1b,hospital,0.014330387193461828
2,cd8f0a22aab9,hospital,0.014330387193461828
2,cfa7562d8642,hospital,0.007165193596730914
2,dd16a0f184e1,hospital,0.007165193596730914
2,e1d352c8b6dc,hospital,0.014330387193461828
2,eecee4198c0f,hospital,0.014330387193461828
2,f19c866c9fd5,hospital,0.007165193596730914
2,f480b4f24ed8,hospital,0.014330387193461828
2,026d46d84f36,ipiales,0.010577190547555158
2,0b98d3009cee,ipiales,0.015865785821332738
2,0de98070fca2,ipiales,0.021154381095110315
2,1a1ebc5090d9,ipiales,0.005288595273777579
2,276a55f67a77,ipiales,0.015865785821332738
2,4d0d805f41f7,ipiales,0.005288595273777579
2,58003bf0152d,ipiales,0.021154381095110315
2,7eb0525767e1,ipiales,0.005288595273777579
2,a26eecc89b56,ipiales,0.010577190547555158
2,b97b1f3ab1ee,ipiales,0.021154381095110315
2,cfa7562d8642,ipiales,0.021154381095110315
2,ec0808a120ca,ipiales,0.010577190547555158
2,2bda216ee06e,nuevo,0.004164442690831032
2,47e074a1b347,nuevo,0.004164442690831032
2,9f55b7f98d0c,nuevo,0.004164442690831032
2,a8b6c91e103d,nuevo,0.004164442690831032
2,cfa7562d8642,nuevo,0.129097723415762
2,e14d780d7d43,nuevo,0.004164442690831032
2,0c78f2aad5e5,terminal,0.004094396340989093
2,4f524af45e30,terminal,0.008188792681978186
2,6d2bcdd6f526,terminal,0.004094396340989093
2,719105037cd3,terminal,0.004094396340989093
2,7ff12400b9f6,terminal,0.008188792681978186
2,a8b6c91e103d,terminal,0.004094396340989093
2,acbc06e17a31,terminal,0.008188792681978186
2,adcc6e0b89df,terminal,0.008188792681978186
2,5e4e11b7a1b0,registrarme,0.004048763727196837
2,cfa7562d8642,registrarme,0.12551167554310194
2,e0759bd92787,registrarme,0.008097527454393674
2,0b98d3009cee,dinero,0.003753196645906669
2,1d6d8f86b6ae,dinero,0.003753196645906669
2,23e088703289,dinero,0.003753196645906669
2,68fd964afd09,dinero,0.003753196645906669
2,ac39351233b0,dinero,0.003753196645906669
2,c6b6dd92e42a,dinero,0.003753196645906669
2,cea92821b22a,dinero,0.003753196645906669
2,cfa7562d8642,dinero,0.007506393291813338
2,d502ce7c5ddb,dinero,0.003753196645906669
2,eecee4198c0f,dinero,0.003753196645906669
2,43f2bfa84b23,sola,0.0035825967983654566
2,57550ec17795,sola,0.0035825967983654566
2,7ff12400b9f6,sola,0.0035825967983654566
2,8f8014dd3ca2,sola,0.0035825967983654566
2,c102a05bc7bd,sola,0.0035825967983654566
2,d324748a5ef2,sola,0.0035825967983654566
2,e2c9eb5825cb,sola,0.007165193596730913
2,07a493b2ddeb,urgente,0.00307079725574182
2,0d79522d75ab,urgente,0.00307079725574182
2,4e549487225a,urgente,0.00307079725574182
2,6d2bcdd6f526,urgente,0.00307079725574182
2,9ca5279f044f,urgente,0.00307079725574182
2,aa5cfb011785,urgente,0.00614159451148364
2,b2635e9a6a7f,urgente,0.00307079725574182
2,b71b48b68419,urgente,0.00307079725574182
2,c6b6dd92e42a,urgente,0.00307079725574182
2,0b98d3009cee,alimentos,0.00307079725574182
2,2f99c95f0057,alimentos,0.00614159451148364
2,4f83816de195,alimentos,0.00307079725574182
2,50fdccfb1891,alimentos,0.00307079725574182
2,5e21d7487e2e,alimentos,0.00307079725574182
2,acbc06e17a31,alimentos,0.00307079725574182
2,f11283a6845d,alimentos,0.00614159451148364
2,0dedc06a8597,cirugía,0.0030707972557418198
2,2757dc3ce28d,cirugía,0.0061415945114836395
2,90eb8eb3336a,cirugía,0.0030707972557418198
2,ad2009457cac,cirugía,0.0030707972557418198
2,cd8f0a22aab9,cirugía,0.0030707972557418198
2,075203619289,años,0.003044629366336839
2,30d8ffd038d6,años,0.003044629366336839
2,43f2bfa84b23,años,0.003044629366336839
2,47e074a1b347,años,0.003044629366336839
2,49d32c03804c,años,0.003044629366336839
2,4f524af45e30,años,0.003044629366336839
2,4f83816de195,años,0.006089258732673678
2,556dae00d01f,años,0.003044629366336839
2,56c146535660,años,0.003044629366336839
2,5b35eba5a9c4,años,0.003044629366336839
2,662f81114f99,años,0.003044629366336839
2,67137155144d,años,0.006089258732673678
2,762d794c4fbc,años,0.003044629366336839
2,8066e0f720f1,años,0.003044629366336839
2,85d2f69e7025,años,0.003044629366336839
2,875ddd21c83a,años,0.006089258732673678
2,8d209885c75b,años,0.003044629366336839
2,96cae25a3eb7,años,0.003044629366336839
2,9ca5279f044f,años,0.003044629366336839
2,9fc9dc6b6c7d,años,0.006089258732673678
2,a5d221da4a61,años,0.003044629366336839
2,a77977d188c4,años,0.006089258732673678
2,a8fd097f45d7,años,0.003044629366336839
2,ad2009457cac,años,0.003044629366336839
2,b129f19d0af2,años,0.003044629366336839
2,b71b48b68419,años,0.003044629366336839
2,bdc7e2e1dce1,años,0.003044629366336839
2,d324748a5ef2,años,0.003044629366336839
2,daef5948e6af,años,0.003044629366336839
2,e06423c70b3e,años,0.003044629366336839
2,ec0808a120ca,años,0.003044629366336839
2,01b6e41756d9,ella,0.0029001974082006076
2,0d79522d75ab,ella,0.0029001974082006076
2,49d32c03804c,ella,0.0029001974082006076
2,4dbeb691b609,ella,0.0029001974082006076
2,58e3ec0e8efa,ella,0.01160078963280243
2,5b35eba5a9c4,ella,0.0029001974082006076
2,79ac5516fd24,ella,0.0029001974082006076
2,a77977d188c4,ella,0.014500987041003038
2,b129f19d0af2,ella,0.0029001974082006076
2,daef5948e6af,ella,0.0029001974082006076
2,ecbabc3cee0c,ella,0.0029001974082006076
2,fd114b1912b6,ella,0.0029001974082006076
2,662f81114f99,villa,0.008188792681978186
2,8d209885c75b,villa,0.0027295975606593955
2,aa5cfb011785,villa,0.0027295975606593955
2,ae274c7b9001,villa,0.0027295975606593955
2,dd16a0f184e1,villa,0.005459195121318791
2,2f99c95f0057,albergue,0.005310913996125517
2,4d0d805f41f7,albergue,0.007966370994188276
2,58003bf0152d,albergue,0.007966370994188276
2,6d2bcdd6f526,albergue,0.0026554569980627584
2,a26eecc89b56,albergue,0.005310913996125517
2,cfa7562d8642,albergue,0.010621827992251033
2,07a493b2ddeb,trabaja,0.0025589977131181833
2,1ac60e26b75c,trabaja,0.0025589977131181833
2,1d6d8f86b6ae,trabaja,0.0025589977131181833
2,23e088703289,trabaja,0.0025589977131181833
2,30d8ffd038d6,trabaja,0.0025589977131181833
2,4b99fb3f7c87,trabaja,0.0025589977131181833
2,4dbeb691b609,trabaja,0.0025589977131181833
2,4ee5c5e82c8e,trabaja,0.0025589977131181833
2,4eed8489d04f,trabaja,0.0025589977131181833
2,556dae00d01f,trabaja,0.0025589977131181833
2,5b35eba5a9c4,trabaja,0.005117995426236367
2,5d68d7d36dbf,trabaja,0.0025589977131181833
2,5e4e11b7a1b0,trabaja,0.0025589977131181833
2,79ac5516fd24,trabaja,0.005117995426236367
2,7ff12400b9f6,trabaja,0.0025589977131181833
2,875ddd21c83a,trabaja,0.0025589977131181833
2,96cae25a3eb7,trabaja,0.0025589977131181833
2,9fc9dc6b6c7d,trabaja,0.0025589977131181833
2,a6642232899b,trabaja,0.0025589977131181833
2,ac776a91e1b9,trabaja,0.0025589977131181833
2,b71b48b68419,trabaja,0.0025589977131181833
2,c102a05bc7bd,trabaja,0.005117995426236367
2,daef5948e6af,trabaja,0.0025589977131181833
2,dd16a0f184e1,trabaja,0.0025589977131181833
2,e641f51b066c,trabaja,0.005117995426236367
2,f2d9ee2f480b,trabaja,0.0025589977131181833
2,f9cf071cedbb,trabaja,0.0025589977131181833
2,0dedc06a8597,urgencia,0.0025589977131181833
2,1b5222e497bf,urgencia,0.0025589977131181833
2,4d0d805f41f7,urgencia,0.0025589977131181833
2,aa5cfb011785,urgencia,0.0025589977131181833
2,b71b48b68419,urgencia,0.0025589977131181833
2,b8f629c969bb,urgencia,0.0025589977131181833
2,cd8f0a22aab9,urgencia,0.0025589977131181833
2,d502ce7c5ddb,urgencia,0.0025589977131181833
2,0d79522d75ab,vida,0.0025589977131181833
2,12a4d7d0b517,vida,0.0025589977131181833
2,3087b37015be,vida,0.0025589977131181833
2,4c5d5996085f,vida,0.0025589977131181833
2,4e549487225a,vida,0.0025589977131181833
2,4f83816de195,vida,0.0076769931393545505
2,57550ec17795,vida,0.0025589977131181833
2,866fdeb1a0de,vida,0.0025589977131181833
2,a8bb402a432a,vida,0.0025589977131181833
2,a8fd097f45d7,vida,0.0025589977131181833
2,bebf0fad32f7,vida,0.0025589977131181833
2,cf03288f22b4,vida,0.005117995426236367
2,e14d780d7d43,vida,0.0025589977131181833
2,0d79522d75ab,discapacidad,0.0025589977131181833
2,4e549487225a,discapacidad,0.015353986278709101
2,7037462b3440,discapacidad,0.005117995426236367
2,96cae25a3eb7,discapacidad,0.0025589977131181833
2,e1e56ec111f7,discapacidad,0.0076769931393545505
2,0b98d3009cee,encontrar,0.0025589977131181833
2,276a55f67a77,encontrar,0.0025589977131181833
2,324389fa1463,encontrar,0.0025589977131181833
2,3e95e47dd7ec,encontrar,0.0025589977131181833
2,4d0d805f41f7,encontrar,0.005117995426236367
2,4e549487225a,encontrar,0.0025589977131181833
2,57550ec17795,encontrar,0.0025589977131181833
2,839f912ebc05,encontrar,0.005117995426236367
2,a362578e8741,encontrar,0.0025589977131181833
2,c6b6dd92e42a,encontrar,0.0025589977131181833
2,cf1e2d9e5c95,encontrar,0.0025589977131181833
2,cfa7562d8642,encontrar,0.005117995426236367
2,01b6e41756d9,venezuela,0.002478186693529985
2,10362a778226,venezuela,0.002478186693529985
2,204861de9f07,venezuela,0.002478186693529985
2,40f8794ebb5b,venezuela,0.002478186693529985
2,47e074a1b347,venezuela,0.002478186693529985
2,4f524af45e30,venezuela,0.002478186693529985
2,58003bf0152d,venezuela,0.002478186693529985
2,5b35eba5a9c4,venezuela,0.002478186693529985
2,7eb0525767e1,venezuela,0.002478186693529985
2,7f2a79d2876a,venezuela,0.002478186693529985
2,7ff12400b9f6,venezuela,0.002478186693529985
2,866fdeb1a0de,venezuela,0.002478186693529985
2,90eb8eb3336a,venezuela,0.002478186693529985
2,96cae25a3eb7,venezuela,0.02478186693529985
2,a47a460d4806,venezuela,0.002478186693529985
2,a8b6c91e103d,venezuela,0.002478186693529985
2,adcc6e0b89df,venezuela,0.002478186693529985
2,be2473df979a,venezuela,0.00495637338705997
2,e2c9eb5825cb,venezuela,0.007434560080589955
2,e2f825d75a6a,venezuela,0.002478186693529985
2,ee812abbae17,venezuela,0.002478186693529985
2,ee9d47c348b7,venezuela,0.002478186693529985
2,f11283a6845d,venezuela,0.002478186693529985
2,01b6e41756d9,conducto,0.002429258236318102
2,07a493b2ddeb,conducto,0.007287774708954305
2,17c99caae844,conducto,0.002429258236318102
2,1ac60e26b75c,conducto,0.007287774708954305
2,1b5222e497bf,conducto,0.002429258236318102
2,3dbebe73d557,conducto,0.002429258236318102
2,406b3e9a1228,conducto,0.002429258236318102
2,4ee5c5e82c8e,conducto,0.002429258236318102
2,4f83816de195,conducto,0.004858516472636204
2,5044f351c01f,conducto,0.007287774708954305
2,58e3ec0e8efa,conducto,0.017004807654226715
2,5a37c2627cfe,conducto,0.004858516472636204
2,5e4e11b7a1b0,conducto,0.01457554941790861
2,7eb0525767e1,conducto,0.002429258236318102
2,866fdeb1a0de,conducto,0.002429258236318102
2,9fc9dc6b6c7d,conducto,0.007287774708954305
2,a77977d188c4,conducto,0.002429258236318102
2,a8bb402a432a,conducto,0.007287774708954305
2,aa5cfb011785,conducto,0.002429258236318102
2,ad2009457cac,conducto,0.007287774708954305
2,b71b48b68419,conducto,0.002429258236318102
2,cfa7562d8642,conducto,0.002429258236318102
2,dd16a0f184e1,conducto,0.002429258236318102
2,e1d352c8b6dc,conducto,0.004858516472636204
2,eecee4198c0f,conducto,0.002429258236318102
2,f9cf071cedbb,conducto,0.004858516472636204
2,fd114b1912b6,conducto,0.002429258236318102
2,07a493b2ddeb,humanitaria,0.002429258236318102
2,0af1b20e629c,humanitaria,0.002429258236318102
2,0d79522d75ab,humanitaria,0.007287774708954305
2,40f4d7ee7e94,humanitaria,0.002429258236318102
2,4e549487225a,humanitaria,0.004858516472636204
2,4f524af45e30,humanitaria,0.002429258236318102
2,5044f351c01f,humanitaria,0.002429258236318102
2,5b35eba5a9c4,humanitaria,0.004858516472636204
2,67137155144d,humanitaria,0.004858516472636204
2,6c99e1a0bd00,humanitaria,0.004858516472636204
2,7dcca471d88b,humanitaria,0.002429258236318102
2,8066e0f720f1,humanitaria,0.002429258236318102
2,839f912ebc05,humanitaria,0.002429258236318102
2,b6711f708f82,humanitaria,0.002429258236318102
2,c102a05bc7bd,humanitaria,0.007287774708954305
2,cfa7562d8642,humanitaria,0.002429258236318102
2,07a493b2ddeb,danés,0.0024140518164206897
2,17c99caae844,danés,0.0024140518164206897
2,1a83a3c7f37a,danés,0.0024140518164206897
2,2bda216ee06e,danés,0.0024140518164206897
2,4e549487225a,danés,0.004828103632841379
2,9f55b7f98d0c,danés,0.0024140518164206897
2,a26eecc89b56,danés,0.0024140518164206897
2,bc1dee482f04,danés,0.004828103632841379
2,026d46d84f36,hijo,0.002407381359429128
2,075203619289,hijo,0.002407381359429128
2,0b98d3009cee,hijo,0.007222144078287384
2,2f99c95f0057,hijo,0.007222144078287384
2,4c2c2ccab7ef,hijo,0.002407381359429128
2,4c5d5996085f,hijo,0.002407381359429128
2,4f524af45e30,hijo,0.002407381359429128
2,57550ec17795,hijo,0.002407381359429128
2,58003bf0152d,hijo,0.002407381359429128
2,5a37c2627cfe,hijo,0.002407381359429128
2,5b35eba5a9c4,hijo,0.002407381359429128
2,5e4e11b7a1b0,hijo,0.002407381359429128
2,5e65b3f3ebf6,hijo,0.007222144078287384
2,67137155144d,hijo,0.007222144078287384
2,6c99e1a0bd00,hijo,0.002407381359429128
2,8066e0f720f1,hijo,0.002407381359429128
2,85d2f69e7025,hijo,0.002407381359429128
2,875ddd21c83a,hijo,0.002407381359429128
2,8d209885c75b,hijo,0.002407381359429128
2,902fa97f667e,hijo,0.004814762718858256
2,96cae25a3eb7,hijo,0.004814762718858256
2,9f55b7f98d0c,hijo,0.009629525437716512
2,a8fd097f45d7,hijo,0.002407381359429128
2,ad2009457cac,hijo,0.002407381359429128
2,b618739dda80,hijo,0.002407381359429128
2,c6b6dd92e42a,hijo,0.004814762718858256
2,cfa7562d8642,hijo,0.012036906797145641
2,e1e56ec111f7,hijo,0.007222144078287384
2,ec0808a120ca,hijo,0.002407381359429128
2,f480b4f24ed8,hijo,0.004814762718858256
2,00e5e5188fa3,médica,0.002388397865576971
2,07a493b2ddeb,médica,0.002388397865576971
2,0de98070fca2,médica,0.002388397865576971
2,14930e78ce9a,médica,0.002388397865576971
2,43f2bfa84b23,médica,0.002388397865576971
2,586bdb9819b7,médica,0.002388397865576971
2,b8f629c969bb,médica,0.004776795731153942
2,c4257bd16a3d,médica,0.007165193596730913
2,c9ebcba1ba34,médica,0.002388397865576971
2,cfa7562d8642,médica,0.002388397865576971
2,d502ce7c5ddb,médica,0.002388397865576971
2,1a1ebc5090d9,nadie,0.002388397865576971
2,1b5222e497bf,nadie,0.004776795731153942
2,56c146535660,nadie,0.002388397865576971
2,9fc9dc6b6c7d,nadie,0.002388397865576971
2,bb43b2c76c87,nadie,0.002388397865576971
2,d324748a5ef2,nadie,0.002388397865576971
2,01b6e41756d9,salvo,0.0021979003090497116
2,17c99caae844,salvo,0.0021979003090497116
2,4ee5c5e82c8e,salvo,0.0021979003090497116
2,4f83816de195,salvo,0.004395800618099423
2,5044f351c01f,salvo,0.0065937009271491345
2,58e3ec0e8efa,salvo,0.013187401854298269
2,5a37c2627cfe,salvo,0.004395800618099423
2,5e4e11b7a1b0,salvo,0.0065937009271491345
2,7eb0525767e1,salvo,0.0021979003090497116
2,866fdeb1a0de,salvo,0.0021979003090497116
2,9fc9dc6b6c7d,salvo,0.0065937009271491345
2,a77977d188c4,salvo,0.004395800618099423
2,a8bb402a432a,salvo,0.0065937009271491345
2,aa5cfb011785,salvo,0.0021979003090497116
2,ad2009457cac,salvo,0.0065937009271491345
2,b71b48b68419,salvo,0.0021979003090497116
2,cfa7562d8642,salvo,0.0021979003090497116
2,e1d352c8b6dc,salvo,0.004395800618099423
2,eecee4198c0f,salvo,0.0021979003090497116
2,f9cf071cedbb,salvo,0.004395800618099423
2,fd114b1912b6,salvo,0.0021979003090497116
2,5cef985e56f4,apostillar,0.004345293269557242
2,ac39351233b0,apostillar,0.002172646634778621
2,e2c9eb5825cb,apostillar,0.004345293269557242
2,ee812abbae17,apostillar,0.002172646634778621
2,ef3c1dfce67c,apostillar,0.002172646634778621
2,f69be2a55113,apostillar,0.002172646634778621
2,0b98d3009cee,niño,0.002082221345415516
2,0c78f2aad5e5,niño,0.002082221345415516
2,26f794aecdb1,niño,0.002082221345415516
2,276a55f67a77,niño,0.002082221345415516
2,406b3e9a1228,niño,0.002082221345415516
2,43f2bfa84b23,niño,0.006246664036246548
2,4f524af45e30,niño,0.002082221345415516
2,4f83816de195,niño,0.008328885381662064
2,5c0d66283a45,niño,0.004164442690831032
2,5cef985e56f4,niño,0.002082221345415516
2,67137155144d,niño,0.002082221345415516
2,6c99e1a0bd00,niño,0.002082221345415516
2,8066e0f720f1,niño,0.002082221345415516
2,875ddd21c83a,niño,0.002082221345415516
2,9f55b7f98d0c,niño,0.002082221345415516
2,9fc9dc6b6c7d,niño,0.002082221345415516
2,a5d221da4a61,niño,0.004164442690831032
2,ad2009457cac,niño,0.002082221345415516
2,c102a05bc7bd,niño,0.004164442690831032
2,cfa7562d8642,niño,0.004164442690831032
2,e06423c70b3e,niño,0.004164442690831032
2,e14d780d7d43,niño,0.002082221345415516
2,ec0808a120ca,niño,0.002082221345415516
2,f2d9ee2f480b,niño,0.004164442690831032
2,0b98d3009cee,ropa,0.0020471981704945465
2,1a83a3c7f37a,ropa,0.0020471981704945465
2,f11283a6845d,ropa,0.008188792681978186
2,5a37c2627cfe,llego,0.0020471981704945465
2,6d2bcdd6f526,llego,0.0020471981704945465
2,96cae25a3eb7,llego,0.0020471981704945465
2,cfa7562d8642,llego,0.0061415945114836395
2,07a493b2ddeb,registro,0.0020471981704945465
2,0b98d3009cee,registro,0.0020471981704945465
2,2bda216ee06e,registro,0.0020471981704945465
2,2fdebb60b258,registro,0.0020471981704945465
2,5c0d66283a45,registro,0.0020471981704945465
2,5cef985e56f4,registro,0.0061415945114836395
2,a8b6c91e103d,registro,0.0020471981704945465
2,cd8f0a22aab9,registro,0.0020471981704945465
2,fbd40694fd86,registro,0.0020471981704945465
2,719105037cd3,maicao,0.020471981704945463
2,7ff12400b9f6,maicao,0.0020471981704945465
2,f2d9ee2f480b,maicao,0.0020471981704945465
2,07a493b2ddeb,ayudarme,0.0020471981704945465
2,10362a778226,ayudarme,0.0020471981704945465
2,4c7490179e9b,ayudarme,0.0020471981704945465
2,5e21d7487e2e,ayudarme,0.0020471981704945465
2,5e65b3f3ebf6,ayudarme,0.0020471981704945465
2,7eb0525767e1,ayudarme,0.0020471981704945465
2,9ca5279f044f,ayudarme,0.0020471981704945465
2,a362578e8741,ayudarme,0.0020471981704945465
2,c6b6dd92e42a,ayudarme,0.0020471981704945465
2,d324748a5ef2,ayudarme,0.0020471981704945465
2,e14d780d7d43,ayudarme,0.0020471981704945465
2,f2d9ee2f480b,ayudarme,0.0020471981704945465
2,4c2c2ccab7ef,mañana,0.004094396340989093
2,4f83816de195,mañana,0.004094396340989093
2,a8bb402a432a,mañana,0.0020471981704945465
2,ae274c7b9001,mañana,0.0020471981704945465
2,af0e5c149be0,mañana,0.004094396340989093
2,b61533160f33,mañana,0.0020471981704945465
2,b9ff365f1be6,mañana,0.0020471981704945465
2,bc1dee482f04,mañana,0.0020471981704945465
2,dd16a0f184e1,mañana,0.0020471981704945465
2,01b6e41756d9,barranquilla,0.001982549354823988
2,0b98d3009cee,barranquilla,0.005947648064471964
2,17c99caae844,barranquilla,0.001982549354823988
2,3616d0442ecb,barranquilla,0.001982549354823988
2,3dbebe73d557,barranquilla,0.001982549354823988
2,4e549487225a,barranquilla,0.00991274677411994
2,902fa97f667e,barranquilla,0.003965098709647976
2,bc1dee482f04,barranquilla,0.001982549354823988
2,cfa7562d8642,barranquilla,0.001982549354823988
2,f11283a6845d,barranquilla,0.023790592257887856
2,0b98d3009cee,casa,0.0019312414531365515
2,1d6d8f86b6ae,casa,0.0019312414531365515
2,4c7490179e9b,casa,0.0019312414531365515
2,4d0d805f41f7,casa,0.0019312414531365515
2,50fdccfb1891,casa,0.0019312414531365515
2,58e3ec0e8efa,casa,0.0019312414531365515
2,8b5e8d22c93a,casa,0.0019312414531365515
2,a26eecc89b56,casa,0.003862482906273103
2,cfa7562d8642,casa,0.0019312414531365515
2,0b98d3009cee,pasto,0.0019312414531365515
2,276a55f67a77,pasto,0.009656207265682757
2,4d0d805f41f7,pasto,0.007724965812546206
2,2757dc3ce28d,medio,0.0018765983229533346
2,4f83816de195,medio,0.0018765983229533346
2,58e3ec0e8efa,medio,0.0018765983229533346
2,67137155144d,medio,0.0018765983229533346
2,79ac5516fd24,medio,0.0018765983229533346
2,7eb0525767e1,medio,0.0018765983229533346
2,875ddd21c83a,medio,0.0018765983229533346
2,987992302be3,medio,0.0018765983229533346
2,ad2009457cac,medio,0.0018765983229533346
2,eecee4198c0f,medio,0.0018765983229533346
2,f515ff1cdba3,medio,0.0018765983229533346
2,0b98d3009cee,atender,0.0018765983229533346
2,1a1ebc5090d9,atender,0.0018765983229533346
2,1b5222e497bf,atender,0.0018765983229533346
2,2fee72bc46f1,atender,0.0018765983229533346
2,3616d0442ecb,atender,0.0018765983229533346
2,50fdccfb1891,atender,0.0018765983229533346
2,a47a460d4806,atender,0.0018765983229533346
2,af0e5c149be0,atender,0.0018765983229533346
2,d502ce7c5ddb,atender,0.0018765983229533346
2,e1d352c8b6dc,atender,0.003753196645906669
2,f515ff1cdba3,atender,0.0018765983229533346
3,0a2869cfe664,salvoconducto,0.010683845081995484
3,1120ff7989f4,salvoconducto,0.02136769016399097
3,1ad08d444027,salvoconducto,0.010683845081995484
3,1b9a5105a9db,salvoconducto,0.010683845081995484
3,2483f48531ff,salvoconducto,0.010683845081995484
3,26c37c7c3dcf,salvoconducto,0.010683845081995484
3,2ba620c8e1c2,salvoconducto,0.010683845081995484
3,2bcfaa3df52b,salvoconducto,0.010683845081995484
3,38ca49bafc59,salvoconducto,0.04273538032798194
3,3c3a91dc30f1,salvoconducto,0.010683845081995484
3,40ee6d43d65c,salvoconducto,0.010683845081995484
3,53bf7d07b4fd,salvoconducto,0.010683845081995484
3,573843e5bd1e,salvoconducto,0.02136769016399097
3,57d1fbeee6f3,salvoconducto,0.010683845081995484
3,6c9e53f7f4ef,salvoconducto,0.010683845081995484
3,782bc1dc9626,salvoconducto,0.010683845081995484
3,9073c17379d1,salvoconducto,0.02136769016399097
3,91eb0e40a414,salvoconducto,0.02136769016399097
3,92ff5182ff53,salvoconducto,0.010683845081995484
3,a3ac0cb9e730,salvoconducto,0.010683845081995484
3,a57bd1493638,salvoconducto,0.010683845081995484
3,aae2ac12b8a1,salvoconducto,0.010683845081995484
3,ab8260e04552,salvoconducto,0.02136769016399097
3,ae909a599460,salvoconducto,0.010683845081995484
3,b57b7afe9499,salvoconducto,0.010683845081995484
3,c24b23e10ab0,salvoconducto,0.010683845081995484
3,d6f1371a11b5,salvoconducto,0.010683845081995484
3,dc24421b28d3,salvoconducto,0.010683845081995484
3,e4665a7137f2,salvoconducto,0.010683845081995484
3,e86a9cdef117,salvoconducto,0.010683845081995484
3,e9900c755cc8,salvoconducto,0.010683845081995484
3,ebf63a1e9924,salvoconducto,0.010683845081995484
3,0956cfe71306,conducto,0.009366014350911398
3,0a2869cfe664,conducto,0.009366014350911398
3,1120ff7989f4,conducto,0.018732028701822796
3,194c0b66d618,conducto,0.009366014350911398
3,1ad08d444027,conducto,0.009366014350911398
3,1b9a5105a9db,conducto,0.009366014350911398
3,2483f48531ff,conducto,0.009366014350911398
3,26c37c7c3dcf,conducto,0.018732028701822796
3,2ba620c8e1c2,conducto,0.009366014350911398
3,2bcfaa3df52b,conducto,0.009366014350911398
3,2c894b94435f,conducto,0.009366014350911398
3,38ca49bafc59,conducto,0.03746405740364559
3,3c3a91dc30f1,conducto,0.009366014350911398
3,40ee6d43d65c,conducto,0.009366014350911398
3,53bf7d07b4fd,conducto,0.018732028701822796
3,573843e5bd1e,conducto,0.018732028701822796
3,57d1fbeee6f3,conducto,0.009366014350911398
3,5eb579d50f61,conducto,0.009366014350911398
3,6c9e53f7f4ef,conducto,0.009366014350911398
3,6e228243d03f,conducto,0.009366014350911398
3,702f81b87973,conducto,0.018732028701822796
3,782bc1dc9626,conducto,0.009366014350911398
3,9073c17379d1,conducto,0.018732028701822796
3,91eb0e40a414,conducto,0.018732028701822796
3,92ff5182ff53,conducto,0.009366014350911398
3,96045bc947b3,conducto,0.009366014350911398
3,a3ac0cb9e730,conducto,0.009366014350911398
3,a57bd1493638,conducto,0.009366014350911398
3,a690b42ae9b2,conducto,0.009366014350911398
3,aae2ac12b8a1,conducto,0.009366014350911398
3,ab8260e04552,conducto,0.018732028701822796
3,ae909a599460,conducto,0.009366014350911398
3,b4ee5ceb484c,conducto,0.009366014350911398
3,b57b7afe9499,conducto,0.009366014350911398
3,c24b23e10ab0,conducto,0.009366014350911398
3,c794cc690e6b,conducto,0.009366014350911398
3,d1a4e92e9378,conducto,0.009366014350911398
3,d58fd4a48a69,conducto,0.018732028701822796
3,d69c12fc58e3,conducto,0.009366014350911398
3,d6f1371a11b5,conducto,0.018732028701822796
3,d9a9782ccb46,conducto,0.018732028701822796
3,dc24421b28d3,conducto,0.009366014350911398
3,e4665a7137f2,conducto,0.009366014350911398
3,e86a9cdef117,conducto,0.009366014350911398
3,e9900c755cc8,conducto,0.009366014350911398
3,ebf63a1e9924,conducto,0.009366014350911398
3,ed4f4f6f3045,conducto,0.009366014350911398
3,ef6a542e39a4,conducto,0.009366014350911398
3,efa2a0117317,conducto,0.009366014350911398
3,f17def181492,conducto,0.009366014350911398
3,18c313934434,pasaporte,0.00766310265074569
3,2040ec3fddb2,pasaporte,0.00766310265074569
3,26c37c7c3dcf,pasaporte,0.00766310265074569
3,31b8761c2878,pasaporte,0.00766310265074569
3,48ab8159f144,pasaporte,0.00766310265074569
3,4c4fa2ece9fc,pasaporte,0.00766310265074569
3,51e28189c9d0,pasaporte,0.00766310265074569
3,558b7308b51f,pasaporte,0.00766310265074569
3,573843e5bd1e,pasaporte,0.01532620530149138
3,5f11954d95d6,pasaporte,0.00766310265074569
3,6a69fced0269,pasaporte,0.00766310265074569
3,702f81b87973,pasaporte,0.00766310265074569
3,9073c17379d1,pasaporte,0.00766310265074569
3,9c9245ec7777,pasaporte,0.00766310265074569
3,e5264ccf9bcc,pasaporte,0.00766310265074569
3,ebf63a1e9924,pasaporte,0.00766310265074569
3,fa203c8b7aaa,pasaporte,0.00766310265074569
3,0a2869cfe664,salvo,0.006811646800662836
3,1120ff7989f4,salvo,0.013623293601325671
3,194c0b66d618,salvo,0.006811646800662836
3,1ad08d444027,salvo,0.006811646800662836
3,1b9a5105a9db,salvo,0.006811646800662836
3,2483f48531ff,salvo,0.006811646800662836
3,26c37c7c3dcf,salvo,0.006811646800662836
3,2ba620c8e1c2,salvo,0.006811646800662836
3,2bcfaa3df52b,salvo,0.006811646800662836
3,2c894b94435f,salvo,0.006811646800662836
3,38ca49bafc59,salvo,0.027246587202651343
3,3c3a91dc30f1,salvo,0.006811646800662836
3,40ee6d43d65c,salvo,0.006811646800662836
3,53bf7d07b4fd,salvo,0.006811646800662836
3,573843e5bd1e,salvo,0.013623293601325671
3,57d1fbeee6f3,salvo,0.006811646800662836
3,6c9e53f7f4ef,salvo,0.006811646800662836
3,6e228243d03f,salvo,0.006811646800662836
3,702f81b87973,salvo,0.013623293601325671
3,782bc1dc9626,salvo,0.006811646800662836
3,9073c17379d1,salvo,0.013623293601325671
3,91eb0e40a414,salvo,0.013623293601325671
3,92ff5182ff53,salvo,0.006811646800662836
3,a3ac0cb9e730,salvo,0.006811646800662836
3,a57bd1493638,salvo,0.006811646800662836
3,a690b42ae9b2,salvo,0.006811646800662836
3,aae2ac12b8a1,salvo,0.006811646800662836
3,ab8260e04552,salvo,0.013623293601325671
3,ae909a599460,salvo,0.006811646800662836
3,b4ee5ceb484c,salvo,0.006811646800662836
3,b57b7afe9499,salvo,0.006811646800662836
3,c24b23e10ab0,salvo,0.006811646800662836
3,c794cc690e6b,salvo,0.006811646800662836
3,d1a4e92e9378,salvo,0.006811646800662836
3,d58fd4a48a69,salvo,0.006811646800662836
3,d69c12fc58e3,salvo,0.006811646800662836
3,d6f1371a11b5,salvo,0.006811646800662836
3,d9a9782ccb46,salvo,0.006811646800662836
3,dc24421b28d3,salvo,0.006811646800662836
3,e4665a7137f2,salvo,0.006811646800662836
3,e86a9cdef117,salvo,0.006811646800662836
3,e9900c755cc8,salvo,0.006811646800662836
3,ebf63a1e9924,salvo,0.006811646800662836
3,ed4f4f6f3045,salvo,0.006811646800662836
3,ef6a542e39a4,salvo,0.006811646800662836
3,efa2a0117317,salvo,0.006811646800662836
3,f17def181492,salvo,0.006811646800662836
3,0bd6a1517cd4,permiso,0.006047617419588884
3,111ad7eb4be6,permiso,0.006047617419588884
3,1120ff7989f4,permiso,0.006047617419588884
3,156d12a7898d,permiso,0.006047617419588884
3,1b9a5105a9db,permiso,0.006047617419588884
3,21996eb7014b,permiso,0.006047617419588884
3,22b948dd4918,permiso,0.006047617419588884
3,2c38877ae17e,permiso,0.006047617419588884
3,2c894b94435f,permiso,0.006047617419588884
3,2e9e4eccd47e,permiso,0.006047617419588884
3,309d5f4bdad6,permiso,0.006047617419588884
3,31b8761c2878,permiso,0.006047617419588884
3,3c6d838c02cb,permiso,0.006047617419588884
3,401aadf82e30,permiso,0.018142852258766655
3,459d7e890352,permiso,0.018142852258766655
3,48b0f96ef2dc,permiso,0.006047617419588884
3,4c4fa2ece9fc,permiso,0.006047617419588884
3,555b65ff0b32,permiso,0.006047617419588884
3,5b84761ac5e2,permiso,0.006047617419588884
3,5c9ef20917c1,permiso,0.006047617419588884
3,67383a06b253,permiso,0.006047617419588884
3,6e228243d03f,permiso,0.006047617419588884
3,7298a75fed0e,permiso,0.006047617419588884
3,73b8bad21088,permiso,0.012095234839177769
3,7e4fea5057a2,permiso,0.006047617419588884
3,85712e24ea1a,permiso,0.006047617419588884
3,91eb0e40a414,permiso,0.006047617419588884
3,91ff28da6cfe,permiso,0.006047617419588884
3,930b60a9ec31,permiso,0.012095234839177769
3,9c3fdfa26e1c,permiso,0.006047617419588884
3,9c9245ec7777,permiso,0.006047617419588884
3,9d01e11966f7,permiso,0.006047617419588884
3,a3ac0cb9e730,permiso,0.006047617419588884
3,a4a8889cb093,permiso,0.006047617419588884
3,b6447f6aca25,permiso,0.006047617419588884
3,c31a9704f3b8,permiso,0.006047617419588884
3,d69c12fc58e3,permiso,0.006047617419588884
3,dc24421b28d3,permiso,0.006047617419588884
3,e5264ccf9bcc,permiso,0.006047617419588884
3,e9007fba3801,permiso,0.006047617419588884
3,ec6510d8b6f2,permiso,0.006047617419588884
3,f17def181492,permiso,0.018142852258766655
3,f4686af3b986,permiso,0.012095234839177769
3,fa61f37c486f,permiso,0.006047617419588884
3,cf8a9ac2cbfb,estudio,0.004442161471973398
3,d198e5adc768,estudio,0.004442161471973398
3,fe86584fe632,estudio,0.004442161471973398
3,5b84761ac5e2,pago,0.004442161471973398
3,666e7971b1a5,pago,0.004442161471973398
3,ae909a599460,pago,0.004442161471973398
3,cddce7294b5b,pago,0.004442161471973398
3,cf8a9ac2cbfb,pago,0.004442161471973398
3,04561f6119e9,cuánto,0.004394954949202552
3,0956cfe71306,cuánto,0.004394954949202552
3,558b7308b51f,cuánto,0.004394954949202552
3,9073c17379d1,cuánto,0.004394954949202552
3,92ff5182ff53,cuánto,0.004394954949202552
3,c24b23e10ab0,cuánto,0.004394954949202552
3,cc1f59f41f51,cuánto,0.004394954949202552
3,d198e5adc768,cuánto,0.004394954949202552
3,04561f6119e9,visa,0.0041123798453204415
3,066c67042429,visa,0.0041123798453204415
3,10bbd378898e,visa,0.008224759690640883
3,1bf1b0378d93,visa,0.0041123798453204415
3,2554be1b599e,visa,0.0041123798453204415
3,2920d7482649,visa,0.012337139535961324
3,3c6d838c02cb,visa,0.0041123798453204415
3,40cbebbd504b,visa,0.008224759690640883
3,48ab8159f144,visa,0.0041123798453204415
3,51e28189c9d0,visa,0.0041123798453204415
3,5f11954d95d6,visa,0.0041123798453204415
3,6a69fced0269,visa,0.012337139535961324
3,87f5ad4d1e03,visa,0.0041123798453204415
3,a426c732d67b,visa,0.0041123798453204415
3,bdc0d2b7501c,visa,0.008224759690640883
3,cc1f59f41f51,visa,0.0041123798453204415
3,cf8a9ac2cbfb,visa,0.0041123798453204415
3,d198e5adc768,visa,0.0041123798453204415
3,d9f4bec66e38,visa,0.0041123798453204415
3,e5264ccf9bcc,visa,0.008224759690640883
3,e9c7c306fde3,visa,0.0041123798453204415
3,f19346cfa019,visa,0.008224759690640883
3,fa203c8b7aaa,visa,0.0041123798453204415
3,38ca49bafc59,correo,0.00766310265074569
3,48b29e9b74b3,correo,0.003831551325372845
3,c87ec7e92f39,correo,0.003831551325372845
3,cf8a9ac2cbfb,correo,0.00766310265074569
3,dcc5db21a0ed,correo,0.003831551325372845
3,f03a13d8517f,correo,0.003831551325372845
3,c32ff785b9e9,llegó,0.0037671042421736156
3,cc1f59f41f51,llegó,0.0037671042421736156
3,cf8a9ac2cbfb,llegó,0.007534208484347231
3,e4665a7137f2,llegó,0.0037671042421736156
3,38ca49bafc59,refugiados,0.007534208484347231
3,6ae499a69fef,refugiados,0.0037671042421736156
3,7e4fea5057a2,refugiados,0.0037671042421736156
3,87f5ad4d1e03,refugiados,0.0037671042421736156
3,e86a9cdef117,refugiados,0.0037671042421736156
3,111ad7eb4be6,documentos,0.0036481422231204094
3,40ee6d43d65c,documentos,0.0036481422231204094
3,4fd0ea8a5508,documentos,0.0036481422231204094
3,5eb579d50f61,documentos,0.0036481422231204094
3,bcb32a25466f,documentos,0.0036481422231204094
3,bf11ef5edebb,documentos,0.0036481422231204094
3,c779e342fd14,documentos,0.0036481422231204094
3,cf8a9ac2cbfb,documentos,0.007296284446240819
3,d198e5adc768,documentos,0.0036481422231204094
3,d9a9782ccb46,documentos,0.0036481422231204094
3,e9900c755cc8,documentos,0.0036481422231204094
3,efa2a0117317,documentos,0.0036481422231204094
3,fa43dffe7a35,documentos,0.0036481422231204094
3,0956cfe71306,cita,0.006775121271509332
3,0c2e8dcba2eb,cita,0.003387560635754666
3,10bbd378898e,cita,0.003387560635754666
3,194c0b66d618,cita,0.003387560635754666
3,1ad08d444027,cita,0.003387560635754666
3,2040ec3fddb2,cita,0.006775121271509332
3,26c37c7c3dcf,cita,0.003387560635754666
3,2ba620c8e1c2,cita,0.003387560635754666
3,2bcfaa3df52b,cita,0.003387560635754666
3,38ca49bafc59,cita,0.013550242543018664
3,573843e5bd1e,cita,0.003387560635754666
3,6a69fced0269,cita,0.003387560635754666
3,782bc1dc9626,cita,0.003387560635754666
3,7e4fea5057a2,cita,0.003387560635754666
3,9c3fdfa26e1c,cita,0.003387560635754666
3,9d01e11966f7,cita,0.003387560635754666
3,b57b7afe9499,cita,0.003387560635754666
3,cf8a9ac2cbfb,cita,0.003387560635754666
3,d1a4e92e9378,cita,0.003387560635754666
3,d58fd4a48a69,cita,0.003387560635754666
3,df07b2341410,cita,0.010162681907263998
3,e86a9cdef117,cita,0.003387560635754666
3,e9900c755cc8,cita,0.003387560635754666
3,e9c7c306fde3,cita,0.003387560635754666
3,ef060dfe6b88,cita,0.003387560635754666
3,f17def181492,cita,0.006775121271509332
3,156d12a7898d,años,0.003387560635754666
3,1bf1b0378d93,años,0.003387560635754666
3,38ca49bafc59,años,0.003387560635754666
3,5f11954d95d6,años,0.003387560635754666
3,6c9e53f7f4ef,años,0.003387560635754666
3,9d01e11966f7,años,0.003387560635754666
3,a2818f285f14,años,0.003387560635754666
3,ae909a599460,años,0.003387560635754666
3,c31a9704f3b8,años,0.003387560635754666
3,dc24421b28d3,años,0.003387560635754666
3,f17def181492,años,0.003387560635754666
3,0956cfe71306,proceso,0.003387560635754666
3,0a2869cfe664,proceso,0.003387560635754666
3,13c2983256df,proceso,0.003387560635754666
3,1b9a5105a9db,proceso,0.003387560635754666
3,38ca49bafc59,proceso,0.003387560635754666
3,5c9ef20917c1,proceso,0.003387560635754666
3,6a69fced0269,proceso,0.006775121271509332
3,a5c1cc164391,proceso,0.003387560635754666
3,a690b42ae9b2,proceso,0.003387560635754666
3,c87ec7e92f39,proceso,0.003387560635754666
3,d1cdd2427eda,proceso,0.003387560635754666
3,dcc5db21a0ed,proceso,0.003387560635754666
3,ebf63a1e9924,proceso,0.003387560635754666
3,3c6d838c02cb,multa,0.0031392535351446797
3,9073c17379d1,multa,0.009417760605434039
3,ae909a599460,multa,0.0031392535351446797
3,1848f211e243,visitante,0.0031392535351446797
3,2920d7482649,visitante,0.0031392535351446797
3,bdc0d2b7501c,visitante,0.006278507070289359
3,fa203c8b7aaa,visitante,0.0031392535351446797
3,0956cfe71306,salvó,0.0031392535351446797
3,5eb579d50f61,salvó,0.0031392535351446797
3,96045bc947b3,salvó,0.0031392535351446797
3,d58fd4a48a69,salvó,0.0031392535351446797
3,d9a9782ccb46,salvó,0.0031392535351446797
3,18c313934434,trámite,0.0029800954752899904
3,2554be1b599e,trámite,0.0029800954752899904
3,92ff5182ff53,trámite,0.0029800954752899904
3,af3bc59a1828,trámite,0.0029800954752899904
3,b4ee5ceb484c,trámite,0.0029800954752899904
3,c24b23e10ab0,trámite,0.0029800954752899904
3,cf8a9ac2cbfb,trámite,0.0029800954752899904
3,d9a9782ccb46,trámite,0.005960190950579981
3,f17def181492,trámite,0.0029800954752899904
3,13c2983256df,tramite,0.0029800954752899904
3,38ca49bafc59,tramite,0.008940286425869972
3,3c6d838c02cb,tramite,0.0029800954752899904
3,91eb0e40a414,tramite,0.005960190950579981
3,e4665a7137f2,tramite,0.0029800954752899904
3,f19346cfa019,tramite,0.0029800954752899904
3,1c4cccd51f1e,pasar,0.0026652968831840386
3,38ca49bafc59,pasar,0.010661187532736155
3,0e9667c5d4ea,quedaron,0.0026652968831840386
3,13c2983256df,quedaron,0.0026652968831840386
3,fe86584fe632,quedaron,0.0026652968831840386
3,57d1fbeee6f3,haciendo,0.0026652968831840386
3,9c3fdfa26e1c,haciendo,0.0026652968831840386
3,f17def181492,haciendo,0.0026652968831840386
3,40cbebbd504b,extranjeria,0.0026652968831840386
3,c5dfb4aa881b,extranjeria,0.0026652968831840386
3,e9007fba3801,extranjeria,0.0026652968831840386
3,156d12a7898d,papel,0.0026652968831840386
3,26c37c7c3dcf,papel,0.010661187532736155
3,87f5ad4d1e03,papel,0.0026652968831840386
3,dc24421b28d3,papel,0.0026652968831840386
3,1120ff7989f4,permisos,0.0026652968831840386
3,401aadf82e30,permisos,0.0026652968831840386
3,9c3fdfa26e1c,permisos,0.0026652968831840386
3,18c313934434,país,0.0026058158736574355
3,3c6d838c02cb,país,0.0026058158736574355
3,7cf32354723f,país,0.0026058158736574355
3,92d93d16ccf9,país,0.0026058158736574355
3,ae909a599460,país,0.0026058158736574355
3,b2f3c3ce9f2a,país,0.0026058158736574355
3,b8f4fe31551a,país,0.0026058158736574355
3,c779e342fd14,país,0.0026058158736574355
3,c87ec7e92f39,país,0.0026058158736574355
3,fa61f37c486f,país,0.0026058158736574355
3,0a2869cfe664,realizar,0.002554367550248563
3,26c37c7c3dcf,realizar,0.005108735100497126
3,9bc3f350074c,realizar,0.002554367550248563
3,e4665a7137f2,realizar,0.002554367550248563
3,f19346cfa019,realizar,0.002554367550248563
3,18c313934434,prórroga,0.0025114028281157438
3,38ca49bafc59,prórroga,0.007534208484347231
3,722cc432eeac,tarjeta,0.0050228056562314875
3,2483f48531ff,renovar,0.0025114028281157438
3,7e4fea5057a2,renovar,0.0025114028281157438
3,96045bc947b3,renovar,0.0025114028281157438
3,a741d3529eec,renovar,0.0025114028281157438
3,26c37c7c3dcf,saime,0.0025114028281157438
3,5f11954d95d6,saime,0.0025114028281157438
3,04561f6119e9,vale,0.0025114028281157438
3,ae909a599460,vale,0.0025114028281157438
3,2ba620c8e1c2,pidiendo,0.0025114028281157438
3,459d7e890352,pidiendo,0.007534208484347231
3,0bd6a1517cd4,permanencia,0.0023452342862916916
3,21996eb7014b,permanencia,0.0023452342862916916
3,2483f48531ff,permanencia,0.0023452342862916916
3,5b84761ac5e2,permanencia,0.0023452342862916916
3,5c9ef20917c1,permanencia,0.0023452342862916916
3,67383a06b253,permanencia,0.0023452342862916916
3,73b8bad21088,permanencia,0.0023452342862916916
3,b6447f6aca25,permanencia,0.0023452342862916916
3,ec6510d8b6f2,permanencia,0.0023452342862916916
3,1120ff7989f4,temporal,0.0023452342862916916
3,309d5f4bdad6,temporal,0.0023452342862916916
3,930b60a9ec31,temporal,0.0023452342862916916
3,d69c12fc58e3,temporal,0.0023452342862916916
3,e9007fba3801,temporal,0.0023452342862916916
3,f17def181492,temporal,0.004690468572583383
3,f4686af3b986,temporal,0.004690468572583383
3,2bcfaa3df52b,paso,0.002128639625207136
3,40cbebbd504b,paso,0.002128639625207136
3,cf572fa998a1,paso,0.002128639625207136
3,ebf63a1e9924,paso,0.002128639625207136
3,38ca49bafc59,solicitud,0.004169305397851896
3,702f81b87973,solicitud,0.002084652698925948
3,bf11ef5edebb,solicitud,0.002084652698925948
3,c87ec7e92f39,solicitud,0.002084652698925948
3,cf8a9ac2cbfb,solicitud,0.002084652698925948
3,d58fd4a48a69,solicitud,0.002084652698925948
3,d9a9782ccb46,solicitud,0.002084652698925948
3,04561f6119e9,cédula,0.0019352375742684432
3,0c2e8dcba2eb,cédula,0.0019352375742684432
3,258089dc336d,cédula,0.0019352375742684432
3,33ccadbfd77c,cédula,0.0019352375742684432
3,38ca49bafc59,cédula,0.0019352375742684432
3,40cbebbd504b,cédula,0.0038704751485368863
3,5f11954d95d6,cédula,0.0019352375742684432
3,9c9245ec7777,cédula,0.0019352375742684432
3,c5dfb4aa881b,cédula,0.0019352375742684432
3,cc1f59f41f51,cédula,0.00580571272280533
3,d345c9071887,cédula,0.0019352375742684432
3,e9007fba3801,cédula,0.0019352375742684432
3,e9900c755cc8,cédula,0.0019352375742684432
4,0d4c00f44bf5,años,0.006755743384386242
4,1195052a2705,años,0.006755743384386242
4,1209a0c44415,años,0.006755743384386242
4,23ef4981c127,años,0.006755743384386242
4,2577c2e4cf9f,años,0.006755743384386242
4,2b53dd383709,años,0.006755743384386242
4,3599f0b9b4e9,años,0.006755743384386242
4,38b67f491e68,años,0.006755743384386242
4,4aeebdaf4511,años,0.006755743384386242
4,552aa120255f,años,0.006755743384386242
4,5616952a922d,años,0.006755743384386242
4,600c9c7af56c,años,0.006755743384386242
4,7e62b0c9182e,años,0.006755743384386242
4,88bf03d80863,años,0.006755743384386242
4,92b37813436b,años,0.006755743384386242
4,9a9909a709cd,años,0.006755743384386242
4,cf7ef4f07578,años,0.006755743384386242
4,db7bf73021d3,años,0.006755743384386242
4,e3ae191d4fd0,años,0.013511486768772485
4,e4bb3d69fa67,años,0.006755743384386242
4,eba15300ac71,años,0.013511486768772485
4,f9e1e99d614e,años,0.006755743384386242
4,38b67f491e68,biometría,0.006718008582272097
4,413219f6b2f5,biometría,0.026872034329088388
4,cdf6830413ff,biometría,0.013436017164544194
4,006dab9688be,trámite,0.011037267222991835
4,5268b84a6948,trámite,0.0055186336114959175
4,5af71ce15ba4,trámite,0.0055186336114959175
4,7a6ddaad47bb,trámite,0.0055186336114959175
4,aa4c1039726b,trámite,0.0055186336114959175
4,ccc810f98941,trámite,0.0055186336114959175
4,cdf6830413ff,trámite,0.0055186336114959175
4,db7bf73021d3,trámite,0.011037267222991835
4,df79cf3d1d84,trámite,0.0055186336114959175
4,e25d61d034aa,trámite,0.0055186336114959175
4,e981043c5f84,trámite,0.011037267222991835
4,eba15300ac71,trámite,0.0055186336114959175
4,2b262344b693,duplicado,0.005425809632563172
4,5a525086d92f,duplicado,0.005425809632563172
4,6779fc6ca75c,duplicado,0.005425809632563172
4,fc2b2710562a,duplicado,0.005425809632563172
4,285ad64669e0,rumv,0.010117494954409181
4,72fd8e1853ee,rumv,0.005058747477204591
4,7d42365ec542,rumv,0.010117494954409181
4,87592a2a6465,rumv,0.005058747477204591
4,a02ba6b93372,rumv,0.010117494954409181
4,cf7ef4f07578,rumv,0.005058747477204591
4,c9fd45da3964,traslado,0.004798577558765784
4,e25d61d034aa,traslado,0.014395732676297351
4,f3266bd148e4,traslado,0.004798577558765784
4,507f2bfaddcc,biométrico,0.004798577558765784
4,5a7498cf5cbc,biométrico,0.004798577558765784
4,72fd8e1853ee,biométrico,0.004798577558765784
4,cf7ef4f07578,biométrico,0.004798577558765784
4,2b262344b693,dice,0.004798577558765784
4,33d15dadcc97,dice,0.004798577558765784
4,76c65e1b6c3a,dice,0.004798577558765784
4,78f475e11377,dice,0.004798577558765784
4,97727500e60a,dice,0.009597155117531567
4,1fa40aefa1ca,tutor,0.004785318230606922
4,3599f0b9b4e9,tutor,0.004785318230606922
4,5af71ce15ba4,tutor,0.004785318230606922
4,5bfad0d03abe,tutor,0.004785318230606922
4,69021f582f06,tutor,0.004785318230606922
4,7d42365ec542,tutor,0.004785318230606922
4,8fba22e0d099,tutor,0.004785318230606922
4,9b0075cc6b91,tutor,0.004785318230606922
4,9e9bfc052bc8,tutor,0.004785318230606922
4,b3c0e6b6e9a1,tutor,0.004785318230606922
4,d70599256661,tutor,0.009570636461213844
4,dca09edeb442,tutor,0.004785318230606922
4,e5cd8f93170c,tutor,0.004785318230606922
4,e981043c5f84,tutor,0.004785318230606922
4,ef9f4e4bdb30,tutor,0.004785318230606922
4,039db1e8437e,perdió,0.004747583428492776
4,285ad64669e0,perdió,0.004747583428492776
4,72fd8e1853ee,perdió,0.004747583428492776
4,a4fc719bf1be,perdió,0.004747583428492776
4,f3266bd148e4,perdió,0.004747583428492776
4,0d4c00f44bf5,estudiando,0.004747583428492776
4,5268b84a6948,estudiando,0.004747583428492776
4,5a7498cf5cbc,estudiando,0.004747583428492776
4,5af71ce15ba4,estudiando,0.004747583428492776
4,ccc810f98941,estudiando,0.004747583428492776
4,db2f6c12f2ac,estudiando,0.004747583428492776
4,ef9f4e4bdb30,estudiando,0.004747583428492776
4,025cac964aaa,proceso,0.004503828922924162
4,2577c2e4cf9f,proceso,0.004503828922924162
4,285ad64669e0,proceso,0.004503828922924162
4,4d9fdd15a627,proceso,0.004503828922924162
4,507f2bfaddcc,proceso,0.009007657845848324
4,5a7498cf5cbc,proceso,0.004503828922924162
4,7a6ddaad47bb,proceso,0.004503828922924162
4,92b37813436b,proceso,0.004503828922924162
4,97727500e60a,proceso,0.004503828922924162
4,9a9909a709cd,proceso,0.004503828922924162
4,cf7ef4f07578,proceso,0.004503828922924162
4,db7bf73021d3,proceso,0.009007657845848324
4,e321fc2db3fa,proceso,0.004503828922924162
4,eaf2c60a5a84,proceso,0.004503828922924162
4,1869a21f0508,mayor,0.004138975208621938
4,23ef4981c127,mayor,0.004138975208621938
4,2577c2e4cf9f,mayor,0.004138975208621938
4,456aa48c624b,mayor,0.004138975208621938
4,4aeebdaf4511,mayor,0.004138975208621938
4,4d9fdd15a627,mayor,0.004138975208621938
4,542d5bf23f3e,mayor,0.004138975208621938
4,8fda8f0e5106,mayor,0.004138975208621938
4,9de723d55df3,mayor,0.004138975208621938
4,aee16c067335,mayor,0.004138975208621938
4,b779de6d1c61,mayor,0.004138975208621938
4,c9fd45da3964,mayor,0.004138975208621938
4,d4b0a5904697,mayor,0.004138975208621938
4,e8adce6f57db,mayor,0.004138975208621938
4,0d4c00f44bf5,registro,0.004069357224422379
4,87592a2a6465,registro,0.004069357224422379
4,9de723d55df3,registro,0.004069357224422379
4,ccc810f98941,registro,0.004069357224422379
4,cf7ef4f07578,registro,0.004069357224422379
4,d34943bfdf8b,registro,0.004069357224422379
4,d4b0a5904697,registro,0.004069357224422379
4,e981043c5f84,registro,0.004069357224422379
4,025cac964aaa,hice,0.004069357224422379
4,285ad64669e0,hice,0.004069357224422379
4,38b67f491e68,hice,0.004069357224422379
4,626dfbcaff20,hice,0.004069357224422379
4,92b37813436b,hice,0.004069357224422379
4,f3266bd148e4,hice,0.004069357224422379
4,0bdeeab02ee1,hijo,0.003940850307558642
4,19d8b6f6f965,hijo,0.003940850307558642
4,231d977ef5dd,hijo,0.003940850307558642
4,2737851eca6d,hijo,0.003940850307558642
4,33d15dadcc97,hijo,0.003940850307558642
4,3599f0b9b4e9,hijo,0.003940850307558642
4,413219f6b2f5,hijo,0.003940850307558642
4,456aa48c624b,hijo,0.003940850307558642
4,5268b84a6948,hijo,0.003940850307558642
4,5a7498cf5cbc,hijo,0.003940850307558642
4,69021f582f06,hijo,0.003940850307558642
4,7a5f44d8d69d,hijo,0.003940850307558642
4,7cd7675ea731,hijo,0.003940850307558642
4,a2dc998af660,hijo,0.003940850307558642
4,aa3ef1ca5118,hijo,0.003940850307558642
4,ccc810f98941,hijo,0.003940850307558642
4,db7bf73021d3,hijo,0.003940850307558642
4,e0938d4ee792,hijo,0.003940850307558642
4,e3ae191d4fd0,hijo,0.003940850307558642
4,e5cd8f93170c,hijo,0.003940850307558642
4,e8adce6f57db,hijo,0.007881700615117284
4,e981043c5f84,hijo,0.003940850307558642
4,ea19a9b97add,hijo,0.003940850307558642
4,285ad64669e0,salido,0.0038388620470126266
4,7a5f44d8d69d,salido,0.0038388620470126266
4,a5b8a3cf6303,salido,0.0038388620470126266
4,aa3ef1ca5118,salido,0.0038388620470126266
4,285ad64669e0,teléfono,0.0038388620470126266
4,5268b84a6948,teléfono,0.0038388620470126266
4,d70599256661,teléfono,0.0038388620470126266
4,4d9fdd15a627,pasaporte,0.0036790890743306115
4,7d04167f1e95,pasaporte,0.0036790890743306115
4,91f1d0aea4de,pasaporte,0.007358178148661223
4,c157e0120f71,pasaporte,0.011037267222991835
4,e4bb3d69fa67,pasaporte,0.0036790890743306115
4,4aeebdaf4511,mayores,0.0033911310203519826
4,9de723d55df3,mayores,0.0033911310203519826
4,c9fd45da3964,mayores,0.0033911310203519826
4,d4b0a5904697,mayores,0.0033911310203519826
4,e8adce6f57db,mayores,0.0033911310203519826
4,413219f6b2f5,cita,0.006755743384386242
4,542d5bf23f3e,cita,0.006755743384386242
4,5a525086d92f,cita,0.003377871692193121
4,626dfbcaff20,cita,0.010133615076579363
4,7d42365ec542,cita,0.003377871692193121
4,a44cd0fb62fb,cita,0.003377871692193121
4,aee16c067335,cita,0.006755743384386242
4,b05d491de4b3,cita,0.003377871692193121
4,cdf6830413ff,cita,0.003377871692193121
4,cf7ef4f07578,cita,0.003377871692193121
4,e321fc2db3fa,cita,0.003377871692193121
4,e4bb3d69fa67,cita,0.003377871692193121
4,0d4c00f44bf5,hija,0.006192764769020722
4,1fa40aefa1ca,hija,0.003096382384510361
4,41447e385370,hija,0.003096382384510361
4,97727500e60a,hija,0.009289147153531083
4,b5eb6b5a548a,hija,0.003096382384510361
4,eba15300ac71,hija,0.003096382384510361
4,ef9f4e4bdb30,hija,0.003096382384510361
4,f9e1e99d614e,hija,0.003096382384510361
4,0c3fc97bd83c,migración,0.003096382384510361
4,20338a2364a6,migración,0.003096382384510361
4,33d15dadcc97,migración,0.003096382384510361
4,507f2bfaddcc,migración,0.003096382384510361
4,598560d91722,migración,0.003096382384510361
4,5a525086d92f,migración,0.003096382384510361
4,7d04167f1e95,migración,0.003096382384510361
4,b05d491de4b3,migración,0.003096382384510361
4,cf7ef4f07578,migración,0.003096382384510361
4,e25d61d034aa,migración,0.003096382384510361
4,f3266bd148e4,migración,0.003096382384510361
4,0d3864ce7985,aria,0.00287914653525947
4,0d4c00f44bf5,aria,0.00287914653525947
4,598560d91722,aria,0.00287914653525947
4,5af71ce15ba4,aria,0.00287914653525947
4,b411ca13f4a1,aria,0.00287914653525947
4,b779de6d1c61,aria,0.00287914653525947
4,507f2bfaddcc,tendría,0.00287914653525947
4,e981043c5f84,tendría,0.00287914653525947
4,ef9f4e4bdb30,tendría,0.00287914653525947
4,72fd8e1853ee,saqué,0.00287914653525947
4,e321fc2db3fa,saqué,0.00287914653525947
4,f3266bd148e4,saqué,0.00287914653525947
4,24210d0ef3a3,salvoconducto,0.002814893076827601
4,822956e2ebde,salvoconducto,0.005629786153655202
4,877f45c963ca,salvoconducto,0.002814893076827601
4,8fda8f0e5106,salvoconducto,0.005629786153655202
4,aa3ef1ca5118,salvoconducto,0.002814893076827601
4,d4b0a5904697,salvoconducto,0.002814893076827601
4,dfb6813d4952,salvoconducto,0.002814893076827601
4,f8568f28e13d,salvoconducto,0.002814893076827601
4,0bdeeab02ee1,hijos,0.002814893076827601
4,33d15dadcc97,hijos,0.002814893076827601
4,3599f0b9b4e9,hijos,0.002814893076827601
4,413219f6b2f5,hijos,0.002814893076827601
4,5268b84a6948,hijos,0.002814893076827601
4,7a5f44d8d69d,hijos,0.002814893076827601
4,7cd7675ea731,hijos,0.002814893076827601
4,aa3ef1ca5118,hijos,0.002814893076827601
4,e3ae191d4fd0,hijos,0.002814893076827601
4,e8adce6f57db,hijos,0.002814893076827601
4,1869a21f0508,documentos,0.002814893076827601
4,41447e385370,documentos,0.002814893076827601
4,5f86a3974516,documentos,0.002814893076827601
4,88bf03d80863,documentos,0.002814893076827601
4,ccc810f98941,documentos,0.002814893076827601
4,db7bf73021d3,documentos,0.008444679230482803
4,eba15300ac71,documentos,0.002814893076827601
4,fd6dddfbb46f,documentos,0.002814893076827601
4,0bdeeab02ee1,niño,0.0027593168057479587
4,17db1913fc63,niño,0.0027593168057479587
4,5af71ce15ba4,niño,0.0027593168057479587
4,7952b8c1a3a5,niño,0.0027593168057479587
4,7cd7675ea731,niño,0.0027593168057479587
4,b05d491de4b3,niño,0.0027593168057479587
4,db2f6c12f2ac,niño,0.0027593168057479587
4,e3ae191d4fd0,niño,0.0027593168057479587
4,e8adce6f57db,niño,0.0027593168057479587
4,eba15300ac71,niño,0.008277950417243876
4,f3a1ba2f693b,niño,0.0027593168057479587
4,1869a21f0508,salvo,0.0027593168057479587
4,24210d0ef3a3,salvo,0.0027593168057479587
4,38d97281c545,salvo,0.0027593168057479587
4,542d5bf23f3e,salvo,0.0027593168057479587
4,598560d91722,salvo,0.0027593168057479587
4,822956e2ebde,salvo,0.0055186336114959175
4,877f45c963ca,salvo,0.0027593168057479587
4,8fda8f0e5106,salvo,0.0055186336114959175
4,9a9909a709cd,salvo,0.0027593168057479587
4,a99da951150b,salvo,0.0027593168057479587
4,aa3ef1ca5118,salvo,0.0027593168057479587
4,d4b0a5904697,salvo,0.0027593168057479587
4,dfb6813d4952,salvo,0.0027593168057479587
4,f8568f28e13d,salvo,0.0027593168057479587
4,0d4c00f44bf5,error,0.002712904816281586
4,b5eb6b5a548a,error,0.002712904816281586
4,19d8b6f6f965,sacarle,0.002712904816281586
4,2737851eca6d,sacarle,0.002712904816281586
4,41447e385370,sacarle,0.002712904816281586
4,db2f6c12f2ac,sacarle,0.002712904816281586
4,1fa40aefa1ca,número,0.005066807538289682
4,285ad64669e0,número,0.005066807538289682
4,33d15dadcc97,número,0.002533403769144841
4,5268b84a6948,número,0.002533403769144841
4,d34943bfdf8b,número,0.002533403769144841
4,f3266bd148e4,número,0.005066807538289682
4,6eedeba579e8,tramitar,0.002299430671456632
4,9c79fc78d797,tramitar,0.002299430671456632
4,b5eb6b5a548a,tramitar,0.002299430671456632
4,dfb6813d4952,tramitar,0.002299430671456632
4,eba15300ac71,tramitar,0.002299430671456632
4,1869a21f0508,conducto,0.002299430671456632
4,24210d0ef3a3,conducto,0.002299430671456632
4,542d5bf23f3e,conducto,0.002299430671456632
4,598560d91722,conducto,0.002299430671456632
4,822956e2ebde,conducto,0.004598861342913264
4,877f45c963ca,conducto,0.002299430671456632
4,8fda8f0e5106,conducto,0.004598861342913264
4,9a9909a709cd,conducto,0.002299430671456632
4,a99da951150b,conducto,0.002299430671456632
4,aa3ef1ca5118,conducto,0.002299430671456632
4,d4b0a5904697,conducto,0.002299430671456632
4,dfb6813d4952,conducto,0.002299430671456632
4,f8568f28e13d,conducto,0.002299430671456632
4,0c3fc97bd83c,nuevo,0.002299430671456632
4,7d04167f1e95,nuevo,0.002299430671456632
4,a02ba6b93372,nuevo,0.002299430671456632
4,aa3ef1ca5118,nuevo,0.002299430671456632
4,e4bb3d69fa67,nuevo,0.002299430671456632
4,0d4c00f44bf5,intégrate,0.002299430671456632
4,d70599256661,intégrate,0.004598861342913264
4,db7bf73021d3,intégrate,0.002299430671456632
4,e981043c5f84,intégrate,0.002299430671456632
4,0d3864ce7985,perdí,0.0020346786122111896
4,cdf6830413ff,perdí,0.0020346786122111896
4,cf7ef4f07578,perdí,0.0020346786122111896
4,453801c9089a,tampoco,0.0020346786122111896
4,5a7498cf5cbc,tampoco,0.0020346786122111896
4,c9fd45da3964,tampoco,0.0020346786122111896
5,01f1990699e4,colombiana,0.01772005974679388
5,025f8fa9b2ff,colombiana,0.01772005974679388
5,181cd15e7fad,colombiana,0.01772005974679388
5,1a9cb8c4c8d7,colombiana,0.01772005974679388
5,1c5abb23d689,colombiana,0.01772005974679388
5,1c6098ca81dd,colombiana,0.07088023898717552
5,243830d0b711,colombiana,0.01772005974679388
5,25b81d68f2ad,colombiana,0.01772005974679388
5,281d2a2606cb,colombiana,0.01772005974679388
5,2f1d63920637,colombiana,0.01772005974679388
5,315b46fd8fac,colombiana,0.01772005974679388
5,355e39b91f6d,colombiana,0.01772005974679388
5,46f5acd38250,colombiana,0.01772005974679388
5,5f00e43eff17,colombiana,0.01772005974679388
5,6c9cb7899305,colombiana,0.01772005974679388
5,7d9e9ebb75e8,colombiana,0.01772005974679388
5,80c8c630d305,colombiana,0.01772005974679388
5,8298f5a136dd,colombiana,0.01772005974679388
5,8d99fc65f5d8,colombiana,0.01772005974679388
5,996db8423a02,colombiana,0.03544011949358776
5,a21a9f65fe4f,colombiana,0.01772005974679388
5,a88b0cc13301,colombiana,0.01772005974679388
5,aecb2e9b7409,colombiana,0.01772005974679388
5,d751422bce52,colombiana,0.01772005974679388
5,e5edc9cb3a93,colombiana,0.01772005974679388
5,efbbf80fd44b,colombiana,0.01772005974679388
5,f2d9fb7d4b26,colombiana,0.01772005974679388
5,f368e7755fa9,colombiana,0.01772005974679388
5,01ef5a3bd732,colombiano,0.010153523152733573
5,025f8fa9b2ff,colombiano,0.010153523152733573
5,181cd15e7fad,colombiano,0.010153523152733573
5,25b81d68f2ad,colombiano,0.010153523152733573
5,2bb214172488,colombiano,0.010153523152733573
5,2f1d63920637,colombiano,0.010153523152733573
5,342ad1d06b28,colombiano,0.010153523152733573
5,342f5cb9f227,colombiano,0.010153523152733573
5,36574b853fbc,colombiano,0.010153523152733573
5,4c27be02ace9,colombiano,0.020307046305467147
5,4dc5923f9d21,colombiano,0.010153523152733573
5,5d9998ca383d,colombiano,0.010153523152733573
5,5f00e43eff17,colombiano,0.010153523152733573
5,6091610a4330,colombiano,0.010153523152733573
5,63b482be7696,colombiano,0.010153523152733573
5,6921ec0847ed,colombiano,0.010153523152733573
5,6935b7fc6aef,colombiano,0.010153523152733573
5,8b1e864a8753,colombiano,0.010153523152733573
5,8defdff024fe,colombiano,0.010153523152733573
5,9d7b24a63bc5,colombiano,0.010153523152733573
5,a37a284274ee,colombiano,0.010153523152733573
5,a88b0cc13301,colombiano,0.010153523152733573
5,abfde777018e,colombiano,0.020307046305467147
5,aecb2e9b7409,colombiano,0.010153523152733573
5,bd72935f5518,colombiano,0.010153523152733573
5,c6eedaa8be95,colombiano,0.010153523152733573
5,d751422bce52,colombiano,0.020307046305467147
5,e253e90e463e,colombiano,0.010153523152733573
5,e26ac75b73cf,colombiano,0.010153523152733573
5,efbbf80fd44b,colombiano,0.010153523152733573
5,f088ab89ff01,colombiano,0.020307046305467147
5,f2d9fb7d4b26,colombiano,0.010153523152733573
5,f368e7755fa9,colombiano,0.010153523152733573
5,f696796581e3,colombiano,0.010153523152733573
5,01ef5a3bd732,pasaporte,0.018359516767411547
5,025f8fa9b2ff,pasaporte,0.009179758383705773
5,0f074ab46d1e,pasaporte,0.009179758383705773
5,32be206e53e4,pasaporte,0.009179758383705773
5,40d6861d8bae,pasaporte,0.009179758383705773
5,4dc5923f9d21,pasaporte,0.009179758383705773
5,535a43ed5f6c,pasaporte,0.009179758383705773
5,565848d424b6,pasaporte,0.018359516767411547
5,5d9998ca383d,pasaporte,0.009179758383705773
5,63ba58c33223,pasaporte,0.009179758383705773
5,77915eb2aee4,pasaporte,0.009179758383705773
5,7d9e9ebb75e8,pasaporte,0.009179758383705773
5,7f5a40c9c463,pasaporte,0.009179758383705773
5,8298f5a136dd,pasaporte,0.009179758383705773
5,9495fff13123,pasaporte,0.009179758383705773
5,9bb0bde5b746,pasaporte,0.009179758383705773
5,9f690905e4e2,pasaporte,0.009179758383705773
5,9fcefbf202de,pasaporte,0.018359516767411547
5,abfde777018e,pasaporte,0.018359516767411547
5,b424878ca440,pasaporte,0.009179758383705773
5,b810be78aa76,pasaporte,0.009179758383705773
5,c4008a395ed9,pasaporte,0.009179758383705773
5,c6eedaa8be95,pasaporte,0.009179758383705773
5,ca80d27637a1,pasaporte,0.009179758383705773
5,cc831ab48d9d,pasaporte,0.018359516767411547
5,cfe952f9994f,pasaporte,0.009179758383705773
5,def53b6a796b,pasaporte,0.009179758383705773
5,e07197abcf03,pasaporte,0.018359516767411547
5,ea6ec746a9f3,pasaporte,0.009179758383705773
5,f8915ce811fa,pasaporte,0.009179758383705773
5,fd66527a6032,pasaporte,0.009179758383705773
5,2f1d63920637,colombianos,0.006092113891640144
5,342f5cb9f227,colombianos,0.006092113891640144
5,36574b853fbc,colombianos,0.006092113891640144
5,5d9998ca383d,colombianos,0.006092113891640144
5,8defdff024fe,colombianos,0.006092113891640144
5,a88b0cc13301,colombianos,0.006092113891640144
5,c6eedaa8be95,colombianos,0.006092113891640144
5,f2d9fb7d4b26,colombianos,0.006092113891640144
5,057777824af7,venezuela,0.005899730001452537
5,0b00b8d61113,venezuela,0.005899730001452537
5,0f4d0aadbeb7,venezuela,0.005899730001452537
5,1c5abb23d689,venezuela,0.005899730001452537
5,1c6098ca81dd,venezuela,0.005899730001452537
5,2f1d63920637,venezuela,0.005899730001452537
5,315b46fd8fac,venezuela,0.005899730001452537
5,4c27be02ace9,venezuela,0.005899730001452537
5,4dc5923f9d21,venezuela,0.005899730001452537
5,535a43ed5f6c,venezuela,0.005899730001452537
5,565848d424b6,venezuela,0.005899730001452537
5,6716d6bbff62,venezuela,0.005899730001452537
5,6c9cb7899305,venezuela,0.005899730001452537
5,77dfea4b3ab8,venezuela,0.005899730001452537
5,7d88570c0518,venezuela,0.005899730001452537
5,8defdff024fe,venezuela,0.017699190004357608
5,9a84005c901c,venezuela,0.005899730001452537
5,9b97805bcedb,venezuela,0.005899730001452537
5,a88b0cc13301,venezuela,0.005899730001452537
5,b810be78aa76,venezuela,0.005899730001452537
5,b94a953eb128,venezuela,0.011799460002905073
5,c4b3d829b70c,venezuela,0.011799460002905073
5,c6eedaa8be95,venezuela,0.005899730001452537
5,c96c06858c0e,venezuela,0.011799460002905073
5,da142d4a5117,venezuela,0.005899730001452537
5,eb396272d9a4,venezuela,0.005899730001452537
5,f088ab89ff01,venezuela,0.017699190004357608
5,f368e7755fa9,venezuela,0.005899730001452537
5,ff9e11e9bb69,venezuela,0.005899730001452537
5,01ef5a3bd732,años,0.004916441667877114
5,025f8fa9b2ff,años,0.004916441667877114
5,0367a28c51cd,años,0.004916441667877114
5,181cd15e7fad,años,0.004916441667877114
5,1c6098ca81dd,años,0.004916441667877114
5,1e773803af74,años,0.004916441667877114
5,281d2a2606cb,años,0.004916441667877114
5,40d6861d8bae,años,0.004916441667877114
5,5f00e43eff17,años,0.014749325003631342
5,611baf67346f,años,0.004916441667877114
5,6cf9e8114e66,años,0.004916441667877114
5,7561a5acc372,años,0.004916441667877114
5,76087f2004aa,años,0.004916441667877114
5,77dfea4b3ab8,años,0.004916441667877114
5,8defdff024fe,años,0.009832883335754229
5,996db8423a02,años,0.004916441667877114
5,a21a9f65fe4f,años,0.004916441667877114
5,a88b0cc13301,años,0.004916441667877114
5,a9cd5c5c51c2,años,0.004916441667877114
5,aecb2e9b7409,años,0.004916441667877114
5,b2022f4b0cd7,años,0.004916441667877114
5,b424878ca440,años,0.004916441667877114
5,cc831ab48d9d,años,0.009832883335754229
5,def53b6a796b,años,0.004916441667877114
5,df9baf4ae9b4,años,0.004916441667877114
5,eb396272d9a4,años,0.004916441667877114
5,ebd77a80a358,años,0.004916441667877114
5,efbbf80fd44b,años,0.004916441667877114
5,f548a8c08e2b,años,0.004916441667877114
5,1c5abb23d689,registro,0.004399860032851215
5,1e01c7d59f5c,registro,0.004399860032851215
5,342f5cb9f227,registro,0.004399860032851215
5,8defdff024fe,registro,0.004399860032851215
5,996db8423a02,registro,0.004399860032851215
5,abfde777018e,registro,0.00879972006570243
5,c6eedaa8be95,registro,0.00879972006570243
5,cb52036d2ba0,registro,0.004399860032851215
5,e5edc9cb3a93,registro,0.004399860032851215
5,f088ab89ff01,registro,0.004399860032851215
5,f368e7755fa9,registro,0.004399860032851215
5,1c6098ca81dd,trámite,0.004360385232260243
5,281d2a2606cb,trámite,0.004360385232260243
5,36574b853fbc,trámite,0.004360385232260243
5,3b7c53152a59,trámite,0.004360385232260243
5,40d6861d8bae,trámite,0.004360385232260243
5,431801bc2248,trámite,0.004360385232260243
5,46f5acd38250,trámite,0.004360385232260243
5,4dc5923f9d21,trámite,0.008720770464520486
5,611baf67346f,trámite,0.004360385232260243
5,63b482be7696,trámite,0.004360385232260243
5,6716d6bbff62,trámite,0.004360385232260243
5,6921ec0847ed,trámite,0.004360385232260243
5,80099afc12f8,trámite,0.004360385232260243
5,9a84005c901c,trámite,0.008720770464520486
5,a88b0cc13301,trámite,0.004360385232260243
5,abfde777018e,trámite,0.008720770464520486
5,b94a953eb128,trámite,0.004360385232260243
5,c96c06858c0e,trámite,0.004360385232260243
5,e5edc9cb3a93,trámite,0.008720770464520486
5,f088ab89ff01,trámite,0.004360385232260243
5,181cd15e7fad,nacionalidad,0.0042140928581803835
5,1a9cb8c4c8d7,nacionalidad,0.0042140928581803835
5,1c5abb23d689,nacionalidad,0.0042140928581803835
5,1c6098ca81dd,nacionalidad,0.016856371432721534
5,25b81d68f2ad,nacionalidad,0.0042140928581803835
5,281d2a2606cb,nacionalidad,0.0042140928581803835
5,2d411cc2c22a,nacionalidad,0.0042140928581803835
5,342f5cb9f227,nacionalidad,0.0042140928581803835
5,7cbabccbbd74,nacionalidad,0.0042140928581803835
5,7d9e9ebb75e8,nacionalidad,0.0042140928581803835
5,80c8c630d305,nacionalidad,0.008428185716360767
5,8b1e864a8753,nacionalidad,0.0042140928581803835
5,8d99fc65f5d8,nacionalidad,0.0042140928581803835
5,8defdff024fe,nacionalidad,0.0042140928581803835
5,996db8423a02,nacionalidad,0.01264227857454115
5,a88b0cc13301,nacionalidad,0.0042140928581803835
5,e5edc9cb3a93,nacionalidad,0.0042140928581803835
5,eb396272d9a4,nacionalidad,0.0042140928581803835
5,efbbf80fd44b,nacionalidad,0.0042140928581803835
5,f2d9fb7d4b26,nacionalidad,0.0042140928581803835
5,f368e7755fa9,nacionalidad,0.0042140928581803835
5,f612c9db65bf,nacionalidad,0.0042140928581803835
5,281d2a2606cb,ella,0.004061409261093429
5,32be206e53e4,ella,0.008122818522186858
5,4dc5923f9d21,ella,0.008122818522186858
5,77915eb2aee4,ella,0.004061409261093429
5,7d9e9ebb75e8,ella,0.004061409261093429
5,8298f5a136dd,ella,0.004061409261093429
5,8defdff024fe,ella,0.008122818522186858
5,996db8423a02,ella,0.004061409261093429
5,a21a9f65fe4f,ella,0.004061409261093429
5,a88b0cc13301,ella,0.004061409261093429
5,b810be78aa76,ella,0.004061409261093429
5,c4008a395ed9,ella,0.004061409261093429
5,f088ab89ff01,ella,0.004061409261093429
5,07328a0c07a6,legalizar,0.004061409261093429
5,0c9a19b4e12e,legalizar,0.004061409261093429
5,1c6098ca81dd,legalizar,0.004061409261093429
5,25b81d68f2ad,legalizar,0.004061409261093429
5,31fa3027303a,legalizar,0.004061409261093429
5,7561a5acc372,legalizar,0.004061409261093429
5,8298f5a136dd,legalizar,0.004061409261093429
5,9d7b24a63bc5,legalizar,0.004061409261093429
5,a2c0b868550c,legalizar,0.008122818522186858
5,c5a3d211e7ae,legalizar,0.004061409261093429
5,e253e90e463e,legalizar,0.004061409261093429
5,e5edc9cb3a93,legalizar,0.008122818522186858
5,f5a245a65843,legalizar,0.004061409261093429
5,ffad7d7874ca,legalizar,0.004061409261093429
5,1c5abb23d689,nació,0.0038313642695770554
5,32be206e53e4,nació,0.007662728539154111
5,4a9224ec0d8e,nació,0.0038313642695770554
5,8defdff024fe,nació,0.0038313642695770554
5,a88b0cc13301,nació,0.0038313642695770554
5,f088ab89ff01,nació,0.007662728539154111
5,2ef4b05fa3e4,apostillar,0.0038313642695770554
5,31fa3027303a,apostillar,0.0038313642695770554
5,342f5cb9f227,apostillar,0.007662728539154111
5,36574b853fbc,apostillar,0.0038313642695770554
5,b424878ca440,apostillar,0.0038313642695770554
5,e5edc9cb3a93,apostillar,0.0038313642695770554
5,f09b02668c99,apostillar,0.0038313642695770554
5,f846ecc165f0,apostillar,0.0038313642695770554
5,1c5abb23d689,hijo,0.0037926835723623453
5,2bb214172488,hijo,0.0037926835723623453
5,2ef4b05fa3e4,hijo,0.0037926835723623453
5,31fa3027303a,hijo,0.0037926835723623453
5,342ad1d06b28,hijo,0.0037926835723623453
5,36574b853fbc,hijo,0.0037926835723623453
5,4a9224ec0d8e,hijo,0.015170734289449381
5,4e1805f69c2f,hijo,0.0037926835723623453
5,6935b7fc6aef,hijo,0.0037926835723623453
5,7cbabccbbd74,hijo,0.0037926835723623453
5,8b1e864a8753,hijo,0.0037926835723623453
5,9a84005c901c,hijo,0.0037926835723623453
5,9b97805bcedb,hijo,0.0037926835723623453
5,9d7b24a63bc5,hijo,0.0075853671447246905
5,a2c0b868550c,hijo,0.0037926835723623453
5,abfde777018e,hijo,0.0075853671447246905
5,b94a953eb128,hijo,0.0037926835723623453
5,c4aec67a23b2,hijo,0.0037926835723623453
5,d751422bce52,hijo,0.0075853671447246905
5,df97388b8b59,hijo,0.0037926835723623453
5,df9baf4ae9b4,hijo,0.0037926835723623453
5,e26ac75b73cf,hijo,0.0037926835723623453
5,eb4807a8774d,hijo,0.0037926835723623453
5,fcf527dbf6de,hijo,0.0037926835723623453
5,181cd15e7fad,documentos,0.003511744048483653
5,1c6098ca81dd,documentos,0.003511744048483653
5,2f1d63920637,documentos,0.003511744048483653
5,315b46fd8fac,documentos,0.003511744048483653
5,342f5cb9f227,documentos,0.007023488096967306
5,36574b853fbc,documentos,0.003511744048483653
5,46da40226356,documentos,0.003511744048483653
5,4c27be02ace9,documentos,0.003511744048483653
5,4e1805f69c2f,documentos,0.003511744048483653
5,6716d6bbff62,documentos,0.003511744048483653
5,6921ec0847ed,documentos,0.003511744048483653
5,6935b7fc6aef,documentos,0.003511744048483653
5,6cbe5937faf9,documentos,0.007023488096967306
5,7d9e9ebb75e8,documentos,0.003511744048483653
5,8defdff024fe,documentos,0.003511744048483653
5,8f94e95702e9,documentos,0.003511744048483653
5,a88b0cc13301,documentos,0.003511744048483653
5,b31b4c04a6a6,documentos,0.003511744048483653
5,b810be78aa76,documentos,0.003511744048483653
5,de1a989d6968,documentos,0.003511744048483653
5,df97388b8b59,documentos,0.003511744048483653
5,9fcefbf202de,saime,0.006769015435155716
5,c6eedaa8be95,saime,0.006769015435155716
5,cc831ab48d9d,saime,0.003384507717577858
5,1c5abb23d689,mamá,0.003212915434297021
5,1c6098ca81dd,mamá,0.009638746302891063
5,315b46fd8fac,mamá,0.003212915434297021
5,77dfea4b3ab8,mamá,0.003212915434297021
5,8defdff024fe,mamá,0.006425830868594042
5,9d7b24a63bc5,mamá,0.003212915434297021
5,e5edc9cb3a93,mamá,0.003212915434297021
5,ebd77a80a358,mamá,0.003212915434297021
5,f088ab89ff01,mamá,0.003212915434297021
5,f368e7755fa9,mamá,0.003212915434297021
5,611baf67346f,regularizarme,0.003212915434297021
5,7d274d55a9fc,regularizarme,0.003212915434297021
5,8fd38bd038b5,regularizarme,0.003212915434297021
5,996db8423a02,regularizarme,0.003212915434297021
5,9bb0bde5b746,regularizarme,0.003212915434297021
5,bd72935f5518,regularizarme,0.003212915434297021
5,c4008a395ed9,regularizarme,0.003212915434297021
5,c96c06858c0e,regularizarme,0.003212915434297021
5,c9eb3cfa60f9,regularizarme,0.003212915434297021
5,c9f50d22d8bb,regularizarme,0.003212915434297021
5,df9baf4ae9b4,regularizarme,0.006425830868594042
5,fe3fb489daaa,regularizarme,0.006425830868594042
5,025f8fa9b2ff,permiso,0.0031296420146372478
5,0cd045787ad8,permiso,0.0031296420146372478
5,119bc2224bd9,permiso,0.0031296420146372478
5,133cfb98c56c,permiso,0.0031296420146372478
5,1c5abb23d689,permiso,0.0031296420146372478
5,2245d475c707,permiso,0.0031296420146372478
5,25d1576e420f,permiso,0.0031296420146372478
5,2984a7622736,permiso,0.009388926043911743
5,2bb214172488,permiso,0.0062592840292744955
5,32be206e53e4,permiso,0.0062592840292744955
5,434494785677,permiso,0.0062592840292744955
5,46da40226356,permiso,0.0031296420146372478
5,56ff2ae9af25,permiso,0.0031296420146372478
5,65344d4569b3,permiso,0.0031296420146372478
5,6716d6bbff62,permiso,0.0031296420146372478
5,6729a0cd9307,permiso,0.0031296420146372478
5,720fc1e8e8b0,permiso,0.0031296420146372478
5,80099afc12f8,permiso,0.0031296420146372478
5,9495fff13123,permiso,0.0031296420146372478
5,9a84005c901c,permiso,0.0031296420146372478
5,a37a284274ee,permiso,0.0031296420146372478
5,abfde777018e,permiso,0.0062592840292744955
5,adfaefbb4401,permiso,0.0031296420146372478
5,b742052b3783,permiso,0.0062592840292744955
5,b810be78aa76,permiso,0.009388926043911743
5,b94a953eb128,permiso,0.0031296420146372478
5,c4b3d829b70c,permiso,0.0031296420146372478
5,d4f5ff676133,permiso,0.0031296420146372478
5,d751422bce52,permiso,0.0031296420146372478
5,eb4807a8774d,permiso,0.0031296420146372478
5,f0dbcdf1f67e,permiso,0.0062592840292744955
5,fd66527a6032,permiso,0.0062592840292744955
5,565848d424b6,sello,0.0028735232021827916
5,63b482be7696,sello,0.0028735232021827916
5,abfde777018e,sello,0.005747046404365583
5,ca80d27637a1,sello,0.0028735232021827916
5,0f074ab46d1e,visa,0.005607275276225069
5,19d1bcdf4a39,visa,0.005607275276225069
5,1e01c7d59f5c,visa,0.005607275276225069
5,25d1576e420f,visa,0.0028036376381125345
5,281d2a2606cb,visa,0.008410912914337603
5,32be206e53e4,visa,0.0028036376381125345
5,397a36b4f577,visa,0.005607275276225069
5,40d6861d8bae,visa,0.0028036376381125345
5,5f00e43eff17,visa,0.008410912914337603
5,6716d6bbff62,visa,0.005607275276225069
5,6729a0cd9307,visa,0.0028036376381125345
5,6921ec0847ed,visa,0.005607275276225069
5,6cbe5937faf9,visa,0.005607275276225069
5,7561a5acc372,visa,0.0028036376381125345
5,77915eb2aee4,visa,0.0028036376381125345
5,7d9e9ebb75e8,visa,0.0028036376381125345
5,8f94e95702e9,visa,0.0028036376381125345
5,9495fff13123,visa,0.005607275276225069
5,a3230ca2cb01,visa,0.0028036376381125345
5,a9cd5c5c51c2,visa,0.0028036376381125345
5,abfde777018e,visa,0.005607275276225069
5,b214fc588e5a,visa,0.005607275276225069
5,b424878ca440,visa,0.0028036376381125345
5,c4008a395ed9,visa,0.0028036376381125345
5,cfc17091b6cf,visa,0.005607275276225069
5,cfe952f9994f,visa,0.0028036376381125345
5,d40c929ddf9e,visa,0.008410912914337603
5,def53b6a796b,visa,0.0028036376381125345
5,e26ac75b73cf,visa,0.0028036376381125345
5,025f8fa9b2ff,venezolana,0.005607275276225069
5,02a905d8ae15,venezolana,0.0028036376381125345
5,0f074ab46d1e,venezolana,0.0028036376381125345
5,119bc2224bd9,venezolana,0.0028036376381125345
5,1e773803af74,venezolana,0.0028036376381125345
5,2984a7622736,venezolana,0.0028036376381125345
5,2d2fc4526840,venezolana,0.0028036376381125345
5,397a36b4f577,venezolana,0.0028036376381125345
5,3b7c53152a59,venezolana,0.0028036376381125345
5,46da40226356,venezolana,0.0028036376381125345
5,4973666d1861,venezolana,0.0028036376381125345
5,4c27be02ace9,venezolana,0.0028036376381125345
5,611baf67346f,venezolana,0.0028036376381125345
5,65344d4569b3,venezolana,0.0028036376381125345
5,6cbe5937faf9,venezolana,0.0028036376381125345
5,7d274d55a9fc,venezolana,0.0028036376381125345
5,8b1e864a8753,venezolana,0.005607275276225069
5,8fd38bd038b5,venezolana,0.0028036376381125345
5,996db8423a02,venezolana,0.0028036376381125345
5,9a84005c901c,venezolana,0.0028036376381125345
5,9bb0bde5b746,venezolana,0.0028036376381125345
5,9f690905e4e2,venezolana,0.0028036376381125345
5,a09ce3b9b833,venezolana,0.0028036376381125345
5,abfde777018e,venezolana,0.005607275276225069
5,aecb2e9b7409,venezolana,0.0028036376381125345
5,b27e9e47b8fb,venezolana,0.0028036376381125345
5,c5a3d211e7ae,venezolana,0.0028036376381125345
5,ce61e3561d3b,venezolana,0.0028036376381125345
5,e5edc9cb3a93,venezolana,0.011214550552450138
5,ebd77a80a358,venezolana,0.0028036376381125345
5,f088ab89ff01,venezolana,0.0028036376381125345
5,f2d9fb7d4b26,venezolana,0.0028036376381125345
5,f612c9db65bf,venezolana,0.0028036376381125345
5,f846ecc165f0,venezolana,0.0028036376381125345
5,fcf527dbf6de,venezolana,0.005607275276225069
5,fd66527a6032,venezolana,0.0028036376381125345
5,32be206e53e4,nacida,0.0027076061740622863
5,46f5acd38250,nacida,0.0027076061740622863
5,a88b0cc13301,nacida,0.0027076061740622863
5,b2022f4b0cd7,nacida,0.0027076061740622863
5,0c9a19b4e12e,legalmente,0.0027076061740622863
5,abfde777018e,legalmente,0.0054152123481245725
5,b742052b3783,legalmente,0.0027076061740622863
5,b810be78aa76,legalmente,0.0027076061740622863
5,c55a4293df3e,legalmente,0.0027076061740622863
5,fd66527a6032,legalmente,0.0054152123481245725
5,40d6861d8bae,estadía,0.0023946026684856596
5,63b482be7696,estadía,0.0023946026684856596
5,adfaefbb4401,estadía,0.0023946026684856596
5,b810be78aa76,estadía,0.0023946026684856596
5,ca80d27637a1,estadía,0.0023946026684856596
5,31fa3027303a,regularizar,0.0022949395959264434
5,3fc23677ed59,regularizar,0.0022949395959264434
5,4a9224ec0d8e,regularizar,0.0022949395959264434
5,611baf67346f,regularizar,0.0022949395959264434
5,64ad655a920c,regularizar,0.0022949395959264434
5,7d274d55a9fc,regularizar,0.0022949395959264434
5,82f51280bea1,regularizar,0.0022949395959264434
5,8fd38bd038b5,regularizar,0.0022949395959264434
5,996db8423a02,regularizar,0.0022949395959264434
5,9bb0bde5b746,regularizar,0.0022949395959264434
5,9d7b24a63bc5,regularizar,0.0022949395959264434
5,abfde777018e,regularizar,0.004589879191852887
5,b31b4c04a6a6,regularizar,0.0022949395959264434
5,bd72935f5518,regularizar,0.0022949395959264434
5,c4008a395ed9,regularizar,0.0022949395959264434
5,c96c06858c0e,regularizar,0.0022949395959264434
5,c9eb3cfa60f9,regularizar,0.0022949395959264434
5,c9f50d22d8bb,regularizar,0.0022949395959264434
5,d751422bce52,regularizar,0.0022949395959264434
5,df9baf4ae9b4,regularizar,0.004589879191852887
5,f5a245a65843,regularizar,0.0022949395959264434
5,fe3fb489daaa,regularizar,0.004589879191852887
5,057777824af7,país,0.002247516191029538
5,0c9a19b4e12e,país,0.002247516191029538
5,4dc5923f9d21,país,0.002247516191029538
5,565848d424b6,país,0.002247516191029538
5,65344d4569b3,país,0.002247516191029538
5,6729a0cd9307,país,0.002247516191029538
5,7561a5acc372,país,0.002247516191029538
5,996db8423a02,país,0.004495032382059076
5,b31b4c04a6a6,país,0.002247516191029538
5,b810be78aa76,país,0.002247516191029538
5,c4b3d829b70c,país,0.002247516191029538
5,ca80d27637a1,país,0.002247516191029538
5,da142d4a5117,país,0.002247516191029538
5,def53b6a796b,país,0.002247516191029538
5,02a905d8ae15,cédula,0.002151628885063108
5,0f074ab46d1e,cédula,0.004303257770126216
5,1e773803af74,cédula,0.002151628885063108
5,2245d475c707,cédula,0.002151628885063108
5,2bb214172488,cédula,0.002151628885063108
5,2f1d63920637,cédula,0.002151628885063108
5,6091610a4330,cédula,0.002151628885063108
5,63ba58c33223,cédula,0.002151628885063108
5,76087f2004aa,cédula,0.002151628885063108
5,8defdff024fe,cédula,0.002151628885063108
5,8fd38bd038b5,cédula,0.002151628885063108
5,9a84005c901c,cédula,0.002151628885063108
5,9b97805bcedb,cédula,0.002151628885063108
5,9f690905e4e2,cédula,0.002151628885063108
5,a88b0cc13301,cédula,0.002151628885063108
5,aecb2e9b7409,cédula,0.002151628885063108
5,b742052b3783,cédula,0.002151628885063108
5,b810be78aa76,cédula,0.002151628885063108
5,b9644585b28c,cédula,0.002151628885063108
5,cc831ab48d9d,cédula,0.002151628885063108
5,d78b203a7cef,cédula,0.002151628885063108
5,e5edc9cb3a93,cédula,0.004303257770126216
5,f088ab89ff01,cédula,0.006454886655189324
5,f368e7755fa9,cédula,0.002151628885063108
5,f548a8c08e2b,cédula,0.002151628885063108
5,fcf527dbf6de,cédula,0.002151628885063108
5,fd66527a6032,cédula,0.002151628885063108
5,ff9e11e9bb69,cédula,0.002151628885063108
5,0f4d0aadbeb7,nacimiento,0.0021070464290901918
5,1c5abb23d689,nacimiento,0.0021070464290901918
5,1c6098ca81dd,nacimiento,0.0021070464290901918
5,25b81d68f2ad,nacimiento,0.0021070464290901918
5,2ef4b05fa3e4,nacimiento,0.0021070464290901918
5,996db8423a02,nacimiento,0.0021070464290901918
5,a2c0b868550c,nacimiento,0.0021070464290901918
5,a88b0cc13301,nacimiento,0.0021070464290901918
5,abfde777018e,nacimiento,0.0042140928581803835
5,ce61e3561d3b,nacimiento,0.0021070464290901918
5,e253e90e463e,nacimiento,0.0021070464290901918
5,e5edc9cb3a93,nacimiento,0.0042140928581803835
5,f368e7755fa9,nacimiento,0.0021070464290901918
5,3b7c53152a59,realizar,0.002065445636333799
5,4dc5923f9d21,realizar,0.004130891272667598
5,9a84005c901c,realizar,0.004130891272667598
5,a88b0cc13301,realizar,0.002065445636333799
5,c6eedaa8be95,realizar,0.004130891272667598
5,def53b6a796b,realizar,0.002065445636333799
5,2ef4b05fa3e4,padres,0.0020307046305467146
5,2f1d63920637,padres,0.0020307046305467146
5,8b1e864a8753,padres,0.0020307046305467146
5,8defdff024fe,padres,0.0020307046305467146
5,a88b0cc13301,padres,0.0020307046305467146
5,f2d9fb7d4b26,padres,0.0020307046305467146
5,8defdff024fe,civil,0.0020307046305467146
5,abfde777018e,civil,0.004061409261093429
5,f368e7755fa9,civil,0.0020307046305467146
5,3b7c53152a59,podido,0.0020307046305467146
5,4a9224ec0d8e,podido,0.0020307046305467146
5,883becdeb2ac,podido,0.0020307046305467146
5,996db8423a02,podido,0.0020307046305467146
5,f088ab89ff01,podido,0.004061409261093429
5,565848d424b6,aparece,0.0020307046305467146
5,7f5a40c9c463,aparece,0.0020307046305467146
5,b9644585b28c,aparece,0.0020307046305467146
5,cb52036d2ba0,aparece,0.0020307046305467146
5,565848d424b6,renovar,0.0020307046305467146
5,cc831ab48d9d,renovar,0.004061409261093429
5,ff9e11e9bb69,renovar,0.0020307046305467146
5,63b482be7696,entrada,0.0020307046305467146
5,7d9e9ebb75e8,entrada,0.0020307046305467146
5,abfde777018e,entrada,0.004061409261093429
5,b810be78aa76,entrada,0.0020307046305467146
5,e07197abcf03,entrada,0.0020307046305467146
5,0f074ab46d1e,primero,0.0020307046305467146
5,9d7b24a63bc5,primero,0.0020307046305467146
5,c96c06858c0e,primero,0.0020307046305467146
5,01f1990699e4,cedula,0.0020307046305467146
5,025f8fa9b2ff,cedula,0.004061409261093429
5,f088ab89ff01,cedula,0.006092113891640143
5,01ef5a3bd732,hija,0.0019665766671508457
5,025f8fa9b2ff,hija,0.0019665766671508457
5,0c9a19b4e12e,hija,0.0019665766671508457
5,119bc2224bd9,hija,0.0019665766671508457
5,1e773803af74,hija,0.003933153334301691
5,46f5acd38250,hija,0.0019665766671508457
5,5f00e43eff17,hija,0.0019665766671508457
5,7d9e9ebb75e8,hija,0.0019665766671508457
5,9d7b24a63bc5,hija,0.0019665766671508457
5,a88b0cc13301,hija,0.0019665766671508457
5,b27e9e47b8fb,hija,0.0019665766671508457
5,cfe952f9994f,hija,0.0019665766671508457
5,f8915ce811fa,hija,0.0019665766671508457
5,fcf527dbf6de,hija,0.0019665766671508457
5,3b7c53152a59,registrar,0.0019156821347885277
5,45126221f02e,registrar,0.0038313642695770554
5,6c9cb7899305,registrar,0.0019156821347885277
5,cb52036d2ba0,registrar,0.0019156821347885277
5,f088ab89ff01,registrar,0.007662728539154111
6,0eceb4e2c434,humanitaria,0.018826568423757507
6,17ae63bbba2a,humanitaria,0.018826568423757507
6,1b62f7b2e3ab,humanitaria,0.03765313684751501
6,2ad1d2577df4,humanitaria,0.018826568423757507
6,2b4cbbc49e4e,humanitaria,0.018826568423757507
6,2eebe3247bca,humanitaria,0.018826568423757507
6,3619dce82ba5,humanitaria,0.018826568423757507
6,42070e3f07d1,humanitaria,0.018826568423757507
6,48158d6acbbe,humanitaria,0.018826568423757507
6,4ece7132136c,humanitaria,0.018826568423757507
6,533f8aeb1f13,humanitaria,0.018826568423757507
6,573e6c215f14,humanitaria,0.018826568423757507
6,5f7ccd4c3ba5,humanitaria,0.03765313684751501
6,5fe4874309e2,humanitaria,0.03765313684751501
6,6046a01863f9,humanitaria,0.018826568423757507
6,608f79704cbf,humanitaria,0.03765313684751501
6,67bc1b1311b4,humanitaria,0.018826568423757507
6,6881c4372f8a,humanitaria,0.018826568423757507
6,6d3883ec2cac,humanitaria,0.018826568423757507
6,75c9dbc84410,humanitaria,0.018826568423757507
6,7869e67ffa0e,humanitaria,0.018826568423757507
6,793e692bb495,humanitaria,0.018826568423757507
6,7b41c71f72b3,humanitaria,0.018826568423757507
6,7bd19fcf3cfa,humanitaria,0.07530627369503003
6,7ca5b1d9e37f,humanitaria,0.03765313684751501
6,7ce830d64919,humanitaria,0.018826568423757507
6,7f6183ceb4db,humanitaria,0.018826568423757507
6,924d9c35fc08,humanitaria,0.018826568423757507
6,963a564234a7,humanitaria,0.018826568423757507
6,991321e4e058,humanitaria,0.018826568423757507
6,a290cd939a2a,humanitaria,0.018826568423757507
6,a59fcec78cc4,humanitaria,0.03765313684751501
6,b7d2163f0f3d,humanitaria,0.07530627369503003
6,bef4069fd2da,humanitaria,0.05647970527127252
6,c2f0b78bdd17,humanitaria,0.018826568423757507
6,c3562e2d9349,humanitaria,0.018826568423757507
6,cbda5ff38227,humanitaria,0.018826568423757507
6,d1f867f3ce0d,humanitaria,0.018826568423757507
6,d3864482b1cc,humanitaria,0.018826568423757507
6,d3b7d49f9133,humanitaria,0.018826568423757507
6,dbe581eaf411,humanitaria,0.018826568423757507
6,e54fd550f83a,humanitaria,0.018826568423757507
6,e63ad6b19e6a,humanitaria,0.03765313684751501
6,e6f409ef9b75,humanitaria,0.018826568423757507
6,e719d43df055,humanitaria,0.018826568423757507
6,e7e6471d8d08,humanitaria,0.018826568423757507
6,e908b895cfdc,humanitaria,0.018826568423757507
6,f1d6da691d80,humanitaria,0.018826568423757507
6,f8df33a0bed7,humanitaria,0.07530627369503003
6,fb7dfffdbe45,humanitaria,0.018826568423757507
6,3169e6a20c8b,alimentos,0.008767849086492632
6,512018e4b670,alimentos,0.008767849086492632
6,69fe1235d290,alimentos,0.017535698172985264
6,73105f496c9d,alimentos,0.008767849086492632
6,7f6183ceb4db,alimentos,0.008767849086492632
6,88e3815baa87,alimentos,0.008767849086492632
6,8f22a38fba39,alimentos,0.008767849086492632
6,d3b7d49f9133,alimentos,0.008767849086492632
6,0eceb4e2c434,humanitarias,0.00758195487219184
6,5fe4874309e2,humanitarias,0.00758195487219184
6,6881c4372f8a,humanitarias,0.00758195487219184
6,7bd19fcf3cfa,humanitarias,0.00758195487219184
6,a290cd939a2a,humanitarias,0.00758195487219184
6,a59fcec78cc4,humanitarias,0.01516390974438368
6,c2f0b78bdd17,humanitarias,0.00758195487219184
6,d1f867f3ce0d,humanitarias,0.00758195487219184
6,e54fd550f83a,humanitarias,0.00758195487219184
6,e63ad6b19e6a,humanitarias,0.00758195487219184
6,460d24f18102,terminal,0.006819438178383158
6,a6569a9c9d2e,terminal,0.006819438178383158
6,b7d2163f0f3d,terminal,0.013638876356766316
6,d3b7d49f9133,terminal,0.006819438178383158
6,d881a73f0891,terminal,0.006819438178383158
6,41662a74fa3e,bucaramanga,0.03722050573621449
6,4ece7132136c,bucaramanga,0.006203417622702415
6,cf027211d091,bucaramanga,0.006203417622702415
6,f09b18a53d8c,bucaramanga,0.006203417622702415
6,01a55f6e2bfc,ayudas,0.006193304225733303
6,01c9824c67eb,ayudas,0.006193304225733303
6,0eab3fd26823,ayudas,0.006193304225733303
6,0eceb4e2c434,ayudas,0.006193304225733303
6,185a9a73040a,ayudas,0.006193304225733303
6,22565df338df,ayudas,0.006193304225733303
6,25588123ba9f,ayudas,0.006193304225733303
6,288002336e77,ayudas,0.006193304225733303
6,382c0027e143,ayudas,0.006193304225733303
6,41662a74fa3e,ayudas,0.06193304225733303
6,47898d03e9ec,ayudas,0.006193304225733303
6,4f8c281ecd81,ayudas,0.006193304225733303
6,53c1984d329d,ayudas,0.012386608451466606
6,5969c82a3eb7,ayudas,0.006193304225733303
6,5fe4874309e2,ayudas,0.012386608451466606
6,6439f990b011,ayudas,0.012386608451466606
6,69fe1235d290,ayudas,0.018579912677199908
6,75c9dbc84410,ayudas,0.006193304225733303
6,7bd19fcf3cfa,ayudas,0.006193304225733303
6,7ce830d64919,ayudas,0.006193304225733303
6,7f6183ceb4db,ayudas,0.006193304225733303
6,82e37a8b57e0,ayudas,0.006193304225733303
6,874ab9c8c13c,ayudas,0.006193304225733303
6,88d62e8e059f,ayudas,0.006193304225733303
6,898bdb72ffa7,ayudas,0.006193304225733303
6,a290cd939a2a,ayudas,0.012386608451466606
6,a59fcec78cc4,ayudas,0.012386608451466606
6,a5b1e565a5b6,ayudas,0.006193304225733303
6,a91a9f9618e7,ayudas,0.006193304225733303
6,b7d2163f0f3d,ayudas,0.012386608451466606
6,ba65623de66c,ayudas,0.006193304225733303
6,c2f0b78bdd17,ayudas,0.006193304225733303
6,cb4ac043c9a2,ayudas,0.006193304225733303
6,d1f867f3ce0d,ayudas,0.006193304225733303
6,d3b7d49f9133,ayudas,0.006193304225733303
6,d8cb2af5b5b7,ayudas,0.006193304225733303
6,dc6642edcd75,ayudas,0.006193304225733303
6,e54fd550f83a,ayudas,0.018579912677199908
6,f21321abd593,ayudas,0.006193304225733303
6,f6195c2e45a8,ayudas,0.006193304225733303
6,f75b72879f1a,ayudas,0.006193304225733303
6,f9d6c94199a5,ayudas,0.018579912677199908
6,270749e6b663,mercado,0.005845232724328421
6,898bdb72ffa7,mercado,0.005845232724328421
6,d1f867f3ce0d,mercado,0.011690465448656841
6,e63ad6b19e6a,mercado,0.011690465448656841
6,f09b18a53d8c,mercado,0.005845232724328421
6,608f79704cbf,dinero,0.005845232724328421
6,7869e67ffa0e,dinero,0.011690465448656841
6,924d9c35fc08,dinero,0.005845232724328421
6,afe7c6a18d07,dinero,0.005845232724328421
6,d3b7d49f9133,dinero,0.005845232724328421
6,21d253a16688,alimentación,0.005514148997957702
6,42070e3f07d1,alimentación,0.011028297995915403
6,42a64dd883d9,alimentación,0.011028297995915403
6,7ca5b1d9e37f,alimentación,0.005514148997957702
6,7f6183ceb4db,alimentación,0.005514148997957702
6,e63ad6b19e6a,alimentación,0.005514148997957702
6,0a09225c81bb,económica,0.005458479238368295
6,0eab3fd26823,económica,0.005458479238368295
6,221fa9dcfc72,económica,0.005458479238368295
6,28123ed57f59,económica,0.005458479238368295
6,382c0027e143,económica,0.005458479238368295
6,3a57ba4e56f1,económica,0.005458479238368295
6,3b182d800abd,económica,0.01091695847673659
6,3dc2b7a2cf9f,económica,0.01091695847673659
6,41662a74fa3e,económica,0.005458479238368295
6,47898d03e9ec,económica,0.005458479238368295
6,4865387f4d2b,económica,0.005458479238368295
6,487f19ff25af,económica,0.005458479238368295
6,4a84bb2b0b3a,económica,0.005458479238368295
6,512018e4b670,económica,0.005458479238368295
6,5969c82a3eb7,económica,0.01091695847673659
6,691f9dbcafab,económica,0.005458479238368295
6,75c9dbc84410,económica,0.005458479238368295
6,88e3815baa87,económica,0.005458479238368295
6,898bdb72ffa7,económica,0.005458479238368295
6,a5b1e565a5b6,económica,0.016375437715104885
6,ba633b7960a9,económica,0.005458479238368295
6,c0c65ce10f8a,económica,0.005458479238368295
6,cd5c01dd37cb,económica,0.005458479238368295
6,dc6642edcd75,económica,0.005458479238368295
6,dfed16440fa7,económica,0.005458479238368295
6,f09b18a53d8c,económica,0.005458479238368295
6,f1d6da691d80,económica,0.005458479238368295
6,f5863c04b88e,económica,0.005458479238368295
6,ff4170cf835e,económica,0.005458479238368295
6,6d3883ec2cac,organización,0.005358129997301053
6,8cadaabfc46b,organización,0.005358129997301053
6,ba633b7960a9,organización,0.005358129997301053
6,cb4ac043c9a2,organización,0.005358129997301053
6,cd5c01dd37cb,organización,0.005358129997301053
6,d1f867f3ce0d,organización,0.010716259994602106
6,dfed16440fa7,organización,0.010716259994602106
6,e63ad6b19e6a,organización,0.005358129997301053
6,e719d43df055,organización,0.005358129997301053
6,fee9696650e5,organización,0.005358129997301053
6,21d253a16688,ipiales,0.009742054540547369
6,41662a74fa3e,ipiales,0.0048710272702736845
6,53c1984d329d,ipiales,0.0048710272702736845
6,7b41c71f72b3,ipiales,0.0048710272702736845
6,d17355b0878f,ipiales,0.0048710272702736845
6,d881a73f0891,ipiales,0.019484109081094738
6,5fe4874309e2,mujer,0.024355136351368423
6,6d3883ec2cac,mujer,0.009742054540547369
6,8f22a38fba39,mujer,0.0048710272702736845
6,be2290c9b620,mujer,0.0048710272702736845
6,e719d43df055,mujer,0.0048710272702736845
6,f196f2a726ed,mujer,0.0048710272702736845
6,0eab3fd26823,dando,0.0048710272702736845
6,221fa9dcfc72,dando,0.0048710272702736845
6,288002336e77,dando,0.0048710272702736845
6,29d93a2f169e,dando,0.009742054540547369
6,2ad1d2577df4,dando,0.0048710272702736845
6,47898d03e9ec,dando,0.0048710272702736845
6,4f8c281ecd81,dando,0.0048710272702736845
6,67bc1b1311b4,dando,0.0048710272702736845
6,82e37a8b57e0,dando,0.0048710272702736845
6,a290cd939a2a,dando,0.0048710272702736845
6,d3b7d49f9133,dando,0.0048710272702736845
6,e7a36fffd249,dando,0.0048710272702736845
6,106f48ba07b7,danés,0.004824880373212988
6,221fa9dcfc72,danés,0.004824880373212988
6,288002336e77,danés,0.004824880373212988
6,456815a6abe9,danés,0.009649760746425977
6,4b8af1d9e6e6,danés,0.004824880373212988
6,e54fd550f83a,danés,0.004824880373212988
6,0eceb4e2c434,comida,0.004383924543246316
6,0fc6850ce612,comida,0.004383924543246316
6,185a9a73040a,comida,0.004383924543246316
6,608f79704cbf,comida,0.008767849086492632
6,839a27087ef6,comida,0.004383924543246316
6,a290cd939a2a,comida,0.004383924543246316
6,cafa8a84785e,comida,0.004383924543246316
6,e63ad6b19e6a,comida,0.004383924543246316
6,f9d6c94199a5,comida,0.004383924543246316
6,069b1ec8e19a,arriendo,0.004293778763313116
6,0eceb4e2c434,arriendo,0.004293778763313116
6,360b473dd1ec,arriendo,0.004293778763313116
6,42070e3f07d1,arriendo,0.004293778763313116
6,5f53f39e9f4e,arriendo,0.004293778763313116
6,82e37a8b57e0,arriendo,0.004293778763313116
6,88e3815baa87,arriendo,0.004293778763313116
6,898bdb72ffa7,arriendo,0.004293778763313116
6,afd7d41bb0db,arriendo,0.004293778763313116
6,bef4069fd2da,arriendo,0.004293778763313116
6,e63ad6b19e6a,arriendo,0.004293778763313116
6,f09b18a53d8c,arriendo,0.004293778763313116
6,f6195c2e45a8,arriendo,0.004293778763313116
6,0eceb4e2c434,niños,0.004043317954346885
6,1b62f7b2e3ab,niños,0.004043317954346885
6,237cf28f02a2,niños,0.004043317954346885
6,487f19ff25af,niños,0.004043317954346885
6,512018e4b670,niños,0.004043317954346885
6,573e6c215f14,niños,0.004043317954346885
6,5f53f39e9f4e,niños,0.004043317954346885
6,637783960fda,niños,0.004043317954346885
6,6b65c7c3b3ef,niños,0.004043317954346885
6,9293ff00b6ee,niños,0.004043317954346885
6,93b56b2abdba,niños,0.004043317954346885
6,991321e4e058,niños,0.004043317954346885
6,a59fcec78cc4,niños,0.004043317954346885
6,c5ab76d9c28f,niños,0.004043317954346885
6,d1f867f3ce0d,niños,0.004043317954346885
6,e63ad6b19e6a,niños,0.004043317954346885
6,f196f2a726ed,niños,0.004043317954346885
6,f21321abd593,niños,0.004043317954346885
6,fee9696650e5,niños,0.004043317954346885
6,288002336e77,refugiados,0.0038968218162189474
6,29d93a2f169e,refugiados,0.0038968218162189474
6,456815a6abe9,refugiados,0.007793643632437895
6,4b8af1d9e6e6,refugiados,0.007793643632437895
6,cd5c01dd37cb,refugiados,0.0038968218162189474
6,dc6642edcd75,refugiados,0.0038968218162189474
6,7ce830d64919,inscribirme,0.0038968218162189474
6,bef4069fd2da,inscribirme,0.011690465448656841
6,7bd19fcf3cfa,emprendedores,0.0038968218162189474
6,88d62e8e059f,emprendedores,0.0038968218162189474
6,d1f867f3ce0d,emprendedores,0.007793643632437895
6,3a57ba4e56f1,riohacha,0.0038968218162189474
6,dad67fee72e3,riohacha,0.0038968218162189474
6,dfed16440fa7,riohacha,0.007793643632437895
6,069b1ec8e19a,subsidio,0.0034463431237235632
6,628e143864d2,subsidio,0.0034463431237235632
6,88d62e8e059f,subsidio,0.0068926862474471265
6,aafc94db1e25,subsidio,0.0034463431237235632
6,dc18e6c9c281,subsidio,0.0034463431237235632
6,fee9696650e5,subsidio,0.0034463431237235632
6,21d253a16688,pasto,0.0034463431237235632
6,3a57ba4e56f1,pasto,0.0034463431237235632
6,41662a74fa3e,pasto,0.0068926862474471265
6,7b41c71f72b3,pasto,0.0034463431237235632
6,cafa8a84785e,pasto,0.0068926862474471265
6,d881a73f0891,pasto,0.0034463431237235632
6,382c0027e143,económicas,0.0034463431237235632
6,41662a74fa3e,económicas,0.0034463431237235632
6,5969c82a3eb7,económicas,0.0034463431237235632
6,a5b1e565a5b6,económicas,0.0034463431237235632
6,dc6642edcd75,económicas,0.0034463431237235632
6,6439f990b011,inmigrantes,0.0068926862474471265
6,82e37a8b57e0,inmigrantes,0.0034463431237235632
6,b7d2163f0f3d,inmigrantes,0.0068926862474471265
6,0728fbb71e81,soltera,0.003436820261194852
6,0fc6850ce612,soltera,0.003436820261194852
6,185a9a73040a,soltera,0.003436820261194852
6,22565df338df,soltera,0.003436820261194852
6,237cf28f02a2,soltera,0.003436820261194852
6,270749e6b663,soltera,0.003436820261194852
6,3a57ba4e56f1,soltera,0.003436820261194852
6,3dc2b7a2cf9f,soltera,0.003436820261194852
6,512018e4b670,soltera,0.003436820261194852
6,628e143864d2,soltera,0.003436820261194852
6,9293ff00b6ee,soltera,0.003436820261194852
6,acb3b8186493,soltera,0.003436820261194852
6,ba633b7960a9,soltera,0.003436820261194852
6,d25bcb376566,soltera,0.003436820261194852
6,d665167a9732,soltera,0.003436820261194852
6,edec792c9b50,soltera,0.003436820261194852
6,f196f2a726ed,soltera,0.003436820261194852
6,f21321abd593,soltera,0.003436820261194852
6,08850488608f,fundación,0.003409719089191579
6,6881c4372f8a,fundación,0.003409719089191579
6,a91a9f9618e7,fundación,0.003409719089191579
6,e51aa2d7b4dc,fundación,0.003409719089191579
6,e54fd550f83a,fundación,0.006819438178383158
6,e7a36fffd249,fundación,0.003409719089191579
6,01a55f6e2bfc,madre,0.0032346543634775076
6,0728fbb71e81,madre,0.0032346543634775076
6,0fc6850ce612,madre,0.0032346543634775076
6,185a9a73040a,madre,0.0032346543634775076
6,270749e6b663,madre,0.0032346543634775076
6,3a57ba4e56f1,madre,0.0032346543634775076
6,3dc2b7a2cf9f,madre,0.0032346543634775076
6,512018e4b670,madre,0.0032346543634775076
6,5f7ccd4c3ba5,madre,0.0032346543634775076
6,628e143864d2,madre,0.0032346543634775076
6,9293ff00b6ee,madre,0.0032346543634775076
6,acb3b8186493,madre,0.0032346543634775076
6,d25bcb376566,madre,0.0032346543634775076
6,d3864482b1cc,madre,0.0032346543634775076
6,edec792c9b50,madre,0.0032346543634775076
6,f21321abd593,madre,0.0032346543634775076
6,fee9696650e5,madre,0.006469308726955015
6,288002336e77,personas,0.00297261606690908
6,4b8af1d9e6e6,personas,0.00297261606690908
6,637783960fda,personas,0.00297261606690908
6,6d3883ec2cac,personas,0.00297261606690908
6,88d62e8e059f,personas,0.00297261606690908
6,d1f867f3ce0d,personas,0.00297261606690908
6,d8cb2af5b5b7,personas,0.00297261606690908
6,e51aa2d7b4dc,personas,0.00297261606690908
6,0216c17c32b9,ando,0.0029226163621642104
6,0eab3fd26823,ando,0.0029226163621642104
6,21d253a16688,ando,0.0029226163621642104
6,221fa9dcfc72,ando,0.0029226163621642104
6,288002336e77,ando,0.0029226163621642104
6,29d93a2f169e,ando,0.005845232724328421
6,2ad1d2577df4,ando,0.0029226163621642104
6,3619dce82ba5,ando,0.0029226163621642104
6,42070e3f07d1,ando,0.0029226163621642104
6,47898d03e9ec,ando,0.0029226163621642104
6,4f8c281ecd81,ando,0.0029226163621642104
6,5969c82a3eb7,ando,0.0029226163621642104
6,5f3b1a98a0c9,ando,0.0029226163621642104
6,67bc1b1311b4,ando,0.0029226163621642104
6,7bd19fcf3cfa,ando,0.0029226163621642104
6,82e37a8b57e0,ando,0.0029226163621642104
6,a290cd939a2a,ando,0.0029226163621642104
6,a4038b45998a,ando,0.0029226163621642104
6,ba65623de66c,ando,0.0029226163621642104
6,cf027211d091,ando,0.0029226163621642104
6,d395c2b6bb31,ando,0.0029226163621642104
6,d3b7d49f9133,ando,0.005845232724328421
6,e54fd550f83a,ando,0.0029226163621642104
6,e7a36fffd249,ando,0.0029226163621642104
6,edec792c9b50,ando,0.0029226163621642104
6,aafc94db1e25,vivienda,0.0029226163621642104
6,c873b5d50419,vivienda,0.0029226163621642104
6,d3b7d49f9133,vivienda,0.0029226163621642104
6,15dc0f6bbd54,discapacidad,0.0029226163621642104
6,1b62f7b2e3ab,discapacidad,0.0029226163621642104
6,48158d6acbbe,discapacidad,0.0029226163621642104
6,566065ba27e3,discapacidad,0.0029226163621642104
6,6d3883ec2cac,discapacidad,0.0029226163621642104
6,d3864482b1cc,discapacidad,0.0029226163621642104
6,0eceb4e2c434,venezuela,0.002830322568042819
6,3619dce82ba5,venezuela,0.002830322568042819
6,4ebb7f683407,venezuela,0.002830322568042819
6,53c1984d329d,venezuela,0.002830322568042819
6,573e6c215f14,venezuela,0.002830322568042819
6,67e2bbaedc66,venezuela,0.002830322568042819
6,6b65c7c3b3ef,venezuela,0.002830322568042819
6,afe7c6a18d07,venezuela,0.002830322568042819
6,c3562e2d9349,venezuela,0.002830322568042819
6,d17355b0878f,venezuela,0.002830322568042819
6,d665167a9732,venezuela,0.002830322568042819
6,dcc6416eec45,venezuela,0.002830322568042819
6,de1ded63645a,venezuela,0.002830322568042819
6,e719d43df055,venezuela,0.002830322568042819
6,15dc0f6bbd54,contra,0.002757074498978851
6,41662a74fa3e,contra,0.005514148997957702
6,42a64dd883d9,contra,0.002757074498978851
6,53c1984d329d,contra,0.002757074498978851
6,ba65623de66c,contra,0.002757074498978851
6,d3b7d49f9133,contra,0.002757074498978851
6,d881a73f0891,contra,0.005514148997957702
6,dfed16440fa7,contra,0.002757074498978851
6,0216c17c32b9,transporte,0.002757074498978851
6,680eb65432dc,transporte,0.002757074498978851
6,9d06a9320c10,transporte,0.002757074498978851
6,d17355b0878f,transporte,0.002757074498978851
6,08850488608f,ayude,0.002757074498978851
6,0eceb4e2c434,ayude,0.002757074498978851
6,573e6c215f14,ayude,0.002757074498978851
6,637783960fda,ayude,0.002757074498978851
6,86589ef84d58,ayude,0.002757074498978851
6,be2290c9b620,ayude,0.002757074498978851
6,c5ab76d9c28f,ayude,0.002757074498978851
6,cf027211d091,ayude,0.002757074498978851
6,dfed16440fa7,ayude,0.002757074498978851
6,e51aa2d7b4dc,ayude,0.002757074498978851
6,6009b77e7f5b,servicio,0.002642325392808071
6,608f79704cbf,servicio,0.002642325392808071
6,680eb65432dc,servicio,0.002642325392808071
6,6d3883ec2cac,servicio,0.002642325392808071
6,7a7dab29bc17,servicio,0.005284650785616142
6,9d06a9320c10,servicio,0.002642325392808071
6,afe7c6a18d07,servicio,0.002642325392808071
6,b7d2163f0f3d,servicio,0.002642325392808071
6,cd5c01dd37cb,servicio,0.002642325392808071
6,dc6642edcd75,servicio,0.005284650785616142
6,e2bde1255941,servicio,0.002642325392808071
6,f6195c2e45a8,servicio,0.002642325392808071
6,ff4170cf835e,servicio,0.002642325392808071
6,2b4cbbc49e4e,asistencia,0.0026281566703254752
6,2eebe3247bca,asistencia,0.0026281566703254752
6,48158d6acbbe,asistencia,0.0026281566703254752
6,49fa6cf2fedc,asistencia,0.0026281566703254752
6,5f7ccd4c3ba5,asistencia,0.0026281566703254752
6,69fe1235d290,asistencia,0.0026281566703254752
6,793e692bb495,asistencia,0.0026281566703254752
6,7f6183ceb4db,asistencia,0.0026281566703254752
6,88e3815baa87,asistencia,0.0026281566703254752
6,cbda5ff38227,asistencia,0.0026281566703254752
6,dbe581eaf411,asistencia,0.0026281566703254752
6,f6195c2e45a8,asistencia,0.0026281566703254752
6,f8df33a0bed7,asistencia,0.0052563133406509505
6,3169e6a20c8b,desempleada,0.0024355136351368423
6,3a57ba4e56f1,desempleada,0.0024355136351368423
6,3dc2b7a2cf9f,desempleada,0.0024355136351368423
6,88d62e8e059f,desempleada,0.0024355136351368423
6,991321e4e058,desempleada,0.0024355136351368423
6,e719d43df055,desempleada,0.0024355136351368423
7,00e2a21037ac,emprendimiento,0.025857234987985582
7,04cb2517ef64,emprendimiento,0.025857234987985582
7,09c51cd233c6,emprendimiento,0.025857234987985582
7,0b28baceb4e4,emprendimiento,0.025857234987985582
7,0bfd5269e6c5,emprendimiento,0.051714469975971164
7,0e4de81613cf,emprendimiento,0.025857234987985582
7,11d359d29a07,emprendimiento,0.025857234987985582
7,25e0bb818fe7,emprendimiento,0.025857234987985582
7,2d0b3adde136,emprendimiento,0.025857234987985582
7,32fdecd17449,emprendimiento,0.051714469975971164
7,3f19ea2f9725,emprendimiento,0.025857234987985582
7,40ac2feac7f3,emprendimiento,0.025857234987985582
7,456b1a830844,emprendimiento,0.025857234987985582
7,4cc91e57a91d,emprendimiento,0.025857234987985582
7,4e12c755f3f2,emprendimiento,0.025857234987985582
7,56a94c18bdd6,emprendimiento,0.025857234987985582
7,59829190fdf2,emprendimiento,0.025857234987985582
7,5a7576901649,emprendimiento,0.025857234987985582
7,667ce8497a5f,emprendimiento,0.025857234987985582
7,6695107cea34,emprendimiento,0.025857234987985582
7,66aee72311ce,emprendimiento,0.025857234987985582
7,6a18d4161c22,emprendimiento,0.025857234987985582
7,70c15978d565,emprendimiento,0.025857234987985582
7,756b9018a551,emprendimiento,0.025857234987985582
7,7decc9eebcb2,emprendimiento,0.025857234987985582
7,809306d0866c,emprendimiento,0.025857234987985582
7,82bbe02beb1c,emprendimiento,0.025857234987985582
7,84341a8e0b7e,emprendimiento,0.025857234987985582
7,8483c94fc824,emprendimiento,0.025857234987985582
7,886c4de0e15e,emprendimiento,0.025857234987985582
7,8adfd0f355e9,emprendimiento,0.025857234987985582
7,9716f9eb2deb,emprendimiento,0.025857234987985582
7,9c6992dafeae,emprendimiento,0.025857234987985582
7,9c7d2b9f7321,emprendimiento,0.025857234987985582
7,9f2d3768beb5,emprendimiento,0.025857234987985582
7,a1956d73d403,emprendimiento,0.025857234987985582
7,a57647c83ab8,emprendimiento,0.025857234987985582
7,a5f1f43e9efd,emprendimiento,0.025857234987985582
7,a9cf96884101,emprendimiento,0.025857234987985582
7,b094ff31751a,emprendimiento,0.025857234987985582
7,baa48a021da1,emprendimiento,0.051714469975971164
7,bb9ab96cf213,emprendimiento,0.051714469975971164
7,bdf1985b72f0,emprendimiento,0.025857234987985582
7,c3162b9d1443,emprendimiento,0.025857234987985582
7,c802a23c8e42,emprendimiento,0.025857234987985582
7,c9ea75e2113a,emprendimiento,0.025857234987985582
7,d1708ab4ac5b,emprendimiento,0.025857234987985582
7,d1939489a003,emprendimiento,0.025857234987985582
7,d1c4e8d8c4d7,emprendimiento,0.025857234987985582
7,d254704c670d,emprendimiento,0.025857234987985582
7,db64856f9ace,emprendimiento,0.025857234987985582
7,dddc6142ec46,emprendimiento,0.025857234987985582
7,e1f13dfde3bc,emprendimiento,0.025857234987985582
7,e322ca23cf78,emprendimiento,0.025857234987985582
7,e774b802cdb6,emprendimiento,0.025857234987985582
7,e8cd996ab9b0,emprendimiento,0.025857234987985582
7,e9351eb195d7,emprendimiento,0.025857234987985582
7,ebb0abd50de4,emprendimiento,0.051714469975971164
7,ec1a34a77cca,emprendimiento,0.025857234987985582
7,edfb20856421,emprendimiento,0.025857234987985582
7,f2540154103f,emprendimiento,0.025857234987985582
7,f3141ba1bdbf,emprendimiento,0.025857234987985582
7,f3715af00e54,emprendimiento,0.025857234987985582
7,f655c3640a9c,emprendimiento,0.025857234987985582
7,f77d7d730827,emprendimiento,0.051714469975971164
7,f9dabca94541,emprendimiento,0.025857234987985582
7,ff48f45207bd,emprendimiento,0.051714469975971164
7,a1956d73d403,capital,0.02003315550751287
7,bb9ab96cf213,capital,0.02003315550751287
7,e8cd996ab9b0,capital,0.02003315550751287
7,edfb20856421,capital,0.02003315550751287
7,ff48f45207bd,capital,0.02003315550751287
7,049ef16eb70d,negocio,0.014173833136007603
7,09c51cd233c6,negocio,0.014173833136007603
7,3f19ea2f9725,negocio,0.014173833136007603
7,ad94b6ca4670,negocio,0.028347666272015206
7,bdf1985b72f0,negocio,0.014173833136007603
7,0bfd5269e6c5,emprendimientos,0.014023208855259008
7,0e4de81613cf,emprendimientos,0.014023208855259008
7,25e0bb818fe7,emprendimientos,0.014023208855259008
7,bdf1985b72f0,emprendimientos,0.014023208855259008
7,c9ea75e2113a,emprendimientos,0.014023208855259008
7,e8cd996ab9b0,emprendimientos,0.014023208855259008
7,ebb0abd50de4,emprendimientos,0.014023208855259008
7,7ee3b09b8ecf,emprendedores,0.012019893304507721
7,bea69498fbd0,emprendedores,0.012019893304507721
7,e8cd996ab9b0,emprendedores,0.012019893304507721
7,25e0bb818fe7,empleabilidad,0.008504299881604562
7,9c6992dafeae,empleabilidad,0.008504299881604562
7,a9cf96884101,empleabilidad,0.008504299881604562
7,11d359d29a07,apoyo,0.008314510764502337
7,40ac2feac7f3,apoyo,0.008314510764502337
7,4e12c755f3f2,apoyo,0.016629021529004674
7,56a94c18bdd6,apoyo,0.008314510764502337
7,8483c94fc824,apoyo,0.008314510764502337
7,e1f13dfde3bc,apoyo,0.016629021529004674
7,e8cd996ab9b0,apoyo,0.016629021529004674
7,ec1a34a77cca,apoyo,0.008314510764502337
7,e1f13dfde3bc,específica,0.008013262203005148
7,ec1a34a77cca,específica,0.008013262203005148
7,130232130f4e,buscando,0.006009946652253861
7,ad0d0436a635,buscando,0.006009946652253861
7,fb0e60c91527,buscando,0.006009946652253861
7,32fdecd17449,programas,0.005669533254403041
7,8483c94fc824,programas,0.005669533254403041
7,56a94c18bdd6,pasto,0.011339066508806082
7,049ef16eb70d,brindan,0.005669533254403041
7,9c6992dafeae,brindan,0.005669533254403041
7,bea69498fbd0,brindan,0.005669533254403041
7,0bfd5269e6c5,barranquilla,0.0041572553822511685
7,3e6779b22da8,barranquilla,0.0041572553822511685
7,456b1a830844,barranquilla,0.0041572553822511685
7,6695107cea34,barranquilla,0.0041572553822511685
7,d1939489a003,barranquilla,0.0041572553822511685
7,a1956d73d403,emprender,0.0041572553822511685
7,ad94b6ca4670,emprender,0.0041572553822511685
7,c802a23c8e42,emprender,0.0041572553822511685
7,ed9ff7f912e4,emprender,0.008314510764502337
7,bea69498fbd0,ustedes,0.004075175976119095
7,e1f13dfde3bc,ustedes,0.004075175976119095
7,ebb0abd50de4,ustedes,0.004075175976119095
7,674c5db7c145,difícil,0.004006631101502574
7,e322ca23cf78,difícil,0.004006631101502574
7,09c51cd233c6,comida,0.004006631101502574
7,ad94b6ca4670,comida,0.004006631101502574
7,f3715af00e54,comida,0.004006631101502574
7,f77d7d730827,comida,0.004006631101502574
7,e1f13dfde3bc,aplicar,0.004006631101502574
7,ebb0abd50de4,aplicar,0.004006631101502574
7,56a94c18bdd6,contacto,0.004006631101502574
7,11d359d29a07,danes,0.004006631101502574
7,b094ff31751a,danes,0.004006631101502574
7,0e4de81613cf,ayudas,0.0034733599237592575
7,667ce8497a5f,ayudas,0.0034733599237592575
7,a57647c83ab8,ayudas,0.0034733599237592575
7,b094ff31751a,ayudas,0.0034733599237592575
7,c9ea75e2113a,ayudas,0.0034733599237592575
7,ec1a34a77cca,ayudas,0.0034733599237592575
7,f3141ba1bdbf,ayudas,0.0034733599237592575
7,f3715af00e54,ayudas,0.006946719847518515
7,2d0b3adde136,económica,0.0033258043058009344
7,809306d0866c,económica,0.0033258043058009344
7,ad94b6ca4670,económica,0.0033258043058009344
7,b094ff31751a,económica,0.0033258043058009344
7,bea69498fbd0,económica,0.0033258043058009344
7,f3715af00e54,económica,0.0033258043058009344
7,b094ff31751a,económicas,0.0028347666272015206
7,a5f1f43e9efd,haciendo,0.0028347666272015206
7,56a94c18bdd6,busco,0.0028347666272015206
7,56a94c18bdd6,sena,0.0028347666272015206
7,049ef16eb70d,tarde,0.0028347666272015206
7,40ac2feac7f3,tarde,0.0028347666272015206
7,4e12c755f3f2,tarde,0.0028347666272015206
7,bea69498fbd0,tarde,0.0028347666272015206
7,ed9ff7f912e4,salido,0.0028347666272015206
7,049ef16eb70d,brinda,0.0027167839840793965
7,11d359d29a07,brinda,0.0027167839840793965
7,84341a8e0b7e,brinda,0.0027167839840793965
7,9c6992dafeae,brinda,0.0027167839840793965
7,bea69498fbd0,brinda,0.0027167839840793965
7,edfb20856421,brinda,0.0027167839840793965
7,66aee72311ce,servicio,0.0027167839840793965
7,9c6992dafeae,servicio,0.0027167839840793965
7,e9351eb195d7,servicio,0.0027167839840793965
7,f3715af00e54,servicio,0.0027167839840793965
7,756b9018a551,económicos,0.0027167839840793965
7,edfb20856421,económicos,0.0027167839840793965
7,11d359d29a07,consejo,0.0027167839840793965
7,b094ff31751a,consejo,0.0027167839840793965
7,d1c4e8d8c4d7,consejo,0.0027167839840793965
7,e1f13dfde3bc,beneficios,0.0024943532293507007
7,edfb20856421,beneficios,0.004988706458701401
7,32fdecd17449,empleos,0.0024943532293507007
7,809306d0866c,empleos,0.0024943532293507007
7,b094ff31751a,empleos,0.0024943532293507007
7,0bfd5269e6c5,venezolanos,0.0023155732825061717
7,e1f13dfde3bc,venezolanos,0.0023155732825061717
7,f3715af00e54,venezolanos,0.009262293130024687
7,756b9018a551,curso,0.002003315550751287
7,ebb0abd50de4,curso,0.002003315550751287
7,e1f13dfde3bc,iniciar,0.002003315550751287
7,ec1a34a77cca,falta,0.002003315550751287
7,f2ba4d6f6eff,encontrar,0.002003315550751287
7,e1f13dfde3bc,cierto,0.002003315550751287
